{
  "Commit": "e9ebca0",
  "step count": 108257,
  "node count": 384,
  "elem count": 329,
  "final_time": 0.050000138405314,
  "E_total": 144002.904506013088394,
  "E_kin": 181.258286601649928,
  "E_int": 143821.646219411428319,
  "u_L2": 0.673566352900681,
  "u_max": 0.050001040830966,
  "threads_used": 1
}
