{
  "Commit": "a45c122",
  "step count": 118,
  "node count": 825,
  "elem count": 767,
  "final_time": 0.025,
  "E_total": 0.00160613836197,
  "E_kin": 0.00160613836197,
  "E_int": 0.0,
  "u_L2": 0.03757462198602,
  "u_max": 0.001344690341865,
  "threads_used": 1,
  "reference_updated_at": "2026-06-25T15:51:16.876547+00:00"
}
