$MeshFormat
4.1 0 8
$EndMeshFormat
$Entities
6 9 5 1
1 0 -0.008 0 0 
2 0.008 0 0 0 
3 0.008 0 0.1 0 
4 0 -0.008 0.1 0 
5 0 0.008 0 0 
6 0 0.008 0.1 0 
1 -1.000000000002735e-07 -0.0080001 -1e-07 0.0080001 9.999999999940612e-08 1e-07 0 2 1 -2 
2 0.007999900000000001 -1e-07 -1.000000000028756e-07 0.0080001 1e-07 0.1000001 0 2 2 -3 
3 -1.000000000002735e-07 -0.0080001 0.0999999 0.0080001 9.999999999940612e-08 0.1000001 0 2 4 -3 
4 -1e-07 -0.0080001 -1.000000000028756e-07 1e-07 -0.007999900000000001 0.1000001 0 2 1 -4 
5 -9.999999999853876e-08 -1.000000000011408e-07 -1e-07 0.0080001 0.0080001 1e-07 0 2 2 -5 
6 -1e-07 0.007999900000000001 -1.000000000028756e-07 1e-07 0.0080001 0.1000001 0 2 5 -6 
7 -9.999999999853876e-08 -1.000000000011408e-07 0.0999999 0.0080001 0.0080001 0.1000001 0 2 3 -6 
8 -1e-07 -0.0080001 0.0999999 1e-07 0.0080001 0.1000001 0 2 6 -4 
9 -1e-07 -0.0080001 -1e-07 1e-07 0.0080001 1e-07 0 2 5 -1 
1 -1.000000033092585e-07 -0.0080001 -1.000000000028756e-07 0.0080001 9.999999834534729e-08 0.1000001 0 4 1 2 -3 -4 
2 -9.999999917281038e-08 -1.000000033101259e-07 -1.000000000028756e-07 0.0080001 0.0080001 0.1000001 0 4 5 6 -7 -2 
3 -1e-07 -0.0080001 -1.000000000028756e-07 1e-07 0.0080001 0.1000001 0 4 6 8 -4 -9 
4 -1.000000000002735e-07 -0.0080001 -1e-07 0.0080001 0.0080001 1e-07 0 3 1 5 9 
5 -1.000000000002735e-07 -0.0080001 0.0999999 0.0080001 0.0080001 0.1000001 0 3 3 7 8 
1 -1.000000033092585e-07 -0.0080001 -1.000000000028756e-07 0.0080001 0.0080001 0.1000001 0 5 1 2 -3 -4 5 
$EndEntities
$Nodes
21 707 1 707
0 1 0 1
1
0 -0.008 0
0 2 0 1
2
0.008 0 0
0 3 0 1
3
0.008 0 0.1
0 4 0 1
4
0 -0.008 0.1
0 5 0 1
5
0 0.008 0
0 6 0 1
6
0 0.008 0.1
1 1 0 4
7
8
9
10
0.002472135954999579 -0.00760845213036123 0
0.00470228201833979 -0.006472135954999576 0
0.006472135954999583 -0.00470228201833978 0
0.007608452130361229 -0.00247213595499958 0
1 2 0 33
11
12
13
14
15
16
17
18
19
20
21
22
23
24
25
26
27
28
29
30
31
32
33
34
35
36
37
38
39
40
41
42
43
0.008 0 0.002941176470588237
0.008 0 0.005882352941176475
0.008 0 0.008823529411764711
0.008 0 0.01176470588235295
0.008 0 0.01470588235294119
0.008 0 0.01764705882352942
0.008 0 0.02058823529411766
0.008 0 0.0235294117647059
0.008 0 0.02647058823529414
0.008 0 0.02941176470588238
0.008 0 0.03235294117647062
0.008 0 0.03529411764705885
0.008 0 0.03823529411764708
0.008 0 0.04117647058823532
0.008 0 0.04411764705882355
0.008 0 0.04705882352941179
0.008 0 0.05000000000000002
0.008 0 0.05294117647058825
0.008 0 0.05588235294117648
0.008 0 0.05882352941176471
0.008 0 0.06176470588235293
0.008 0 0.06470588235294117
0.008 0 0.06764705882352941
0.008 0 0.07058823529411762
0.008 0 0.07352941176470586
0.008 0 0.0764705882352941
0.008 0 0.07941176470588233
0.008 0 0.08235294117647057
0.008 0 0.0852941176470588
0.008 0 0.08823529411764704
0.008 0 0.09117647058823528
0.008 0 0.0941176470588235
0.008 0 0.09705882352941174
1 3 0 4
44
45
46
47
0.002472135954999579 -0.00760845213036123 0.1
0.00470228201833979 -0.006472135954999576 0.1
0.006472135954999583 -0.00470228201833978 0.1
0.007608452130361229 -0.00247213595499958 0.1
1 4 0 33
48
49
50
51
52
53
54
55
56
57
58
59
60
61
62
63
64
65
66
67
68
69
70
71
72
73
74
75
76
77
78
79
80
0 -0.008 0.002941176470588237
0 -0.008 0.005882352941176475
0 -0.008 0.008823529411764711
0 -0.008 0.01176470588235295
0 -0.008 0.01470588235294119
0 -0.008 0.01764705882352942
0 -0.008 0.02058823529411766
0 -0.008 0.0235294117647059
0 -0.008 0.02647058823529414
0 -0.008 0.02941176470588238
0 -0.008 0.03235294117647062
0 -0.008 0.03529411764705885
0 -0.008 0.03823529411764708
0 -0.008 0.04117647058823532
0 -0.008 0.04411764705882355
0 -0.008 0.04705882352941179
0 -0.008 0.05000000000000002
0 -0.008 0.05294117647058825
0 -0.008 0.05588235294117648
0 -0.008 0.05882352941176471
0 -0.008 0.06176470588235293
0 -0.008 0.06470588235294117
0 -0.008 0.06764705882352941
0 -0.008 0.07058823529411762
0 -0.008 0.07352941176470586
0 -0.008 0.0764705882352941
0 -0.008 0.07941176470588233
0 -0.008 0.08235294117647057
0 -0.008 0.0852941176470588
0 -0.008 0.08823529411764704
0 -0.008 0.09117647058823528
0 -0.008 0.0941176470588235
0 -0.008 0.09705882352941174
1 5 0 4
81
82
83
84
0.00760845213036123 0.002472135954999575 0
0.006472135954999582 0.004702282018339781 0
0.004702282018339793 0.006472135954999575 0
0.002472135954999581 0.007608452130361229 0
1 6 0 33
85
86
87
88
89
90
91
92
93
94
95
96
97
98
99
100
101
102
103
104
105
106
107
108
109
110
111
112
113
114
115
116
117
0 0.008 0.002941176470588237
0 0.008 0.005882352941176475
0 0.008 0.008823529411764711
0 0.008 0.01176470588235295
0 0.008 0.01470588235294119
0 0.008 0.01764705882352942
0 0.008 0.02058823529411766
0 0.008 0.0235294117647059
0 0.008 0.02647058823529414
0 0.008 0.02941176470588238
0 0.008 0.03235294117647062
0 0.008 0.03529411764705885
0 0.008 0.03823529411764708
0 0.008 0.04117647058823532
0 0.008 0.04411764705882355
0 0.008 0.04705882352941179
0 0.008 0.05000000000000002
0 0.008 0.05294117647058825
0 0.008 0.05588235294117648
0 0.008 0.05882352941176471
0 0.008 0.06176470588235293
0 0.008 0.06470588235294117
0 0.008 0.06764705882352941
0 0.008 0.07058823529411762
0 0.008 0.07352941176470586
0 0.008 0.0764705882352941
0 0.008 0.07941176470588233
0 0.008 0.08235294117647057
0 0.008 0.0852941176470588
0 0.008 0.08823529411764704
0 0.008 0.09117647058823528
0 0.008 0.0941176470588235
0 0.008 0.09705882352941174
1 7 0 4
118
119
120
121
0.00760845213036123 0.002472135954999575 0.1
0.006472135954999582 0.004702282018339781 0.1
0.004702282018339793 0.006472135954999575 0.1
0.002472135954999581 0.007608452130361229 0.1
1 8 0 5
122
123
124
125
126
0 0.005333333333333337 0.1
0 0.002666666666666677 0.1
0 1.214306433183765e-17 0.1
0 -0.002666666666666659 0.1
0 -0.005333333333333329 0.1
1 9 0 5
127
128
129
130
131
0 0.005333333333333337 0
0 0.002666666666666677 0
0 1.214306433183765e-17 0
0 -0.002666666666666659 0
0 -0.005333333333333329 0
2 1 0 145
132
133
134
135
136
137
138
139
140
141
142
143
144
145
146
147
148
149
150
151
152
153
154
155
156
157
158
159
160
161
162
163
164
165
166
167
168
169
170
171
172
173
174
175
176
177
178
179
180
181
182
183
184
185
186
187
188
189
190
191
192
193
194
195
196
197
198
199
200
201
202
203
204
205
206
207
208
209
210
211
212
213
214
215
216
217
218
219
220
221
222
223
224
225
226
227
228
229
230
231
232
233
234
235
236
237
238
239
240
241
242
243
244
245
246
247
248
249
250
251
252
253
254
255
256
257
258
259
260
261
262
263
264
265
266
267
268
269
270
271
272
273
274
275
276
0.005656854249492384 -0.005656854249492378 0.09783461931513233
0.005656854249492386 -0.005656854249492375 0.002165380684867665
0.002514650002638072 -0.007594506920415067 0.06911764705882351
0.007594506920415329 -0.002514650002637281 0.05441176470588237
0.002514650002638085 -0.007594506920415063 0.08382352941176469
0.007594506920415329 -0.002514650002637281 0.06029411764705882
0.002514650002638085 -0.007594506920415063 0.0485294117647059
0.007594506920415327 -0.002514650002637287 0.08970588235294116
0.002514012080357838 -0.007594718115889151 0.0338222393607452
0.002514650002638085 -0.007594506920415063 0.0397058823529412
0.002508492909632731 -0.007596542853319681 0.01682169895171508
0.007594506920415326 -0.002514650002637291 0.01029411764705883
0.007594506920415326 -0.002514650002637291 0.02205882352941178
0.007594507702213615 -0.00251464764152318 0.07499999581620205
0.00760455238744491 -0.00248410607394409 0.0274314991427347
0.00251465000263787 -0.007594506920415135 0.09264705882352939
0.002514650002637877 -0.007594506920415132 0.007352941176470593
0.002514650002815824 -0.007594506920356211 0.05735294117647059
0.00251465000281583 -0.007594506920356209 0.06323529411764706
0.002514650002815837 -0.007594506920356206 0.02500000000000002
0.002514650002815837 -0.007594506920356206 0.07794117647058821
0.007594506920453818 -0.002514650002521039 0.04264705882352944
0.007596206367346081 -0.002509511670562793 0.03745285865954934
0.007594699156645751 -0.00251406935466075 0.06617332135481661
0.00759431567558765 -0.002515227508501706 0.08087865254696491
0.007594154865640717 -0.002515712995686396 0.04852732087551056
0.007596690345938947 -0.002508046209286821 0.01553505399942732
0.007594506920415335 -0.002514650002637264 0.09558823529411761
0.007594506920415333 -0.002514650002637267 0.004411764705882356
0.007600250854383244 -0.002497235861997574 0.00732742415938321
0.006441082710739309 -0.004744729024234699 0.008782048387735884
0.006410110528903392 -0.004786489633044438 0.01169108053073819
0.004617241618229826 -0.006533075832935541 0.01076866189022316
0.0045756411345109 -0.006562279193098371 0.01311527524310149
0.00759949504967753 -0.002499534954731924 0.09266601380838463
0.006444657958920703 -0.004739871706335526 0.09125681643089588
0.006410020118281601 -0.004786610709387712 0.08829201126010155
0.00461246456405289 -0.006536449391325261 0.08922642633878863
0.004571009795025478 -0.006565506031813629 0.0868754607675926
0.006392957918250963 -0.004809375121101735 0.08544249195848805
0.006470064049974945 -0.004705132430572152 0.09411794150252838
0.006448911234208364 -0.004734083215713593 0.005884915056134335
0.006390509850318668 -0.004812627541476701 0.01402911475596799
0.00251465000263584 -0.007594506920415807 0.004411764705882356
0.002500606854364981 -0.007599142409502725 0.09556294387623898
0.007594937420261391 -0.002513349474767336 0.07206116608665389
0.00641965992164453 -0.00477367431759132 0.07353084259872056
0.006419860230734637 -0.00477340492917077 0.07059831168743473
0.006420384909685129 -0.004772699195579738 0.07646963594608765
0.00459334753373863 -0.006549897589603768 0.074999412677657
0.007595300506038516 -0.002512252022184691 0.06912146434311797
0.004594422801762922 -0.00654914338815703 0.07205938316945347
0.007594164406245484 -0.002515684195385855 0.07793941066170015
0.006419841146170343 -0.004773430596325692 0.07940944160057557
0.006418310371104559 -0.004775488664018758 0.08235065427765528
0.004593806420533624 -0.006549575755013759 0.08087785585488116
0.007593977447346574 -0.002516248503067935 0.08679181485023887
0.007594003782380135 -0.002516169023177142 0.08384218483736976
0.007594947849312601 -0.002513317959634617 0.06323518819811369
0.006423457096701578 -0.00476856361253933 0.06534516658205564
0.006419987243808039 -0.004773234101669649 0.06779983401069258
0.004614135242203542 -0.006535270152538093 0.06675440234078994
0.00759546939193233 -0.0025117413712839 0.03996708477844624
0.006424705164206387 -0.004766881952914272 0.04207371482213653
0.006419813031051469 -0.004773468408436548 0.04458389887527334
0.00459271791899497 -0.006550339084088893 0.04264296102082784
0.004590926657408137 -0.006551594647587666 0.04558414583344893
0.007593216150867678 -0.002518544914469913 0.04558589608761767
0.006417581752719258 -0.004776467779349591 0.04712553010671668
0.006417857325762442 -0.00477609750174317 0.05002828719772485
0.007593710335451618 -0.002517054497076947 0.05146315541438789
0.006417911895896473 -0.00477602417252159 0.05295368199639659
0.006419270304833385 -0.004774198231481837 0.05588289554704447
0.004590649650493469 -0.006551788747084584 0.05441172527020899
0.004588781727395349 -0.006553097150075113 0.05147048052131289
0.007594144649626816 -0.002515743834444278 0.05735231912589175
0.00641738936567879 -0.004776726256472394 0.05882181951887162
0.002514769691769345 -0.007594467288583072 0.03088323089848419
0.004774381711866271 -0.00641913384105651 0.03235294117646859
0.004771924137820857 -0.006420960989048498 0.03528994002864266
0.004772976265850004 -0.006420178935639766 0.02941280361489674
0.006547203523778946 -0.004597186750417754 0.03313466012610695
0.006550118735227714 -0.004593032174328731 0.03088235294116906
0.002514816055675197 -0.007594451935862011 0.02205975958391478
0.004774381711941928 -0.006419133841000238 0.02352941176454492
0.004774381711788305 -0.006419133841114499 0.02058823529395576
0.002513011765158007 -0.007595049168252792 0.01942042591622925
0.00476998044023163 -0.006422405047940193 0.01833620993364569
0.006550606202419996 -0.004592336919349088 0.0191746538041895
0.004773282423192094 -0.006419951316672535 0.02646824567796909
0.006516191606585835 -0.004641039425199954 0.02496088494475546
0.002514710872610534 -0.007594486765224781 0.02794201477708887
0.002513349474766843 -0.007594937420261554 0.06029646020430201
0.004766902828119813 -0.00642468967556125 0.06140786549635258
0.007595780056202189 -0.002510801732077042 0.01286186413841769
0.002514047307905026 -0.00759470645473645 0.03676360159689951
0.00477646171628518 -0.00641758626532297 0.03758711512162183
0.003622737372212819 -0.007132725561240427 0.002171190013961065
0.007128052193506945 -0.00363192399791637 0.002165380684868322
0.007132725561237727 -0.003622737372218135 0.09782880998604233
0.003631923997916375 -0.007128052193506942 0.09783461931513167
0.00454849818091649 -0.006581121811530264 0.09411644505065733
0.004531947790625517 -0.006592529804486627 0.005882352941174848
0.002227355082747221 -0.007683676810964925 0.01087168413352217
0.002224166155181445 -0.007684600504524968 0.0891266872919585
0.007669232082418872 -0.002276593785899692 0.01894498184851118
0.004856590474350571 -0.006357163594280652 0.06911865049690513
0.002204016476159123 -0.007690403849787027 0.08088235294117646
0.002204412937354389 -0.007690290215695673 0.07205882352941173
0.006357380248904683 -0.004856306865390265 0.0279389796562925
0.006357782782937604 -0.004855779863727574 0.02205882352910691
0.00768083583671663 -0.002237132282501315 0.02491924042469426
0.006512180636545267 -0.004646665832293611 0.03922055566563071
0.006548342989333011 -0.004595563523013603 0.06200460308734734
0.002203717882058899 -0.007690489418515173 0.07499999999999998
0.007561851523830436 -0.002611206910902183 0.03235294117646789
0.002203506504703526 -0.007690549985776652 0.06617647058823528
0.004855744504358907 -0.006357809788629122 0.07794076643849156
0.002203312544414174 -0.007690605556887386 0.04264705882352944
0.004507328638845882 -0.006609386396742116 0.05882572550696608
0.004852726845873282 -0.006360113376296113 0.08381014154904523
0.002202154771689658 -0.00769093715755918 0.04558823529411767
0.004854851068674788 -0.00635849204615271 0.04852823826802126
0.002201974079424425 -0.007690988893084098 0.05441176470588237
0.002200766884589021 -0.00769133441736194 0.05147058823529414
0.002193713162506983 -0.007693349242081995 0.01323529411764707
0.002190510761118283 -0.007694261667335275 0.08676470588235291
0.004445124481764621 -0.006651380934935001 0.01539578334351828
0.006642061613315079 -0.00445903773531087 0.01685476956419732
0.004993614753494416 -0.006250104934613731 0.008030750303653507
0.004996529740166137 -0.006247774848346836 0.09197131482439716
0.004809266443454043 -0.006393039674197783 0.05668489959047362
0.007717561999218268 -0.002106949640646911 0.03016147017399644
0.007676732603453947 -0.002251172257972987 0.03474524814906086
0.006521103475193596 -0.004634135244661943 0.03649804040174164
0.006472135954999329 -0.004702282018340129 0.00381013378451233
0.006472937356043632 -0.004701178786723057 0.09619218511113356
0.004701189921539301 -0.006472929269010847 0.00381376823368792
0.00470299812768965 -0.006471615610568017 0.09618292522415445
0.004911842036171945 -0.006314571071077927 0.04000095999016475
0.004922315381211116 -0.006306410332978062 0.06383772335996275
0.00777331028426663 -0.001890938186328326 0.002028247728900222
0.001891013316640262 -0.007773292007656036 0.09795076794298307
0.007775872894559018 -0.001880372497050084 0.09796687122135939
0.001880372497046533 -0.007775872894559876 0.002033128778638898
2 2 0 146
277
278
279
280
281
282
283
284
285
286
287
288
289
290
291
292
293
294
295
296
297
298
299
300
301
302
303
304
305
306
307
308
309
310
311
312
313
314
315
316
317
318
319
320
321
322
323
324
325
326
327
328
329
330
331
332
333
334
335
336
337
338
339
340
341
342
343
344
345
346
347
348
349
350
351
352
353
354
355
356
357
358
359
360
361
362
363
364
365
366
367
368
369
370
371
372
373
374
375
376
377
378
379
380
381
382
383
384
385
386
387
388
389
390
391
392
393
394
395
396
397
398
399
400
401
402
403
404
405
406
407
408
409
410
411
412
413
414
415
416
417
418
419
420
421
422
0.005656854249492385 0.005656854249492376 0.09783461931513233
0.005656854249492385 0.005656854249492376 0.002165380684867665
0.007594506920415132 0.002514650002637876 0.06911764705882351
0.007594506920415097 0.002514650002637984 0.05441176470588237
0.007594506920415128 0.00251465000263789 0.06029411764705882
0.007594506920415128 0.00251465000263789 0.08382352941176469
0.002514650002637409 0.007594506920415287 0.0485294117647059
0.007594506920415126 0.002514650002637893 0.08970588235294116
0.007594506920415126 0.002514650002637893 0.0397058823529412
0.007596550197679259 0.002508470668383272 0.01681534827089189
0.007594506920415126 0.002514650002637893 0.03382352941176474
0.002514650002637417 0.007594506920415284 0.01029411764705883
0.002514650002637416 0.007594506920415285 0.02205882352941178
0.002514650002637417 0.007594506920415284 0.07499999999999998
0.007594506920415123 0.0025146500026379 0.02794117647058826
0.002514650002637434 0.007594506920415279 0.09264705882352939
0.007594506920415154 0.002514650002637809 0.007352941176470593
0.007594506920374867 0.002514650002759483 0.04558823529411767
0.007594506920374866 0.002514650002759486 0.07794117647058821
0.002514236032472851 0.007594643979345917 0.06617298660957044
0.002508112251429676 0.007596668541816759 0.05799522466423946
0.00249147732116747 0.007602140537908265 0.08682659766583839
0.002514650002582636 0.007594506920433423 0.03676470588235296
0.002514650002582638 0.007594506920433422 0.0308823529411765
0.002514182257545975 0.007594661781530566 0.04264791452994342
0.002496184481862331 0.007600596228751379 0.08088106010390006
0.007594507702173472 0.002514647641644412 0.02205882771320977
0.002509388642446516 0.007596247010278196 0.01553607754292602
0.007594506920415156 0.002514650002637802 0.09558823529411761
0.002514650002637445 0.007594506920415274 0.004411764705882356
0.007600250854383186 0.002497235861997752 0.09267257584061715
0.006441082710734954 0.00474472902424061 0.09121795161226447
0.006410333354919794 0.004786191207923346 0.08836092007760497
0.004629285620538895 0.006524547083397577 0.08930093124115887
0.002514427705350139 0.007594580522620563 0.007353157938449643
0.004754666916390781 0.006433750268247827 0.00882352941176273
0.004766045731794553 0.006425325523461276 0.01178318476786322
0.006527225445354569 0.004625508402923494 0.01027314785636384
0.00653698991471267 0.004611698478320632 0.01318878155574563
0.004756378327865648 0.006432485149785422 0.005920519071077684
0.006448911234208746 0.004734083215713073 0.09411508494386522
0.007594506920416032 0.002514650002635158 0.004411764705882356
0.002514650002639413 0.007594506920414623 0.09558823529411761
0.002514756547889355 0.007594471640927209 0.01287676005762964
0.007578287970362102 0.002563113621801629 0.08676883639266252
0.006377790787996871 0.004829470433136769 0.08515998872482741
0.006386264077062468 0.004818260177493685 0.08248586187126003
0.004555014005119415 0.006576613673705183 0.08386008268529771
0.007583393095458291 0.002547969615155469 0.08088396536971612
0.006367067778048262 0.004843598652834437 0.07944603519678206
0.006398984086932241 0.004801354252207179 0.07648227269864728
0.004567259238943239 0.00656811563877248 0.07833419934191527
0.002513349474767241 0.007594937420261423 0.07206116608665404
0.004776610114916528 0.006417475812971726 0.07289422031806854
0.004773490831016612 0.006419796358623872 0.07040670140214368
0.006548449177982162 0.004595412208212094 0.07172480884007194
0.002513476048735074 0.007594895532687406 0.0691220641657089
0.007594451935861764 0.002514816055675941 0.05147152428997192
0.006419132392397364 0.004774383659581088 0.05294118165053898
0.006419133841058187 0.004774381711864016 0.05588235294117719
0.006421146501041361 0.00477167450819566 0.05000711507036786
0.00459303217433106 0.006550118735226079 0.05441176470588482
0.004593032174334315 0.006550118735223797 0.05147058823529205
0.002513738345728839 0.007594808722358479 0.03970805797781726
0.004773831870127649 0.00641954276220305 0.03823763572642268
0.004775548438061927 0.006418265896309087 0.03529631354945956
0.00655033908412669 0.004592717918941062 0.03676880368516394
0.002514687846056299 0.00759449438981271 0.03382345054495134
0.004776025824249902 0.006417910666727767 0.03235060539451117
0.004768418843462032 0.006423564565980186 0.03004970010499543
0.006537060543926575 0.004611598361201721 0.03145321104803381
0.007594937420261566 0.002513349474766809 0.02499765744275682
0.006421171494243788 0.004771640875161394 0.02348572039259252
0.006422101498969092 0.004770389117979678 0.02055127297152828
0.007595092633692306 0.002512880396205297 0.01941747403836645
0.006422993275495103 0.004769188335864364 0.01833039045500666
0.004577798897073569 0.006560774135569065 0.0189805989049637
0.002511962295645321 0.007595396331018961 0.02499877380557831
0.002513629714404831 0.007594844676414462 0.02794483638272759
0.007594076197871311 0.002515950456770645 0.04853175432194871
0.002513374500534442 0.00759492913858077 0.04558746627613521
0.004768435743243298 0.006423552020693826 0.04347861435392572
0.00477292250607633 0.006420218902108405 0.04103056535073865
0.006535145154513836 0.004614312279141317 0.04207277145470052
0.007594849240552563 0.002513615923978474 0.05735319527496365
0.002511547659845726 0.007595533447515287 0.06069353956391749
0.004776498754248613 0.006417558698653364 0.05950372403668816
0.004773236933704606 0.006419985138200731 0.06211465867201821
0.002512989685273148 0.007595056473898714 0.06338756554906924
0.004774317207101678 0.006419181817488334 0.06487149546112049
0.006551954228968368 0.00459041346520153 0.06391321941465772
0.00654849532732425 0.004595346444830083 0.06617632439052709
0.004773015383691499 0.006420149853939882 0.06763576203669515
0.00759664252706102 0.002508191044567371 0.07564206778619136
0.006417949040707986 0.004775974257769345 0.04770997229482642
0.006422402654433029 0.004769983662899861 0.02646589696489633
0.004770382490266183 0.006422106422083164 0.01402607743151433
0.00363192399791638 0.00712805219350694 0.002165380684868328
0.007132725561240442 0.00362273737221279 0.002171190013961062
0.003622737372218139 0.007132725561237725 0.09782880998604233
0.007128052193506944 0.003631923997916372 0.09783461931513168
0.004531947790626335 0.006592529804486065 0.09411764705882192
0.006601061259373943 0.00451951216947056 0.005882352941174371
0.007684484872736284 0.002224565629665084 0.01029411764705883
0.002217852881424262 0.007686424955488612 0.08970588235294116
0.007687017442104739 0.00221579846664301 0.01323529411764707
0.004511154556407738 0.006606775655961212 0.02647277783391929
0.007688250868528318 0.002211514997139642 0.06553183424968165
0.006357163936828536 0.004856590025963351 0.06911865237431657
0.007660891975248478 0.002304503014442264 0.07229582917145803
0.00460589046322609 0.006541083476058302 0.04646123437435848
0.006357472769144852 0.004856185744962984 0.03970888888877599
0.007690443922859068 0.002203876645676893 0.06323529411764706
0.004509516408525031 0.006607893897547349 0.02352941176470856
0.00227508805887466 0.00766967889317186 0.01894526958282413
0.007690494932859383 0.002203698638122772 0.04264705882352944
0.006608106533863472 0.004509204812060648 0.05882352941176478
0.002203514004729644 0.007690547836855338 0.05147058823529414
0.002203514004727501 0.007690547836855953 0.05441176470588237
0.00635784272222621 0.004855701382852452 0.03382390427420702
0.0076906050708851 0.0022033142407919 0.0308823529411765
0.00769060555689747 0.002203312544378979 0.03676470588235296
0.004837713864456832 0.006371540203564767 0.08687098786826959
0.002171896086845817 0.007699536829442653 0.07794117647058821
0.002169366782866982 0.007700249850582341 0.08382352941176469
0.004831374100987573 0.00637634882172443 0.0809445796156545
0.006274881772956485 0.004962444834496248 0.008065676276393123
0.004992873200627358 0.006250697337294226 0.09196831765348851
0.004702282018340147 0.006472135954999317 0.003830374766726279
0.006663132409493067 0.004427489863744818 0.01543179541700601
0.006297974630524623 0.004933104048494034 0.06102067025142444
0.004824360038054548 0.006381657325744021 0.04882580962946697
0.004933275306541232 0.006297840483044209 0.02133237323508702
0.00647213595499933 0.004702282018340128 0.09618986621548753
0.006630822873305913 0.004475733238570316 0.07403057813405732
0.006472928082057853 0.004701191555819317 0.003814642019010875
0.004701189921539929 0.006472929269010391 0.09618623176631001
0.00441473301636563 0.006671591443891871 0.0168966851804933
0.00630335292837164 0.004926229984520483 0.02861376986084478
0.00441468894902125 0.006671620603975443 0.05663686413535498
0.006286731774324852 0.004947423935513744 0.04484121493742639
0.004904255368286455 0.006320465116004794 0.07542966370760171
0.007773310284266761 0.001890938186327782 0.09797175227110341
0.001890938186328318 0.007773310284266631 0.002028247728900062
0.001880372497049962 0.007775872894559047 0.09796687122136088
0.007775872894559812 0.001880372497046799 0.002033128778639346
2 3 0 172
423
424
425
426
427
428
429
430
431
432
433
434
435
436
437
438
439
440
441
442
443
444
445
446
447
448
449
450
451
452
453
454
455
456
457
458
459
460
461
462
463
464
465
466
467
468
469
470
471
472
473
474
475
476
477
478
479
480
481
482
483
484
485
486
487
488
489
490
491
492
493
494
495
496
497
498
499
500
501
502
503
504
505
506
507
508
509
510
511
512
513
514
515
516
517
518
519
520
521
522
523
524
525
526
527
528
529
530
531
532
533
534
535
536
537
538
539
540
541
542
543
544
545
546
547
548
549
550
551
552
553
554
555
556
557
558
559
560
561
562
563
564
565
566
567
568
569
570
571
572
573
574
575
576
577
578
579
580
581
582
583
584
585
586
587
588
589
590
591
592
593
594
0 0.005334148918372189 0.06914767592401505
0 0.005348021217639226 0.05443266312346112
0 0.005118603620606623 0.08386144820417953
0 -0.005057719227955434 0.01619488345431655
0 -0.005233659357056678 0.03384087603491778
0 -0.00526812267195826 0.04266338474007619
0 -0.005199573628470141 0.02501846743133872
0 -0.005356621942148518 0.06324529304441359
0 -0.005403249068947791 0.07500979642210046
0 -0.005457657843259238 0.08972085007341821
0 0.005500366673322678 0.01030667504660308
0 0.00537952351698462 0.04855888931906265
0 -0.001294825707930783 0.002150008171488452
0 0.001326363209980783 0.09789489329107882
0 -0.005279173124500705 0.05736712559039657
0 -0.005445316024622626 0.08088817413786151
0 -0.005301810867870937 0.05148367663815286
0 0.005269119528807238 0.0603417597845554
0 0.005388452934471803 0.03973539630848075
0 0.00548750668970471 0.01915923291061717
0 0.005452866459457533 0.0308823529411765
0 0.005260641900740269 0.07797063392965667
0 -0.005379794991536763 0.06912756575529508
0 0.0052880575291979 0.08972860075489206
0 -0.005143011830486769 0.01030911940678284
0 0.005473108698779773 0.02504171405131806
0 -0.005401328096147375 0.09545770965729772
0 0.005435168924054004 0.004564476620999123
0 0.005070664757783335 0.09570917448796332
0 -0.005561320807709583 0.004070961896024398
0 -0.005458156577540122 0.09263231310639138
0 -0.002926745558753845 0.0912003023003365
0 -0.002902759586047139 0.08827192549985061
0 -0.0002787433226171185 0.08976700843796151
0 -0.0002223645101496509 0.0868387567272787
0 -0.0004117998589653407 0.09267212156822971
0 -0.002859735510323768 0.0853411008482641
0 -0.0003025547045215817 0.08390573674758656
0 0.00211765323532246 0.09125684417716695
0 0.002260464532676354 0.09400654574233405
0 0.00248680937330586 0.08536365504001284
0 0.002345992440971794 0.08243339269891978
0 -0.000270845667034933 0.08096205221080971
0 0.002398901668496156 0.07947829095019199
0 -0.0002146032775887912 0.07801966805965135
0 0.002415411200944425 0.07655248766260997
0 -0.0001844194569186677 0.07508118862253368
0 0.002375806021128517 0.07364289462922081
0 -0.0001616401278562302 0.07214599348941425
0 0.00246763678787035 0.07068771455624612
0 -0.0001190906509985403 0.06920367840688038
0 0.002509140818331923 0.06773460614050673
0 -8.064340031337797e-05 0.06626049674768761
0 0.002486610760776289 0.06481192103434058
0 -4.819984017252581e-05 0.06332616974281116
0 0.00252879005869593 0.0618799720714017
0 -1.788565713194482e-05 0.06038387600906873
0 0.002563059101781145 0.058901248713269
0 2.516911699189037e-05 0.05744428722672665
0 -0.002590272614920581 0.05887579258149609
0 -0.002554033562184508 0.05593390113216684
0 4.099752105147028e-05 0.05450182877524996
0 -0.002536899791920046 0.0529922855582164
0 8.337231453704741e-05 0.05156067317167743
0 -0.002497071147348696 0.05005675764338995
0 0.000121530542474043 0.04862059420586329
0 -0.002420616371888751 0.04711923644367905
0 0.0001650903490985258 0.04568036243133518
0 -0.002438246414160801 0.04417598195021311
0 0.0001796102323908845 0.04273897175189143
0 0.002734315060550101 0.04418952552497508
0 -0.00240637955256833 0.04123698620456581
0 0.0002117989743244076 0.03979827557997526
0 -0.002322543588712207 0.03829832123552011
0 0.0002819750052453201 0.03685765556689752
0 -0.002344672099370629 0.0353535009352076
0 0.0002984112276290043 0.033916340924261
0 0.002847253598341026 0.0354189531097469
0 -0.002313009449748209 0.03241587531629232
0 0.0003238793219566922 0.03097579837925872
0 -0.002221159357801716 0.02947736579300612
0 0.0003775795575003248 0.02803521312666984
0 -0.002254561104124761 0.02653106889847547
0 0.0003934399865098224 0.02509351722250156
0 -0.002224575998396434 0.02359495839805191
0 0.0004252834726940465 0.02215301040647085
0 -0.002123078474790182 0.02065658757823233
0 0.0004884587689144909 0.01921211433898842
0 -0.002144860190703278 0.01770835653716139
0 0.0004973752992694924 0.01627057602611505
0 -0.002123120796997518 0.01476116891976237
0 0.000520769320349836 0.01332868500272599
0 0.003004516011125074 0.01477048179312706
0 -0.002117063289608676 0.01181985068797777
0 0.000555485247592663 0.01037615716371791
0 -0.002080395323574097 0.00889158211712205
0 0.0005933106382035071 0.007435455386345191
0 -0.001618473296291795 0.006458080768871094
0 0.005174943477206646 0.07211696853796958
0 0.0002900885325787198 0.004444650164418786
0 0.005210195710421597 0.0632962172543332
0 -0.002668397924026761 0.06475616427522385
0 0.002663821307442266 0.05012369130172107
0 -0.004679333284718666 0.00705392965441632
0 -0.005002440194631433 0.01915303819686266
0 -0.00273100580161101 0.07063805083018164
0 -0.005073485857508067 0.01325926845068894
0 -0.005075922345853502 0.02797408562788093
0 0.004971181263710605 0.09268345970412616
0 -0.005129063084200382 0.03679512125149751
0 -0.002783057069326828 0.07651787813610464
0 0.002614150850812414 0.08831360486564588
0 -0.005182656742755563 0.04561638952974657
0 0.005187356605135808 0.08091807861088346
0 -0.005091611382714698 0.02209011644388486
0 0.005218275850626244 0.0573849129534699
0 -0.002942280247420402 0.09408286164938058
0 -0.002909923538386247 0.09680093131303277
0 -0.0001248432998294368 0.09564699945423979
0 -0.005140625085076685 0.03091215144240836
0 0.005470287003812972 0.00736011133624174
0 -0.005278652891079367 0.0544334197217829
0 -0.005308798561010202 0.06031662545233513
0 -0.005187684816239862 0.03973426302292367
0 0.00292519859532751 0.02655038807781636
0 0.005251270228987133 0.08679945343823936
0 -0.005233692521643992 0.04855581396406337
0 -0.002665029423235089 0.06181732018422476
0 -0.005349572897014258 0.06619786892933524
0 -0.002721417610916786 0.06769730415743394
0 -0.005378994176343424 0.07208000909031342
0 -0.002804542656372012 0.07946505301072683
0 -0.00277372761683399 0.07357881943177468
0 -0.005387557339271579 0.07795500930683114
0 -0.002881436027431843 0.08240250489306655
0 0.0026560070393205 0.05301568343646577
0 0.002714135001994621 0.04716820269317912
0 0.005304806678376706 0.05148568628191307
0 0.002810567178171465 0.03835990076772525
0 -0.005448091340210792 0.08678561899920445
0 0.005412187749038904 0.04560103505020828
0 0.0053273879101446 0.04267533296093845
0 0.005468041179291168 0.02211429378008956
0 0.005448578210567306 0.03383435854808649
0 0.005427789755987697 0.03679920412099909
0 0.002865754739597179 0.03245937353535614
0 -0.005439096483764835 0.08384407628365433
0 0.002894528874852424 0.02950465433930607
0 0.00520446710000331 0.07504716412657615
0 0.005513578011127799 0.01326895527773332
0 0.005457617104736207 0.02797691039179891
0 0.005256682701317001 0.06622389358827768
0 0.00264192164123508 0.05594677070477373
0 0.002930164977981724 0.0236233257195335
0 0.002775355381675545 0.0412495671489977
0 0.00295110196462378 0.02068392603115381
0 0.002978903571355294 0.005956845777589091
0 0.002895274807333856 0.003211640722013752
0 0.003002888860856765 0.01771213361470613
0 0.005501414928802391 0.01621062412877572
0 0.003014427347517187 0.008887460118939563
0 0.00300962486821353 0.01184205390599807
0 -0.003945353839401292 0.002030658818386048
0 0.00390596504837138 0.09790165195427288
0 0.0009114408597296966 0.001961259811584198
0 -0.0008750140589803106 0.09806856481167028
0 -0.005034867274704671 0.09778441162962494
0 0.005049775259668231 0.002215184450817961
0 -0.002708809620808363 0.003985114819027741
0 -0.00615062025433747 0.001856933318935726
0 0.00606199262789761 0.09813392999432959
0 0.002487722849796484 0.09623185298597778
2 4 0 14
595
596
597
598
599
600
601
602
603
604
605
606
607
608
0.005987884620614003 -0.0009291947848191404 0
0.004792996687493824 0.002662394579574353 0
0.004220275175085124 -0.004113591617260607 0
0.002138426602374459 -0.0009860724688075203 0
0.002389242837659825 0.003706670932411871 0
0.002268515649909617 0.001454866118542551 0
0.002709717547294847 -0.005376139872237108 0
0.00425882630920717 0.0002175026448158845 0
0.004270577727583876 0.004611326024259428 0
0.006129631949535246 0.0008845676789141342 0
0.005663293526542077 -0.002885592179730239 0
0.002153894588049744 -0.003353186325230797 0
0.002766847707716615 0.005546383675073088 0
0.004082928040883151 -0.001921759396311799 0
2 5 0 14
609
610
611
612
613
614
615
616
617
618
619
620
621
622
0.005987884620614002 -0.0009291947848191402 0.1
0.004220275175085124 -0.004113591617260607 0.1
0.004792996687493824 0.002662394579574353 0.1
0.002138426602374459 -0.0009860724688075199 0.1
0.002389242837659825 0.003706670932411871 0.1
0.002268515649909617 0.001454866118542551 0.1
0.002709717547294847 -0.005376139872237108 0.1
0.00425882630920717 0.0002175026448158848 0.1
0.004270577727583876 0.004611326024259428 0.1
0.005663293526542077 -0.002885592179730239 0.1
0.006129631949535246 0.0008845676789141343 0.1
0.002153894588049744 -0.003353186325230797 0.1
0.002766847707716615 0.005546383675073089 0.1
0.004082928040883151 -0.001921759396311799 0.1
3 1 0 85
623
624
625
626
627
628
629
630
631
632
633
634
635
636
637
638
639
640
641
642
643
644
645
646
647
648
649
650
651
652
653
654
655
656
657
658
659
660
661
662
663
664
665
666
667
668
669
670
671
672
673
674
675
676
677
678
679
680
681
682
683
684
685
686
687
688
689
690
691
692
693
694
695
696
697
698
699
700
701
702
703
704
705
706
707
0.003899442033803922 -0.0008298099451916651 0.00393604826551711
0.003953811008738288 -0.0008342803692713911 0.09610782792222844
0.003901767578610822 -0.001058707915605207 0.07646978558639496
0.003894696501955111 -0.001057431451131258 0.07059140149167561
0.00388212906235675 0.0009964398649955799 0.04716311751012432
0.003886813358802353 0.0009694290307138706 0.04127709282237245
0.003910801335221644 0.001060365841055297 0.05294163124843396
0.003926992724207016 0.001062494948916879 0.0235281377049272
0.003894767295750874 -0.001018477808100172 0.06169704531041356
0.003860532853310404 -0.001230065167886795 0.09118572365044283
0.003909317086506773 -0.001067037847352669 0.08236049112520728
0.004099416453013194 -0.0002310341886665582 0.01029411764705883
0.003844325227532042 0.001197584979934847 0.02952097081793408
0.00413385737287133 -0.0002370803572582146 0.05735294117647059
0.003852308102560012 0.001145936135816122 0.03539178018300476
0.004136703541172369 -0.0002367872281577619 0.06617647058823528
0.004138351575425427 -0.0002381786373158459 0.08676470588235292
0.004081089719607307 0.0004190345318769227 0.01949081207292923
0.003871792160345363 0.001323486384267435 0.01480610676383783
0.003997147155691461 -0.001658726022856618 0.05008160171407432
0.003976323880986911 0.001639471632336592 0.07941886897505457
0.003822033423177318 -0.001430043328884946 0.03243352169289428
0.003904371058823183 0.001622457988196773 0.07353116821888252
0.003956729364493162 -0.001680155441597797 0.04423238353104105
0.003472958176998231 0.00291254405734523 0.09673105017469458
0.003744438974694055 0.002227667159982309 0.09292809298832354
0.00352051826408576 0.002313164640461537 0.007430438081438328
0.003567444529049585 -0.002653858361196595 0.05441828868308418
0.00362598677874772 0.002402141387704422 0.06004862879053
0.003861635308879169 -0.00155551942140875 0.03825611011963485
0.003581513135185093 0.002307120619994567 0.06890926599813582
0.003603521247778072 -0.00260345490813904 0.007322764439462223
0.003602301044571357 0.002496223580504555 0.08382387515334651
0.003525920549482963 -0.00235995058697186 0.02198541138594558
0.003662511908163577 -0.002460641822436774 0.028860871369397
0.003344139986286112 0.003427422042861484 0.00323686276708563
0.003602573719452148 -0.002255313261541512 0.0134960062209331
0.003563035548227912 0.003062490682871851 0.0383922592950664
0.003515096162992503 0.002874491836315325 0.04421113089104929
0.004203429368311922 -0.00190441841861663 0.02541844703122013
0.003582771436624747 0.003040971027506984 0.01167027256891235
0.003181937821593812 -0.003546275437602104 0.05784570861997262
0.003309604718848951 0.003388143143531383 0.04956047271818829
0.003485213431636356 -0.002889164240380957 0.07353069274301416
0.004208050802573207 0.001979292669512327 0.06347144447840163
0.003604630620870663 0.002501964776702066 0.08922186796457258
0.00348708296512427 -0.002884576865313998 0.07941309861582911
0.003406888907836779 -0.003124180860846208 0.06789012740364291
0.003436936879138281 -0.003192076872745105 0.06439567230058628
0.003240010517611066 -0.003782949473974555 0.002995150762052649
0.003624638431056785 -0.002388111113237775 0.01716651621078255
0.003212692815174885 -0.003587277397077769 0.0473602252833247
0.003238524738607017 -0.003786321888405273 0.09700626704044572
0.003343086322981337 0.00331993721165121 0.02107318445348985
0.003426413332988992 0.003237984902310716 0.01763994545273298
0.003407802553323245 -0.003153452630915059 0.08839524194758186
0.003387491653847734 -0.003230249390378814 0.0849681167527901
0.003182406854863048 0.004259842536055678 0.0343341831637809
0.002848508436662533 0.003780080439386739 0.02508830317393839
0.003250924646478021 0.003465239619623204 0.07634056754061001
0.003305190159847137 -0.003477242460198312 0.09364429895160199
0.003337415705191427 -0.003422824682266524 0.04115718532399743
0.00332663010335183 -0.003281433423466928 0.03530977478801426
0.003003743173136356 0.003816505673648261 0.06598681351557577
0.004965929097113141 0.0009815088822263155 0.0265428041097236
0.002951614028071192 0.003709739333396676 0.05706060382194666
0.002725503582328053 -0.004365260501238517 0.07672908680631464
0.00296478896023929 0.004015715821355945 0.07157838687798392
0.002739460719053653 0.003908870568001268 0.03068527819838271
0.002784661459013466 -0.003257717917251531 0.01045597382787671
0.002901367307760298 0.003935268566648346 0.0413355756517268
0.002606229112770962 -0.004466401077537947 0.07060353978415776
0.002816465068065458 0.003927417275870673 0.05386589428466445
0.004932061950870663 0.001286291562930511 0.00246962284785846
0.002809563172339814 -0.003937033343966795 0.06099228811117963
0.002536457450810271 -0.004588039544352652 0.08236432795073739
0.005235493165271064 -0.001809489100995633 0.002146349294741963
0.005214927902004218 0.001142285110522851 0.05022083145305793
0.002909928885239254 -0.004172367276264057 0.0313267886609554
0.002654990095424914 -0.004638430586378525 0.09092444207574722
0.002860972468794183 0.00396708128342408 0.08117315645891102
0.002855564042976648 0.00394557518036153 0.08652165587802536
0.002614487476491564 0.004527492406690992 0.01501458194460124
0.002554266898357967 0.001291422667716123 0.03223740503768595
0.00503142399268513 0.001007627476583511 0.0976257892843387
$EndNodes
$Elements
21 3534 1 3534
0 1 15 1
1 1 
0 2 15 1
2 2 
0 3 15 1
3 3 
0 4 15 1
4 4 
0 5 15 1
5 5 
0 6 15 1
6 6 
1 1 1 5
7 1 7 
8 7 8 
9 8 9 
10 9 10 
11 10 2 
1 2 1 34
12 2 11 
13 11 12 
14 12 13 
15 13 14 
16 14 15 
17 15 16 
18 16 17 
19 17 18 
20 18 19 
21 19 20 
22 20 21 
23 21 22 
24 22 23 
25 23 24 
26 24 25 
27 25 26 
28 26 27 
29 27 28 
30 28 29 
31 29 30 
32 30 31 
33 31 32 
34 32 33 
35 33 34 
36 34 35 
37 35 36 
38 36 37 
39 37 38 
40 38 39 
41 39 40 
42 40 41 
43 41 42 
44 42 43 
45 43 3 
1 3 1 5
46 4 44 
47 44 45 
48 45 46 
49 46 47 
50 47 3 
1 4 1 34
51 1 48 
52 48 49 
53 49 50 
54 50 51 
55 51 52 
56 52 53 
57 53 54 
58 54 55 
59 55 56 
60 56 57 
61 57 58 
62 58 59 
63 59 60 
64 60 61 
65 61 62 
66 62 63 
67 63 64 
68 64 65 
69 65 66 
70 66 67 
71 67 68 
72 68 69 
73 69 70 
74 70 71 
75 71 72 
76 72 73 
77 73 74 
78 74 75 
79 75 76 
80 76 77 
81 77 78 
82 78 79 
83 79 80 
84 80 4 
1 5 1 5
85 2 81 
86 81 82 
87 82 83 
88 83 84 
89 84 5 
1 6 1 34
90 5 85 
91 85 86 
92 86 87 
93 87 88 
94 88 89 
95 89 90 
96 90 91 
97 91 92 
98 92 93 
99 93 94 
100 94 95 
101 95 96 
102 96 97 
103 97 98 
104 98 99 
105 99 100 
106 100 101 
107 101 102 
108 102 103 
109 103 104 
110 104 105 
111 105 106 
112 106 107 
113 107 108 
114 108 109 
115 109 110 
116 110 111 
117 111 112 
118 112 113 
119 113 114 
120 114 115 
121 115 116 
122 116 117 
123 117 6 
1 7 1 5
124 3 118 
125 118 119 
126 119 120 
127 120 121 
128 121 6 
1 8 1 6
129 6 122 
130 122 123 
131 123 124 
132 124 125 
133 125 126 
134 126 4 
1 9 1 6
135 5 127 
136 127 128 
137 128 129 
138 129 130 
139 130 131 
140 131 1 
2 1 2 366
141 7 276 1 
142 1 276 48 
143 2 273 10 
144 11 273 2 
145 3 275 43 
146 47 275 3 
147 4 274 44 
148 80 274 4 
149 8 229 7 
150 229 276 7 
151 9 133 8 
152 133 229 8 
153 10 230 9 
154 9 230 133 
155 10 273 230 
156 12 160 11 
157 160 273 11 
158 13 161 12 
159 12 161 160 
160 14 143 13 
161 143 161 13 
162 15 226 14 
163 14 226 143 
164 16 158 15 
165 158 226 15 
166 17 237 16 
167 16 237 158 
168 18 144 17 
169 144 237 17 
170 19 243 18 
171 18 243 144 
172 20 146 19 
173 146 243 19 
174 21 264 20 
175 20 264 146 
176 22 265 21 
177 247 264 21 
178 21 265 247 
179 23 154 22 
180 154 265 22 
181 24 194 23 
182 23 194 154 
183 25 153 24 
184 153 194 24 
185 26 199 25 
186 25 199 153 
187 27 157 26 
188 157 199 26 
189 28 202 27 
190 27 202 157 
191 29 135 28 
192 135 202 28 
193 30 207 29 
194 29 207 135 
195 31 137 30 
196 137 207 30 
197 32 190 31 
198 31 190 137 
199 33 155 32 
200 155 190 32 
201 34 182 33 
202 33 182 155 
203 35 177 34 
204 177 182 34 
205 36 145 35 
206 145 177 35 
207 37 184 36 
208 36 184 145 
209 38 156 37 
210 156 184 37 
211 39 189 38 
212 38 189 156 
213 40 188 39 
214 188 189 39 
215 41 139 40 
216 139 188 40 
217 42 166 41 
218 41 166 139 
219 43 159 42 
220 159 166 42 
221 43 275 159 
222 44 232 45 
223 44 274 232 
224 45 132 46 
225 45 232 132 
226 46 231 47 
227 132 231 46 
228 231 275 47 
229 48 175 49 
230 48 276 175 
231 49 148 50 
232 49 175 148 
233 50 235 51 
234 148 235 50 
235 51 257 52 
236 235 257 51 
237 52 142 53 
238 52 257 142 
239 53 218 54 
240 142 218 53 
241 54 215 55 
242 54 218 215 
243 55 151 56 
244 55 215 151 
245 56 223 57 
246 151 223 56 
247 57 209 58 
248 57 223 209 
249 58 140 59 
250 58 209 140 
251 59 227 60 
252 140 227 59 
253 60 141 61 
254 60 227 141 
255 61 250 62 
256 141 250 61 
257 62 253 63 
258 250 253 62 
259 63 138 64 
260 63 253 138 
261 64 256 65 
262 138 256 64 
263 65 255 66 
264 65 256 255 
265 66 149 67 
266 66 255 149 
267 67 224 68 
268 149 224 67 
269 68 150 69 
270 68 224 150 
271 69 248 70 
272 150 248 69 
273 70 134 71 
274 70 248 134 
275 71 240 72 
276 134 240 71 
277 72 246 73 
278 240 246 72 
279 73 152 74 
280 73 246 152 
281 74 239 75 
282 152 239 74 
283 75 136 76 
284 75 239 136 
285 76 258 77 
286 136 258 76 
287 77 236 78 
288 77 258 236 
289 78 147 79 
290 78 236 147 
291 79 176 80 
292 147 176 79 
293 176 274 80 
294 132 268 231 
295 232 270 132 
296 132 270 268 
297 133 269 229 
298 230 267 133 
299 267 269 133 
300 134 238 183 
301 183 240 134 
302 193 238 134 
303 134 248 193 
304 135 203 202 
305 135 204 203 
306 135 207 204 
307 136 252 170 
308 170 258 136 
309 136 239 187 
310 187 252 136 
311 190 245 137 
312 137 208 207 
313 137 245 208 
314 138 253 198 
315 198 254 138 
316 138 254 206 
317 206 256 138 
318 166 167 139 
319 167 168 139 
320 168 188 139 
321 209 210 140 
322 210 211 140 
323 211 227 140 
324 197 250 141 
325 141 271 197 
326 227 228 141 
327 228 271 141 
328 142 219 218 
329 142 259 219 
330 257 259 142 
331 143 162 161 
332 143 163 162 
333 143 226 163 
334 220 237 144 
335 144 242 220 
336 222 242 144 
337 144 243 222 
338 145 178 177 
339 145 180 178 
340 145 184 180 
341 214 241 146 
342 146 264 214 
343 146 241 222 
344 222 243 146 
345 147 236 169 
346 169 262 147 
347 147 233 176 
348 147 262 233 
349 164 235 148 
350 148 261 164 
351 175 234 148 
352 234 261 148 
353 149 255 205 
354 205 263 149 
355 149 251 224 
356 149 263 251 
357 193 248 150 
358 150 272 193 
359 224 225 150 
360 225 272 150 
361 215 216 151 
362 216 221 151 
363 221 223 151 
364 152 246 181 
365 181 249 152 
366 187 239 152 
367 152 249 187 
368 153 195 194 
369 153 196 195 
370 153 199 196 
371 194 244 154 
372 244 266 154 
373 154 266 265 
374 182 192 155 
375 155 191 190 
376 155 192 191 
377 156 185 184 
378 156 186 185 
379 156 189 186 
380 157 200 199 
381 157 201 200 
382 157 202 201 
383 174 226 158 
384 158 260 174 
385 237 260 158 
386 159 172 166 
387 159 268 172 
388 231 268 159 
389 159 275 231 
390 161 173 160 
391 173 267 160 
392 160 267 230 
393 230 273 160 
394 162 173 161 
395 163 164 162 
396 164 261 162 
397 162 261 173 
398 163 165 164 
399 163 174 165 
400 163 226 174 
401 165 235 164 
402 174 259 165 
403 165 257 235 
404 165 259 257 
405 166 172 167 
406 167 169 168 
407 167 262 169 
408 172 262 167 
409 169 170 168 
410 170 171 168 
411 171 188 168 
412 169 236 170 
413 170 252 171 
414 236 258 170 
415 186 189 171 
416 171 252 186 
417 171 189 188 
418 233 262 172 
419 172 270 233 
420 268 270 172 
421 173 261 234 
422 234 269 173 
423 173 269 267 
424 174 260 259 
425 229 269 175 
426 175 276 229 
427 175 269 234 
428 176 270 232 
429 232 274 176 
430 233 270 176 
431 178 179 177 
432 179 182 177 
433 178 183 179 
434 180 181 178 
435 181 183 178 
436 179 192 182 
437 183 238 179 
438 179 238 192 
439 180 249 181 
440 184 185 180 
441 185 249 180 
442 181 240 183 
443 181 246 240 
444 186 187 185 
445 187 249 185 
446 186 252 187 
447 191 245 190 
448 192 193 191 
449 193 272 191 
450 191 272 245 
451 192 238 193 
452 195 244 194 
453 196 197 195 
454 197 271 195 
455 195 271 244 
456 196 198 197 
457 196 200 198 
458 199 200 196 
459 198 250 197 
460 200 254 198 
461 198 253 250 
462 201 254 200 
463 202 203 201 
464 203 206 201 
465 206 254 201 
466 204 205 203 
467 205 206 203 
468 204 263 205 
469 207 208 204 
470 208 263 204 
471 205 255 206 
472 255 256 206 
473 208 245 225 
474 225 251 208 
475 251 263 208 
476 209 212 210 
477 209 223 212 
478 210 213 211 
479 212 214 210 
480 210 214 213 
481 213 266 211 
482 211 228 227 
483 211 266 228 
484 212 241 214 
485 212 223 221 
486 221 241 212 
487 214 247 213 
488 247 265 213 
489 265 266 213 
490 214 264 247 
491 215 217 216 
492 215 218 217 
493 217 242 216 
494 216 222 221 
495 216 242 222 
496 218 219 217 
497 219 220 217 
498 220 242 217 
499 219 260 220 
500 259 260 219 
501 220 260 237 
502 222 241 221 
503 224 251 225 
504 245 272 225 
505 228 266 244 
506 244 271 228 
2 2 2 368
507 2 422 11 
508 81 422 2 
509 43 419 3 
510 3 419 118 
511 5 420 84 
512 85 420 5 
513 6 421 117 
514 121 421 6 
515 11 318 12 
516 11 422 318 
517 12 293 13 
518 12 318 293 
519 13 380 14 
520 293 380 13 
521 14 382 15 
522 380 382 14 
523 15 286 16 
524 15 382 286 
525 16 351 17 
526 286 351 16 
527 17 303 18 
528 17 351 303 
529 18 348 19 
530 303 348 18 
531 19 291 20 
532 19 348 291 
533 20 397 21 
534 291 397 20 
535 21 287 22 
536 21 397 287 
537 22 398 23 
538 287 398 22 
539 23 285 24 
540 23 398 285 
541 24 392 25 
542 285 392 24 
543 25 294 26 
544 25 392 294 
545 26 356 27 
546 294 356 26 
547 27 334 28 
548 27 356 334 
549 28 280 29 
550 28 334 280 
551 29 361 30 
552 280 361 29 
553 30 281 31 
554 30 361 281 
555 31 389 32 
556 281 389 31 
557 32 384 33 
558 32 389 384 
559 33 279 34 
560 33 384 279 
561 34 386 35 
562 279 386 34 
563 35 370 36 
564 35 386 370 
565 36 295 37 
566 36 370 295 
567 37 325 38 
568 295 325 37 
569 38 282 39 
570 38 325 282 
571 39 321 40 
572 282 321 39 
573 40 284 41 
574 40 321 284 
575 41 307 42 
576 284 307 41 
577 42 305 43 
578 42 307 305 
579 305 419 43 
580 82 375 81 
581 375 422 81 
582 83 278 82 
583 278 375 82 
584 84 374 83 
585 83 374 278 
586 84 420 374 
587 86 306 85 
588 306 420 85 
589 87 311 86 
590 86 311 306 
591 88 288 87 
592 288 311 87 
593 89 320 88 
594 88 320 288 
595 90 304 89 
596 304 320 89 
597 91 391 90 
598 90 391 304 
599 92 289 91 
600 289 391 91 
601 93 354 92 
602 92 354 289 
603 94 355 93 
604 93 355 354 
605 95 300 94 
606 300 355 94 
607 96 344 95 
608 95 344 300 
609 97 299 96 
610 299 344 96 
611 98 340 97 
612 97 340 299 
613 99 301 98 
614 301 340 98 
615 100 357 99 
616 99 357 301 
617 101 283 100 
618 283 357 100 
619 102 394 101 
620 101 394 283 
621 103 395 102 
622 102 395 394 
623 104 297 103 
624 297 395 103 
625 105 362 104 
626 104 362 297 
627 106 365 105 
628 105 365 362 
629 107 296 106 
630 296 365 106 
631 108 333 107 
632 107 333 296 
633 109 329 108 
634 329 333 108 
635 110 290 109 
636 290 329 109 
637 111 400 110 
638 110 400 290 
639 112 302 111 
640 302 400 111 
641 113 401 112 
642 112 401 302 
643 114 298 113 
644 298 401 113 
645 115 381 114 
646 114 381 298 
647 116 292 115 
648 292 381 115 
649 117 319 116 
650 116 319 292 
651 117 421 319 
652 118 377 119 
653 118 419 377 
654 119 277 120 
655 119 377 277 
656 120 376 121 
657 277 376 120 
658 376 421 121 
659 277 413 376 
660 377 410 277 
661 410 413 277 
662 374 405 278 
663 278 412 375 
664 405 412 278 
665 279 385 332 
666 332 386 279 
667 279 384 368 
668 368 385 279 
669 334 335 280 
670 335 336 280 
671 336 361 280 
672 361 393 281 
673 367 389 281 
674 281 407 367 
675 393 407 281 
676 282 322 321 
677 282 323 322 
678 282 325 323 
679 283 394 339 
680 339 408 283 
681 283 387 357 
682 283 408 387 
683 284 308 307 
684 284 309 308 
685 284 321 309 
686 343 388 285 
687 285 398 343 
688 285 388 360 
689 360 392 285 
690 286 352 351 
691 286 406 352 
692 382 406 286 
693 287 396 343 
694 343 398 287 
695 347 396 287 
696 287 397 347 
697 288 312 311 
698 288 313 312 
699 288 320 313 
700 353 391 289 
701 289 409 353 
702 354 390 289 
703 390 409 289 
704 290 400 328 
705 328 418 290 
706 290 330 329 
707 290 418 330 
708 347 397 291 
709 291 415 347 
710 348 372 291 
711 372 415 291 
712 310 381 292 
713 292 404 310 
714 319 378 292 
715 378 404 292 
716 314 380 293 
717 293 403 314 
718 318 379 293 
719 379 403 293 
720 294 371 356 
721 294 392 360 
722 360 417 294 
723 294 417 371 
724 295 326 325 
725 295 327 326 
726 295 370 327 
727 333 369 296 
728 296 366 365 
729 296 369 366 
730 362 363 297 
731 363 416 297 
732 297 416 395 
733 298 381 310 
734 310 399 298 
735 298 399 324 
736 324 401 298 
737 340 341 299 
738 341 342 299 
739 342 344 299 
740 344 345 300 
741 345 346 300 
742 346 355 300 
743 301 359 340 
744 357 358 301 
745 358 359 301 
746 302 401 324 
747 324 402 302 
748 328 400 302 
749 302 402 328 
750 303 349 348 
751 303 350 349 
752 303 351 350 
753 304 373 320 
754 304 414 373 
755 391 414 304 
756 307 317 305 
757 317 410 305 
758 305 410 377 
759 377 419 305 
760 311 316 306 
761 316 405 306 
762 306 405 374 
763 374 420 306 
764 308 317 307 
765 309 310 308 
766 310 404 308 
767 308 404 317 
768 309 399 310 
769 321 322 309 
770 322 399 309 
771 312 316 311 
772 313 314 312 
773 314 403 312 
774 312 403 316 
775 313 315 314 
776 313 373 315 
777 320 373 313 
778 315 380 314 
779 373 406 315 
780 315 382 380 
781 315 406 382 
782 316 403 379 
783 379 412 316 
784 316 412 405 
785 317 404 378 
786 378 413 317 
787 317 413 410 
788 375 412 318 
789 318 422 375 
790 318 412 379 
791 376 413 319 
792 319 421 376 
793 319 413 378 
794 323 324 322 
795 324 399 322 
796 323 402 324 
797 325 326 323 
798 326 402 323 
799 327 328 326 
800 328 402 326 
801 327 418 328 
802 370 411 327 
803 411 418 327 
804 330 331 329 
805 331 333 329 
806 330 332 331 
807 330 411 332 
808 330 418 411 
809 332 385 331 
810 331 369 333 
811 331 385 369 
812 332 411 386 
813 334 337 335 
814 334 356 337 
815 335 338 336 
816 337 339 335 
817 335 339 338 
818 338 416 336 
819 336 393 361 
820 363 393 336 
821 336 416 363 
822 337 408 339 
823 356 371 337 
824 371 408 337 
825 339 394 338 
826 394 395 338 
827 395 416 338 
828 340 359 341 
829 341 343 342 
830 341 388 343 
831 359 388 341 
832 343 396 342 
833 342 345 344 
834 342 396 345 
835 345 347 346 
836 345 396 347 
837 347 415 346 
838 346 383 355 
839 346 415 383 
840 349 372 348 
841 350 409 349 
842 349 390 372 
843 349 409 390 
844 351 352 350 
845 352 353 350 
846 353 409 350 
847 352 414 353 
848 406 414 352 
849 353 414 391 
850 355 383 354 
851 383 390 354 
852 357 387 358 
853 358 360 359 
854 358 417 360 
855 387 417 358 
856 360 388 359 
857 362 364 363 
858 362 365 364 
859 364 407 363 
860 363 407 393 
861 365 366 364 
862 366 367 364 
863 367 407 364 
864 366 368 367 
865 366 369 368 
866 368 384 367 
867 384 389 367 
868 369 385 368 
869 386 411 370 
870 387 408 371 
871 371 417 387 
872 372 390 383 
873 383 415 372 
874 373 414 406 
2 3 2 422
875 1 48 592 
876 131 1 592 
877 80 4 589 
878 4 126 589 
879 85 5 590 
880 5 127 590 
881 6 117 593 
882 122 6 593 
883 48 49 452 
884 48 452 592 
885 49 50 526 
886 452 49 526 
887 50 51 447 
888 50 447 526 
889 51 52 529 
890 447 51 529 
891 52 53 426 
892 52 426 529 
893 53 54 527 
894 426 53 527 
895 54 55 537 
896 527 54 537 
897 55 56 429 
898 55 429 537 
899 56 57 530 
900 429 56 530 
901 57 58 542 
902 530 57 542 
903 58 59 427 
904 58 427 542 
905 59 60 532 
906 427 59 532 
907 60 61 546 
908 532 60 546 
909 61 62 428 
910 61 428 546 
911 62 63 535 
912 428 62 535 
913 63 64 549 
914 535 63 549 
915 64 65 439 
916 64 439 549 
917 65 66 544 
918 439 65 544 
919 66 67 437 
920 66 437 544 
921 67 68 545 
922 437 67 545 
923 68 69 430 
924 68 430 545 
925 69 70 551 
926 430 69 551 
927 70 71 445 
928 70 445 551 
929 71 72 553 
930 445 71 553 
931 72 73 431 
932 72 431 553 
933 73 74 556 
934 431 73 556 
935 74 75 438 
936 74 438 556 
937 75 76 569 
938 438 75 569 
939 76 77 562 
940 76 562 569 
941 77 78 432 
942 77 432 562 
943 78 79 453 
944 432 78 453 
945 79 80 449 
946 79 449 453 
947 449 80 589 
948 86 85 450 
949 450 85 590 
950 87 86 543 
951 86 450 543 
952 88 87 433 
953 433 87 543 
954 89 88 572 
955 88 433 572 
956 90 89 582 
957 89 572 582 
958 91 90 442 
959 442 90 582 
960 92 91 565 
961 91 442 565 
962 93 92 448 
963 448 92 565 
964 94 93 573 
965 93 448 573 
966 95 94 443 
967 443 94 573 
968 96 95 566 
969 95 443 566 
970 97 96 567 
971 96 566 567 
972 98 97 441 
973 441 97 567 
974 99 98 564 
975 98 441 564 
976 100 99 563 
977 563 99 564 
978 101 100 434 
979 434 100 563 
980 102 101 560 
981 101 434 560 
982 103 102 424 
983 424 102 560 
984 104 103 538 
985 103 424 538 
986 105 104 440 
987 440 104 538 
988 106 105 523 
989 105 440 523 
990 107 106 574 
991 106 523 574 
992 108 107 423 
993 423 107 574 
994 109 108 521 
995 108 423 521 
996 110 109 571 
997 109 521 571 
998 111 110 444 
999 444 110 571 
1000 112 111 536 
1001 111 444 536 
1002 113 112 425 
1003 425 112 536 
1004 114 113 548 
1005 113 425 548 
1006 115 114 446 
1007 446 114 548 
1008 116 115 531 
1009 115 446 531 
1010 117 116 451 
1011 451 116 531 
1012 117 451 593 
1013 123 122 586 
1014 586 122 593 
1015 124 123 436 
1016 436 123 586 
1017 125 124 588 
1018 124 436 588 
1019 126 125 589 
1020 540 125 588 
1021 125 540 589 
1022 127 128 590 
1023 128 129 587 
1024 580 128 587 
1025 128 580 590 
1026 129 130 435 
1027 129 435 587 
1028 130 131 585 
1029 435 130 585 
1030 585 131 592 
1031 472 423 474 
1032 423 472 521 
1033 474 423 574 
1034 538 424 575 
1035 558 424 560 
1036 424 558 575 
1037 463 425 464 
1038 425 463 548 
1039 464 425 536 
1040 426 511 513 
1041 511 426 527 
1042 426 513 529 
1043 427 498 501 
1044 498 427 532 
1045 427 501 542 
1046 428 491 494 
1047 491 428 535 
1048 428 494 546 
1049 429 505 507 
1050 505 429 530 
1051 429 507 537 
1052 430 524 550 
1053 524 430 551 
1054 545 430 550 
1055 431 533 555 
1056 533 431 556 
1057 553 431 555 
1058 432 453 454 
1059 432 454 455 
1060 432 455 562 
1061 433 543 583 
1062 572 433 584 
1063 433 583 584 
1064 525 434 559 
1065 434 525 560 
1066 559 434 563 
1067 435 522 587 
1068 522 435 591 
1069 435 585 591 
1070 436 541 588 
1071 541 436 594 
1072 436 586 594 
1073 437 482 483 
1074 482 437 545 
1075 437 483 544 
1076 438 554 556 
1077 554 438 557 
1078 557 438 569 
1079 439 485 487 
1080 485 439 544 
1081 439 487 549 
1082 478 440 480 
1083 440 478 523 
1084 480 440 538 
1085 561 441 567 
1086 441 561 577 
1087 564 441 577 
1088 565 442 578 
1089 578 442 581 
1090 581 442 582 
1091 566 443 568 
1092 568 443 570 
1093 570 443 573 
1094 466 444 468 
1095 444 466 536 
1096 468 444 571 
1097 445 528 552 
1098 528 445 553 
1099 551 445 552 
1100 446 461 531 
1101 461 446 534 
1102 534 446 548 
1103 447 516 518 
1104 516 447 529 
1105 447 518 526 
1106 448 547 573 
1107 547 448 576 
1108 448 565 576 
1109 453 449 539 
1110 539 449 540 
1111 540 449 589 
1112 543 450 579 
1113 579 450 580 
1114 580 450 590 
1115 462 451 531 
1116 451 462 594 
1117 451 586 593 
1118 586 451 594 
1119 452 526 591 
1120 585 452 591 
1121 452 585 592 
1122 454 453 539 
1123 455 454 456 
1124 456 454 458 
1125 458 454 539 
1126 455 456 457 
1127 455 457 459 
1128 455 459 562 
1129 457 456 534 
1130 456 458 461 
1131 456 461 534 
1132 459 457 460 
1133 460 457 463 
1134 463 457 534 
1135 461 458 462 
1136 462 458 541 
1137 458 539 541 
1138 459 460 557 
1139 459 557 569 
1140 562 459 569 
1141 460 463 464 
1142 460 464 465 
1143 460 465 557 
1144 461 462 531 
1145 462 541 594 
1146 463 534 548 
1147 465 464 466 
1148 466 464 536 
1149 465 466 467 
1150 465 467 554 
1151 465 554 557 
1152 467 466 468 
1153 467 468 469 
1154 467 469 533 
1155 467 533 554 
1156 469 468 470 
1157 470 468 571 
1158 469 470 471 
1159 469 471 555 
1160 533 469 555 
1161 471 470 472 
1162 472 470 521 
1163 521 470 571 
1164 471 472 473 
1165 471 473 528 
1166 471 528 555 
1167 473 472 474 
1168 473 474 475 
1169 473 475 552 
1170 528 473 552 
1171 475 474 476 
1172 476 474 574 
1173 475 476 477 
1174 475 477 524 
1175 475 524 552 
1176 477 476 478 
1177 478 476 523 
1178 523 476 574 
1179 477 478 479 
1180 477 479 550 
1181 524 477 550 
1182 479 478 480 
1183 479 480 481 
1184 479 481 482 
1185 479 482 550 
1186 481 480 575 
1187 480 538 575 
1188 482 481 483 
1189 483 481 484 
1190 484 481 575 
1191 482 545 550 
1192 483 484 485 
1193 483 485 544 
1194 485 484 486 
1195 486 484 558 
1196 558 484 575 
1197 485 486 487 
1198 487 486 488 
1199 488 486 525 
1200 525 486 558 
1201 487 488 489 
1202 487 489 549 
1203 489 488 490 
1204 490 488 559 
1205 488 525 559 
1206 489 490 491 
1207 489 491 535 
1208 489 535 549 
1209 491 490 492 
1210 492 490 493 
1211 493 490 559 
1212 491 492 494 
1213 492 493 577 
1214 494 492 495 
1215 495 492 577 
1216 493 559 563 
1217 493 563 564 
1218 493 564 577 
1219 494 495 496 
1220 494 496 546 
1221 496 495 497 
1222 497 495 561 
1223 561 495 577 
1224 496 497 498 
1225 496 498 532 
1226 496 532 546 
1227 498 497 499 
1228 499 497 500 
1229 500 497 561 
1230 498 499 501 
1231 499 500 568 
1232 501 499 502 
1233 502 499 568 
1234 500 561 567 
1235 566 500 567 
1236 500 566 568 
1237 501 502 503 
1238 501 503 542 
1239 503 502 504 
1240 504 502 570 
1241 502 568 570 
1242 503 504 505 
1243 503 505 530 
1244 503 530 542 
1245 505 504 506 
1246 506 504 547 
1247 547 504 570 
1248 505 506 507 
1249 507 506 508 
1250 508 506 576 
1251 506 547 576 
1252 507 508 509 
1253 507 509 537 
1254 509 508 510 
1255 510 508 578 
1256 508 576 578 
1257 509 510 511 
1258 509 511 527 
1259 509 527 537 
1260 511 510 512 
1261 512 510 581 
1262 510 578 581 
1263 511 512 513 
1264 513 512 514 
1265 514 512 515 
1266 515 512 581 
1267 513 514 516 
1268 513 516 529 
1269 514 515 584 
1270 516 514 517 
1271 517 514 584 
1272 572 515 582 
1273 515 572 584 
1274 515 581 582 
1275 516 517 518 
1276 518 517 519 
1277 519 517 583 
1278 583 517 584 
1279 518 519 520 
1280 518 520 526 
1281 520 519 522 
1282 522 519 579 
1283 579 519 583 
1284 520 522 591 
1285 526 520 591 
1286 522 579 580 
1287 522 580 587 
1288 524 551 552 
1289 525 558 560 
1290 528 553 555 
1291 554 533 556 
1292 539 540 541 
1293 541 540 588 
1294 543 579 583 
1295 547 570 573 
1296 576 565 578 
2 4 2 42
1297 1 131 7 
1298 2 10 595 
1299 81 2 604 
1300 2 595 604 
1301 127 5 84 
1302 8 7 601 
1303 7 131 601 
1304 9 8 597 
1305 597 8 601 
1306 10 9 605 
1307 9 597 605 
1308 595 10 605 
1309 82 81 596 
1310 596 81 604 
1311 83 82 603 
1312 82 596 603 
1313 84 83 607 
1314 83 603 607 
1315 127 84 607 
1316 128 127 599 
1317 599 127 607 
1318 129 128 600 
1319 128 599 600 
1320 130 129 598 
1321 598 129 600 
1322 131 130 606 
1323 130 598 606 
1324 601 131 606 
1325 595 602 604 
1326 602 595 608 
1327 595 605 608 
1328 599 596 600 
1329 596 599 603 
1330 600 596 602 
1331 602 596 604 
1332 597 601 606 
1333 605 597 608 
1334 597 606 608 
1335 598 600 602 
1336 598 602 608 
1337 606 598 608 
1338 603 599 607 
2 5 2 42
1339 3 609 47 
1340 118 619 3 
1341 3 619 609 
1342 4 44 126 
1343 121 6 122 
1344 45 615 44 
1345 44 615 126 
1346 46 610 45 
1347 610 615 45 
1348 47 618 46 
1349 46 618 610 
1350 609 618 47 
1351 119 611 118 
1352 611 619 118 
1353 120 617 119 
1354 119 617 611 
1355 121 621 120 
1356 120 621 617 
1357 122 621 121 
1358 123 613 122 
1359 613 621 122 
1360 124 614 123 
1361 123 614 613 
1362 125 612 124 
1363 612 614 124 
1364 126 620 125 
1365 125 620 612 
1366 615 620 126 
1367 609 619 616 
1368 616 622 609 
1369 609 622 618 
1370 610 620 615 
1371 618 622 610 
1372 610 622 620 
1373 613 614 611 
1374 611 617 613 
1375 614 616 611 
1376 616 619 611 
1377 612 616 614 
1378 612 622 616 
1379 620 622 612 
1380 617 621 613 
3 1 4 2154
1381 563 661 387 665 
1382 559 661 563 665 
1383 622 609 618 624 
1384 530 657 221 662 
1385 13 649 12 654 
1386 378 647 451 648 
1387 216 656 429 662 
1388 221 216 429 662 
1389 485 439 642 650 
1390 530 221 429 662 
1391 13 634 649 654 
1392 12 649 623 654 
1393 312 433 649 663 
1394 217 527 656 673 
1395 583 649 433 663 
1396 216 429 151 221 
1397 157 627 199 674 
1398 629 636 280 688 
1399 609 275 618 624 
1400 12 161 13 654 
1401 487 642 439 674 
1402 217 219 527 673 
1403 523 651 364 667 
1404 523 440 364 651 
1405 280 636 361 688 
1406 486 642 488 700 
1407 486 488 665 700 
1408 29 636 629 650 
1409 199 157 26 627 
1410 166 624 42 632 
1411 627 646 199 674 
1412 546 228 532 652 
1413 450 543 579 649 
1414 228 652 546 684 
1415 25 646 627 661 
1416 563 387 434 665 
1417 404 648 531 668 
1418 206 642 439 650 
1419 37 643 625 669 
1420 157 642 627 674 
1421 37 625 184 669 
1422 628 646 25 661 
1423 392 628 25 661 
1424 398 637 23 660 
1425 28 202 135 650 
1426 42 632 624 648 
1427 450 316 543 649 
1428 635 681 547 691 
1429 231 618 275 624 
1430 415 681 635 691 
1431 631 636 137 664 
1432 530 505 657 662 
1433 535 428 491 646 
1434 37 633 643 669 
1435 312 288 433 663 
1436 478 651 523 667 
1437 37 156 633 669 
1438 532 652 228 685 
1439 23 652 628 660 
1440 280 629 29 636 
1441 439 642 206 674 
1442 559 563 434 665 
1443 30 636 631 651 
1444 559 627 661 665 
1445 428 646 197 684 
1446 579 450 649 658 
1447 482 479 631 636 
1448 535 198 428 646 
1449 487 485 439 642 
1450 234 175 452 672 
1451 295 625 643 682 
1452 342 660 299 680 
1453 637 652 23 660 
1454 488 627 665 700 
1455 488 642 627 700 
1456 451 378 319 647 
1457 487 439 549 674 
1458 429 216 537 656 
1459 570 635 547 691 
1460 486 665 629 700 
1461 530 429 505 662 
1462 504 662 506 687 
1463 482 636 631 664 
1464 531 378 451 648 
1465 523 478 440 651 
1466 624 632 166 683 
1467 504 657 662 687 
1468 547 681 573 691 
1469 630 640 17 656 
1470 567 299 660 680 
1471 316 649 450 658 
1472 21 397 635 706 
1473 446 404 531 668 
1474 625 645 35 666 
1475 546 532 496 652 
1476 635 681 415 687 
1477 35 645 626 666 
1478 458 632 624 683 
1479 486 629 485 642 
1480 624 632 458 648 
1481 21 635 644 706 
1482 520 623 519 654 
1483 40 639 632 668 
1484 612 588 436 624 
1485 486 629 642 700 
1486 14 641 634 659 
1487 29 135 636 650 
1488 33 638 626 653 
1489 319 378 413 647 
1490 41 648 284 668 
1491 485 642 629 650 
1492 623 649 519 654 
1493 288 433 543 312 
1494 504 547 635 687 
1495 504 506 547 687 
1496 145 625 35 666 
1497 177 35 626 666 
1498 543 311 288 312 
1499 633 639 39 655 
1500 371 661 627 665 
1501 376 593 451 647 
1502 436 614 624 647 
1503 207 137 636 664 
1504 325 633 38 655 
1505 223 221 530 657 
1506 305 648 624 707 
1507 553 431 246 666 
1508 504 635 657 687 
1509 523 667 364 686 
1510 622 624 618 675 
1511 624 647 614 707 
1512 311 312 543 649 
1513 618 624 231 675 
1514 537 217 527 656 
1515 137 631 30 636 
1516 41 632 648 668 
1517 305 647 648 707 
1518 523 364 365 686 
1519 305 42 624 648 
1520 325 643 633 655 
1521 198 646 535 674 
1522 295 370 625 682 
1523 277 617 376 647 
1524 223 212 221 657 
1525 612 436 614 624 
1526 593 586 451 647 
1527 629 636 484 650 
1528 526 654 234 672 
1529 387 661 371 665 
1530 364 440 362 651 
1531 42 41 632 648 
1532 491 646 428 684 
1533 182 626 33 638 
1534 547 681 635 687 
1535 282 325 38 655 
1536 24 25 628 646 
1537 587 598 600 623 
1538 12 623 161 654 
1539 587 623 600 696 
1540 507 429 656 662 
1541 544 205 439 650 
1542 160 161 12 623 
1543 472 645 626 653 
1544 486 488 525 665 
1545 26 627 157 700 
1546 361 280 29 636 
1547 287 644 637 706 
1548 156 37 184 669 
1549 631 636 479 651 
1550 570 547 573 691 
1551 139 632 40 639 
1552 649 658 318 696 
1553 37 36 625 643 
1554 627 642 488 674 
1555 472 471 626 645 
1556 25 26 627 646 
1557 546 652 496 684 
1558 439 206 549 674 
1559 526 234 452 672 
1560 467 643 625 682 
1561 333 369 331 653 
1562 490 646 492 661 
1563 631 664 137 697 
1564 473 638 626 670 
1565 626 638 473 653 
1566 631 638 477 671 
1567 519 623 522 649 
1568 41 307 284 648 
1569 506 681 547 687 
1570 541 647 624 648 
1571 489 490 627 646 
1572 159 42 166 624 
1573 627 642 157 700 
1574 318 649 379 658 
1575 471 645 469 666 
1576 522 519 520 623 
1577 626 638 182 670 
1578 522 649 623 658 
1579 159 624 166 683 
1580 464 633 465 643 
1581 161 634 13 654 
1582 202 642 28 700 
1583 527 218 219 217 
1584 484 575 481 636 
1585 18 630 656 662 
1586 215 216 217 656 
1587 295 625 36 643 
1588 627 489 646 674 
1589 28 642 629 700 
1590 316 311 543 649 
1591 215 537 216 656 
1592 199 627 26 646 
1593 42 307 41 648 
1594 299 341 340 660 
1595 467 643 465 669 
1596 30 361 636 651 
1597 428 198 197 646 
1598 215 217 537 656 
1599 38 37 633 643 
1600 32 631 190 638 
1601 299 340 567 660 
1602 497 495 652 660 
1603 587 658 623 696 
1604 223 151 429 221 
1605 376 617 621 647 
1606 39 633 189 639 
1607 333 653 331 690 
1608 514 641 634 663 
1609 366 365 364 686 
1610 36 295 370 625 
1611 14 15 641 659 
1612 633 643 464 655 
1613 541 624 458 648 
1614 451 319 376 647 
1615 491 535 646 674 
1616 383 681 415 691 
1617 625 645 469 682 
1618 38 633 325 643 
1619 450 311 543 316 
1620 469 645 625 666 
1621 468 467 625 682 
1622 153 24 194 628 
1623 492 646 628 661 
1624 319 413 376 647 
1625 23 24 628 652 
1626 265 652 637 685 
1627 153 646 628 684 
1628 509 656 527 673 
1629 194 153 628 684 
1630 285 23 628 660 
1631 340 441 567 660 
1632 490 627 646 661 
1633 305 624 42 707 
1634 489 627 488 674 
1635 201 254 642 674 
1636 640 641 512 677 
1637 645 653 472 690 
1638 625 370 645 682 
1639 634 641 514 659 
1640 160 161 623 654 
1641 20 635 264 644 
1642 512 641 640 673 
1643 523 440 362 364 
1644 640 641 16 673 
1645 504 657 505 662 
1646 259 659 426 673 
1647 631 638 32 667 
1648 17 630 303 640 
1649 223 530 212 657 
1650 264 644 635 657 
1651 36 35 625 645 
1652 24 153 25 646 
1653 35 34 626 645 
1654 625 643 467 669 
1655 628 646 492 684 
1656 333 423 653 690 
1657 504 505 506 662 
1658 24 628 153 646 
1659 217 656 220 673 
1660 482 481 479 636 
1661 139 632 639 678 
1662 626 645 471 666 
1663 587 435 598 623 
1664 628 652 495 660 
1665 462 451 647 648 
1666 21 644 287 706 
1667 496 652 532 685 
1668 479 636 481 651 
1669 265 637 644 685 
1670 21 287 397 706 
1671 475 477 476 638 
1672 598 602 600 696 
1673 341 299 342 660 
1674 145 35 177 666 
1675 426 259 529 659 
1676 218 537 215 217 
1677 499 644 637 685 
1678 287 21 637 644 
1679 202 642 203 650 
1680 37 295 36 643 
1681 519 649 634 654 
1682 14 226 15 659 
1683 465 643 633 669 
1684 517 514 634 663 
1685 612 614 616 707 
1686 522 623 587 658 
1687 473 475 638 670 
1688 31 651 631 667 
1689 462 647 541 648 
1690 613 586 621 647 
1691 630 506 662 687 
1692 25 199 26 646 
1693 497 652 637 660 
1694 468 643 467 682 
1695 38 325 37 643 
1696 36 625 370 645 
1697 477 638 631 667 
1698 190 638 631 671 
1699 624 648 647 707 
1700 189 639 633 679 
1701 460 639 633 655 
1702 587 600 658 696 
1703 450 306 311 316 
1704 484 485 486 629 
1705 212 657 530 701 
1706 500 567 660 680 
1707 475 473 638 653 
1708 484 485 629 650 
1709 464 655 643 703 
1710 483 484 636 650 
1711 41 166 42 632 
1712 468 625 469 682 
1713 173 623 267 672 
1714 22 637 265 652 
1715 530 223 212 701 
1716 223 429 530 221 
1717 207 636 135 650 
1718 40 139 41 632 
1719 635 644 502 657 
1720 479 478 631 651 
1721 15 16 641 673 
1722 524 477 638 671 
1723 20 21 635 644 
1724 452 526 175 234 
1725 321 655 639 704 
1726 486 525 629 665 
1727 207 636 650 664 
1728 206 203 642 650 
1729 13 293 12 649 
1730 475 524 477 638 
1731 36 184 37 625 
1732 237 656 640 673 
1733 510 512 640 673 
1734 629 665 335 700 
1735 495 652 628 684 
1736 433 288 320 663 
1737 494 628 492 684 
1738 207 650 204 664 
1739 633 639 460 679 
1740 506 630 681 687 
1741 382 634 14 641 
1742 218 527 537 217 
1743 29 280 28 629 
1744 579 649 522 658 
1745 194 628 652 684 
1746 462 594 541 647 
1747 456 639 632 678 
1748 572 433 320 663 
1749 456 632 639 668 
1750 14 634 226 659 
1751 510 640 512 677 
1752 316 312 311 649 
1753 583 517 649 663 
1754 207 208 137 664 
1755 217 220 219 673 
1756 634 649 517 663 
1757 205 650 544 664 
1758 18 303 17 630 
1759 482 664 631 697 
1760 637 652 497 685 
1761 428 535 253 198 
1762 438 239 669 698 
1763 478 477 479 631 
1764 612 624 614 707 
1765 173 160 267 623 
1766 316 450 306 658 
1767 143 163 659 692 
1768 460 463 639 655 
1769 508 640 630 656 
1770 481 483 484 636 
1771 194 628 24 652 
1772 495 628 494 684 
1773 598 623 602 696 
1774 485 544 439 650 
1775 268 624 159 683 
1776 208 137 664 697 
1777 477 476 638 667 
1778 564 301 661 693 
1779 30 137 31 631 
1780 332 653 645 690 
1781 15 158 16 673 
1782 161 143 634 654 
1783 436 624 541 647 
1784 623 658 649 696 
1785 33 182 34 626 
1786 32 31 631 667 
1787 319 451 531 378 
1788 284 321 40 668 
1789 275 624 609 707 
1790 157 199 200 674 
1791 206 642 254 674 
1792 25 392 24 628 
1793 524 638 475 670 
1794 636 651 361 688 
1795 143 659 634 692 
1796 37 156 38 633 
1797 13 161 143 634 
1798 598 600 623 696 
1799 155 182 638 670 
1800 138 206 254 674 
1801 20 264 21 644 
1802 21 22 637 644 
1803 263 205 544 664 
1804 317 647 378 648 
1805 22 23 637 652 
1806 20 657 635 687 
1807 504 547 570 635 
1808 267 623 160 699 
1809 137 30 207 636 
1810 509 640 656 673 
1811 29 135 207 636 
1812 631 651 478 667 
1813 301 358 357 661 
1814 634 641 382 663 
1815 467 469 468 625 
1816 638 670 524 671 
1817 288 313 320 663 
1818 457 460 463 639 
1819 472 626 473 653 
1820 498 637 497 685 
1821 473 552 475 670 
1822 279 34 386 653 
1823 438 239 152 669 
1824 139 639 188 678 
1825 294 25 627 661 
1826 630 640 508 676 
1827 321 639 40 668 
1828 594 436 541 647 
1829 321 639 668 704 
1830 472 471 473 626 
1831 498 499 637 685 
1832 507 630 506 662 
1833 518 519 634 654 
1834 478 477 631 667 
1835 303 640 630 676 
1836 336 280 361 688 
1837 544 149 263 664 
1838 293 318 12 649 
1839 287 637 680 706 
1840 523 362 365 364 
1841 312 313 288 663 
1842 387 563 357 661 
1843 38 189 39 633 
1844 188 639 189 679 
1845 265 637 22 644 
1846 494 492 646 684 
1847 556 438 152 669 
1848 267 672 623 699 
1849 622 609 624 707 
1850 516 634 514 659 
1851 531 648 461 668 
1852 335 665 629 695 
1853 386 645 332 653 
1854 143 163 226 659 
1855 643 655 325 703 
1856 608 598 672 699 
1857 490 488 489 627 
1858 527 219 142 673 
1859 31 190 32 631 
1860 143 226 634 659 
1861 26 157 27 700 
1862 231 159 268 624 
1863 35 386 34 645 
1864 201 254 206 642 
1865 205 206 439 650 
1866 634 654 143 692 
1867 138 549 206 674 
1868 337 335 665 700 
1869 404 446 310 668 
1870 552 524 475 670 
1871 23 194 24 652 
1872 502 644 635 706 
1873 475 638 476 686 
1874 240 553 246 666 
1875 305 307 42 648 
1876 429 537 507 656 
1877 323 325 655 703 
1878 165 529 259 659 
1879 507 656 630 662 
1880 387 283 434 665 
1881 497 561 495 660 
1882 480 479 481 651 
1883 503 502 644 657 
1884 34 177 35 626 
1885 285 398 23 660 
1886 35 145 36 625 
1887 492 494 495 628 
1888 364 667 366 686 
1889 546 141 228 684 
1890 141 271 228 684 
1891 544 437 149 664 
1892 577 628 495 660 
1893 508 640 510 676 
1894 139 40 188 639 
1895 268 159 172 683 
1896 264 635 20 657 
1897 558 629 525 665 
1898 517 514 516 634 
1899 499 497 498 637 
1900 612 588 624 675 
1901 597 133 605 699 
1902 301 358 661 693 
1903 221 657 241 662 
1904 512 513 641 673 
1905 180 625 145 666 
1906 305 410 317 647 
1907 577 492 628 661 
1908 463 457 639 704 
1909 179 177 626 666 
1910 184 625 180 669 
1911 202 203 135 650 
1912 12 11 623 696 
1913 155 182 33 638 
1914 578 508 510 676 
1915 36 370 35 645 
1916 296 333 574 686 
1917 500 660 637 680 
1918 207 135 204 650 
1919 468 469 645 682 
1920 234 654 173 672 
1921 508 509 640 656 
1922 18 656 144 662 
1923 618 231 610 675 
1924 481 636 575 688 
1925 584 515 514 663 
1926 231 624 268 675 
1927 469 625 533 666 
1928 173 654 623 672 
1929 16 640 286 641 
1930 460 639 457 679 
1931 497 637 500 660 
1932 22 265 154 652 
1933 459 457 678 679 
1934 517 634 519 649 
1935 462 531 451 648 
1936 361 651 393 688 
1937 498 644 499 685 
1938 456 639 457 668 
1939 457 639 456 678 
1940 190 155 638 671 
1941 188 39 189 639 
1942 426 527 142 673 
1943 639 678 457 679 
1944 503 635 502 657 
1945 588 541 436 624 
1946 544 650 483 664 
1947 23 398 22 637 
1948 622 616 609 707 
1949 475 474 473 653 
1950 160 623 173 654 
1951 503 504 502 635 
1952 495 494 652 684 
1953 578 676 510 677 
1954 541 458 462 648 
1955 441 660 340 693 
1956 513 659 641 673 
1957 598 623 435 672 
1958 437 545 224 664 
1959 322 655 321 704 
1960 639 655 463 704 
1961 268 675 624 683 
1962 523 476 667 686 
1963 43 42 624 707 
1964 159 166 172 683 
1965 525 558 486 629 
1966 510 511 512 673 
1967 271 244 228 684 
1968 508 630 507 656 
1969 347 635 397 706 
1970 286 641 640 677 
1971 467 533 625 669 
1972 426 659 513 673 
1973 476 478 523 667 
1974 510 676 640 677 
1975 559 627 490 661 
1976 471 528 626 666 
1977 296 369 333 686 
1978 508 509 510 640 
1979 141 227 532 228 
1980 490 492 493 661 
1981 602 598 608 699 
1982 21 397 20 635 
1983 316 306 405 658 
1984 330 645 411 682 
1985 572 663 320 705 
1986 504 635 503 657 
1987 476 638 667 686 
1988 550 631 477 671 
1989 470 571 682 690 
1990 162 143 654 692 
1991 460 465 464 633 
1992 508 506 507 630 
1993 557 465 633 669 
1994 354 448 565 681 
1995 519 517 518 634 
1996 497 500 561 660 
1997 305 647 317 648 
1998 507 505 429 662 
1999 486 485 487 642 
2000 387 417 371 661 
2001 427 227 140 685 
2002 483 650 636 664 
2003 464 460 633 655 
2004 605 133 230 699 
2005 244 652 228 684 
2006 372 415 681 687 
2007 498 497 652 685 
2008 629 665 558 695 
2009 182 179 626 670 
2010 481 483 636 664 
2011 43 305 42 707 
2012 555 471 469 666 
2013 561 577 495 660 
2014 351 640 303 676 
2015 459 460 457 679 
2016 335 629 280 695 
2017 12 318 11 696 
2018 530 209 223 701 
2019 206 203 201 642 
2020 577 661 628 693 
2021 532 228 227 685 
2022 344 299 566 680 
2023 155 670 638 671 
2024 529 659 165 692 
2025 481 636 482 664 
2026 446 531 461 668 
2027 577 493 492 661 
2028 237 220 656 673 
2029 255 439 544 205 
2030 391 442 582 677 
2031 473 626 528 670 
2032 155 32 190 638 
2033 210 140 685 701 
2034 379 649 316 658 
2035 555 469 533 666 
2036 411 645 330 690 
2037 251 664 224 697 
2038 645 682 330 690 
2039 466 682 444 703 
2040 334 629 335 700 
2041 577 628 660 693 
2042 479 482 631 697 
2043 186 633 156 669 
2044 594 462 451 647 
2045 283 434 563 387 
2046 387 408 283 665 
2047 572 584 433 663 
2048 515 641 514 663 
2049 209 212 223 701 
2050 349 630 348 681 
2051 470 468 469 645 
2052 188 678 639 679 
2053 22 154 23 652 
2054 333 423 574 686 
2055 581 510 512 677 
2056 255 256 439 206 
2057 466 643 682 703 
2058 532 546 141 228 
2059 299 567 566 680 
2060 587 522 435 623 
2061 201 203 202 642 
2062 455 459 457 678 
2063 531 446 292 404 
2064 337 334 335 700 
2065 470 682 645 690 
2066 557 554 465 669 
2067 18 144 243 662 
2068 236 258 562 678 
2069 261 654 148 692 
2070 511 509 527 673 
2071 412 318 379 658 
2072 613 436 586 647 
2073 581 578 510 677 
2074 265 154 652 685 
2075 199 646 200 674 
2076 513 426 529 659 
2077 517 584 514 663 
2078 250 428 253 198 
2079 221 222 216 662 
2080 466 464 465 643 
2081 499 637 644 706 
2082 18 630 662 687 
2083 491 494 492 646 
2084 602 623 598 699 
2085 348 681 630 687 
2086 554 467 465 669 
2087 623 672 598 699 
2088 571 290 682 690 
2089 307 308 284 648 
2090 340 660 341 693 
2091 388 660 628 693 
2092 488 627 559 665 
2093 514 512 513 641 
2094 24 285 23 628 
2095 418 330 411 682 
2096 461 648 632 668 
2097 463 534 457 704 
2098 377 647 410 707 
2099 621 617 613 647 
2100 364 651 407 667 
2101 493 559 490 661 
2102 21 265 22 644 
2103 640 676 351 677 
2104 580 522 587 658 
2105 576 630 508 676 
2106 479 631 550 697 
2107 560 558 525 665 
2108 380 649 634 663 
2109 188 171 678 679 
2110 294 392 25 661 
2111 224 664 545 697 
2112 437 544 483 664 
2113 471 555 528 666 
2114 427 685 140 701 
2115 236 562 432 678 
2116 14 143 226 634 
2117 562 258 136 679 
2118 612 624 622 675 
2119 513 514 641 659 
2120 159 231 275 624 
2121 15 382 14 641 
2122 461 458 632 648 
2123 157 642 27 700 
2124 282 323 325 655 
2125 18 662 243 687 
2126 468 466 467 643 
2127 303 630 349 676 
2128 620 588 612 675 
2129 467 554 533 669 
2130 201 642 157 674 
2131 287 347 397 706 
2132 284 648 308 668 
2133 245 631 137 697 
2134 461 632 456 668 
2135 309 321 668 704 
2136 259 174 659 673 
2137 32 389 31 667 
2138 622 618 610 675 
2139 569 562 136 679 
2140 473 528 552 670 
2141 187 669 239 698 
2142 489 491 490 646 
2143 227 427 532 685 
2144 509 537 527 656 
2145 152 556 669 689 
2146 161 162 143 654 
2147 201 157 200 674 
2148 591 623 654 672 
2149 212 241 221 657 
2150 320 663 313 705 
2151 563 357 283 387 
2152 550 477 524 671 
2153 479 550 482 697 
2154 584 583 433 663 
2155 323 326 325 703 
2156 579 519 522 649 
2157 539 624 675 683 
2158 326 643 325 703 
2159 455 457 456 678 
2160 18 243 19 687 
2161 384 667 638 686 
2162 464 643 466 703 
2163 178 180 145 666 
2164 179 666 626 694 
2165 378 317 413 647 
2166 176 449 675 683 
2167 352 351 350 676 
2168 438 556 554 669 
2169 475 476 474 686 
2170 484 629 558 695 
2171 515 581 512 677 
2172 11 160 12 623 
2173 185 184 180 669 
2174 565 576 676 681 
2175 179 178 177 666 
2176 551 524 670 671 
2177 160 173 161 654 
2178 352 351 676 677 
2179 560 558 665 695 
2180 216 242 217 656 
2181 21 264 247 644 
2182 526 591 654 672 
2183 330 682 290 690 
2184 557 633 460 679 
2185 456 457 534 668 
2186 209 530 542 701 
2187 308 648 404 668 
2188 379 318 293 649 
2189 327 295 326 643 
2190 342 343 660 680 
2191 351 17 303 640 
2192 625 666 180 689 
2193 459 678 562 679 
2194 561 500 567 660 
2195 578 442 676 677 
2196 517 583 584 663 
2197 454 632 458 683 
2198 637 660 343 680 
2199 142 259 426 673 
2200 614 436 613 647 
2201 292 319 531 378 
2202 468 645 470 682 
2203 196 200 199 646 
2204 287 680 347 706 
2205 30 281 361 651 
2206 356 665 627 700 
2207 454 456 632 678 
2208 559 493 563 661 
2209 472 470 471 645 
2210 374 405 306 658 
2211 232 176 274 675 
2212 346 383 415 691 
2213 149 224 251 664 
2214 189 633 186 679 
2215 486 487 488 642 
2216 168 188 171 678 
2217 321 322 282 655 
2218 414 677 582 705 
2219 515 641 663 705 
2220 355 448 354 681 
2221 180 669 625 689 
2222 495 494 496 652 
2223 635 347 691 706 
2224 574 365 296 686 
2225 410 413 317 647 
2226 431 553 555 666 
2227 265 21 247 644 
2228 515 512 641 677 
2229 377 410 305 707 
2230 139 188 168 678 
2231 289 565 442 676 
2232 355 573 448 681 
2233 603 278 374 658 
2234 452 229 276 672 
2235 578 581 442 677 
2236 353 676 442 677 
2237 551 524 552 670 
2238 364 362 363 651 
2239 229 452 276 175 
2240 583 517 519 649 
2241 295 643 327 682 
2242 222 656 216 662 
2243 527 218 142 219 
2244 459 455 562 678 
2245 227 211 140 685 
2246 239 187 152 669 
2247 186 633 669 698 
2248 312 649 314 663 
2249 503 657 644 701 
2250 27 202 28 700 
2251 410 647 305 707 
2252 327 643 326 682 
2253 180 184 145 625 
2254 182 179 177 626 
2255 418 290 330 682 
2256 610 231 132 675 
2257 498 501 499 644 
2258 219 259 142 673 
2259 155 192 182 670 
2260 155 191 670 671 
2261 167 632 139 678 
2262 349 676 630 681 
2263 501 503 502 644 
2264 328 444 682 703 
2265 240 553 666 694 
2266 234 269 175 672 
2267 376 413 277 647 
2268 26 294 25 627 
2269 196 200 646 674 
2270 188 189 171 679 
2271 443 573 300 691 
2272 539 624 540 675 
2273 579 522 580 658 
2274 344 342 299 680 
2275 391 582 414 677 
2276 458 456 461 632 
2277 440 363 362 651 
2278 351 303 350 676 
2279 42 159 43 624 
2280 335 334 280 629 
2281 575 484 558 695 
2282 591 623 520 654 
2283 604 595 11 696 
2284 186 156 185 669 
2285 480 440 651 688 
2286 369 385 331 653 
2287 515 663 584 705 
2288 162 163 143 692 
2289 423 653 474 686 
2290 383 346 355 691 
2291 314 312 403 649 
2292 564 563 493 661 
2293 237 640 16 673 
2294 281 651 31 667 
2295 491 646 489 674 
2296 454 455 456 678 
2297 452 276 592 672 
2298 421 593 376 621 
2299 540 624 588 675 
2300 465 467 466 643 
2301 149 437 224 664 
2302 11 160 623 699 
2303 210 140 211 685 
2304 387 357 358 661 
2305 261 234 148 654 
2306 356 627 26 700 
2307 481 482 483 664 
2308 606 598 435 672 
2309 680 691 347 706 
2310 371 627 356 665 
2311 492 490 491 646 
2312 561 567 441 660 
2313 363 651 440 688 
2314 179 626 670 694 
2315 408 387 371 665 
2316 177 178 145 666 
2317 175 229 452 672 
2318 557 669 633 698 
2319 525 488 559 665 
2320 560 665 339 695 
2321 496 498 497 652 
2322 146 657 20 687 
2323 236 678 432 702 
2324 365 574 523 686 
2325 505 507 506 662 
2326 385 653 369 686 
2327 494 646 491 684 
2328 526 452 591 672 
2329 584 663 572 705 
2330 182 192 179 670 
2331 166 632 167 683 
2332 382 380 14 634 
2333 156 184 185 669 
2334 22 287 21 637 
2335 382 380 634 663 
2336 434 283 560 665 
2337 466 643 468 682 
2338 469 471 470 645 
2339 578 576 508 676 
2340 349 303 348 630 
2341 30 361 29 636 
2342 324 655 425 703 
2343 533 666 625 689 
2344 257 529 165 692 
2345 607 603 374 658 
2346 309 322 321 704 
2347 152 669 249 689 
2348 15 226 158 659 
2349 592 601 585 672 
2350 470 645 472 690 
2351 540 539 541 624 
2352 425 655 324 704 
2353 34 182 177 626 
2354 145 184 36 625 
2355 351 286 640 677 
2356 533 625 669 689 
2357 240 246 181 666 
2358 306 590 374 658 
2359 174 158 659 673 
2360 503 644 501 701 
2361 586 436 594 647 
2362 442 391 289 676 
2363 506 630 576 681 
2364 245 137 208 697 
2365 529 257 165 259 
2366 377 277 410 647 
2367 222 242 216 656 
2368 198 196 197 646 
2369 348 630 18 687 
2370 478 476 477 667 
2371 355 300 573 691 
2372 280 334 28 629 
2373 279 386 332 653 
2374 148 654 526 692 
2375 354 565 289 681 
2376 266 228 244 652 
2377 459 557 460 679 
2378 205 255 439 206 
2379 444 400 302 703 
2380 444 328 400 703 
2381 275 43 624 707 
2382 335 339 665 695 
2383 506 508 576 630 
2384 630 676 576 681 
2385 528 626 666 694 
2386 441 340 301 693 
2387 197 646 196 684 
2388 374 306 420 590 
2389 516 634 659 692 
2390 454 678 632 702 
2391 249 185 180 669 
2392 582 442 581 677 
2393 455 432 562 678 
2394 493 661 577 693 
2395 499 500 637 706 
2396 18 348 303 630 
2397 27 642 202 700 
2398 428 250 197 198 
2399 500 680 637 706 
2400 167 139 168 678 
2401 548 425 401 704 
2402 139 166 41 632 
2403 278 603 82 375 
2404 518 520 519 654 
2405 632 678 167 702 
2406 371 417 294 661 
2407 515 677 641 705 
2408 606 608 598 672 
2409 467 533 469 625 
2410 257 529 426 259 
2411 285 628 388 660 
2412 195 196 646 684 
2413 189 156 186 633 
2414 43 609 619 707 
2415 577 492 495 628 
2416 257 235 529 692 
2417 377 611 647 707 
2418 411 645 370 682 
2419 247 213 265 644 
2420 484 486 558 629 
2421 620 540 588 675 
2422 187 249 152 669 
2423 186 679 633 698 
2424 287 396 347 680 
2425 543 583 579 649 
2426 265 644 213 685 
2427 617 377 277 119 
2428 328 682 643 703 
2429 539 454 458 683 
2430 403 312 316 649 
2431 329 290 521 690 
2432 479 477 550 631 
2433 333 329 423 690 
2434 228 652 266 685 
2435 133 597 672 699 
2436 473 471 528 626 
2437 494 496 652 684 
2438 501 644 498 685 
2439 328 643 326 703 
2440 13 143 14 634 
2441 148 234 526 654 
2442 11 696 595 699 
2443 242 220 217 656 
2444 165 659 163 692 
2445 196 646 198 674 
2446 371 294 627 661 
2447 401 324 425 703 
2448 391 442 353 676 
2449 40 321 39 639 
2450 518 654 634 692 
2451 259 260 174 673 
2452 365 366 296 686 
2453 301 564 441 693 
2454 541 588 540 624 
2455 234 173 269 672 
2456 517 518 634 692 
2457 29 207 30 636 
2458 359 340 341 693 
2459 517 634 516 692 
2460 159 275 43 624 
2461 571 521 290 690 
2462 326 643 328 682 
2463 224 545 430 697 
2464 189 38 156 633 
2465 497 495 496 652 
2466 442 565 578 676 
2467 175 526 148 234 
2468 425 536 401 703 
2469 16 286 15 641 
2470 245 190 631 671 
2471 425 324 401 704 
2472 501 644 685 701 
2473 503 530 657 701 
2474 612 622 620 675 
2475 257 165 235 692 
2476 335 339 337 665 
2477 380 314 649 663 
2478 631 671 550 697 
2479 488 490 559 627 
2480 562 569 459 679 
2481 440 478 480 651 
2482 440 538 297 688 
2483 404 317 378 648 
2484 501 685 427 701 
2485 9 605 597 133 
2486 350 303 349 676 
2487 383 372 415 681 
2488 577 660 561 693 
2489 173 267 269 672 
2490 571 470 521 690 
2491 502 504 570 635 
2492 28 629 334 700 
2493 295 327 370 682 
2494 202 27 157 642 
2495 310 668 446 704 
2496 138 253 535 674 
2497 504 503 505 657 
2498 585 606 435 672 
2499 305 317 307 648 
2500 580 587 600 658 
2501 472 653 423 690 
2502 528 670 626 694 
2503 623 696 11 699 
2504 557 465 460 633 
2505 343 637 398 660 
2506 147 176 233 683 
2507 527 426 511 673 
2508 245 671 631 697 
2509 500 497 499 637 
2510 381 310 446 704 
2511 498 652 496 685 
2512 602 696 623 699 
2513 481 575 480 688 
2514 190 31 137 631 
2515 213 685 644 701 
2516 445 551 552 670 
2517 284 309 321 668 
2518 213 210 685 701 
2519 147 449 176 683 
2520 298 381 446 704 
2521 493 564 661 693 
2522 373 313 663 705 
2523 403 316 379 649 
2524 167 683 632 702 
2525 374 590 607 658 
2526 174 260 158 673 
2527 275 609 43 707 
2528 447 529 235 692 
2529 236 170 258 678 
2530 395 538 424 688 
2531 147 453 449 683 
2532 167 166 139 632 
2533 265 266 154 685 
2534 192 155 191 670 
2535 141 546 428 684 
2536 158 237 16 673 
2537 557 633 679 698 
2538 337 665 356 700 
2539 253 198 535 674 
2540 318 658 412 696 
2541 442 391 353 677 
2542 605 9 230 133 
2543 451 586 594 647 
2544 87 311 288 543 
2545 373 320 313 705 
2546 551 430 524 671 
2547 454 632 683 702 
2548 235 148 447 692 
2549 561 660 441 693 
2550 536 444 302 703 
2551 249 669 180 689 
2552 39 188 40 639 
2553 433 87 288 543 
2554 171 189 186 679 
2555 431 666 555 689 
2556 512 511 513 673 
2557 32 155 33 638 
2558 521 423 329 690 
2559 596 82 603 375 
2560 244 194 652 684 
2561 351 286 16 640 
2562 264 20 146 657 
2563 221 241 222 662 
2564 368 384 279 653 
2565 502 635 570 706 
2566 430 550 671 697 
2567 148 526 447 692 
2568 295 37 325 643 
2569 300 95 443 344 
2570 266 652 154 685 
2571 472 474 423 653 
2572 190 191 155 671 
2573 491 489 535 674 
2574 240 666 183 694 
2575 535 549 138 674 
2576 617 611 377 119 
2577 554 669 557 698 
2578 372 681 348 687 
2579 306 450 590 658 
2580 372 349 348 681 
2581 601 133 597 672 
2582 331 653 385 690 
2583 146 662 657 687 
2584 576 578 565 676 
2585 259 174 165 659 
2586 533 555 666 689 
2587 214 644 264 657 
2588 395 416 538 688 
2589 329 330 290 690 
2590 430 550 524 671 
2591 335 280 336 695 
2592 581 677 515 705 
2593 134 670 445 694 
2594 342 343 341 660 
2595 499 644 501 706 
2596 512 514 515 641 
2597 299 566 96 344 
2598 454 456 458 632 
2599 332 385 653 690 
2600 526 591 520 654 
2601 360 628 392 661 
2602 554 438 669 698 
2603 195 646 153 684 
2604 25 153 199 646 
2605 248 134 193 670 
2606 270 675 268 683 
2607 565 92 448 354 
2608 144 242 222 656 
2609 522 520 591 623 
2610 388 628 360 693 
2611 208 207 204 664 
2612 355 354 383 681 
2613 548 401 298 704 
2614 341 388 359 660 
2615 444 400 328 682 
2616 333 296 574 107 
2617 359 341 660 693 
2618 95 566 443 344 
2619 94 443 573 300 
2620 298 446 548 704 
2621 466 468 444 682 
2622 479 480 478 651 
2623 501 644 502 706 
2624 567 97 340 299 
2625 247 264 214 644 
2626 596 375 658 696 
2627 144 656 222 662 
2628 592 585 452 672 
2629 132 231 268 675 
2630 379 316 412 658 
2631 600 599 580 658 
2632 229 133 601 672 
2633 368 653 385 686 
2634 435 623 591 672 
2635 57 530 209 223 
2636 137 245 190 631 
2637 32 638 384 667 
2638 389 281 31 667 
2639 172 166 167 683 
2640 327 411 370 682 
2641 17 351 16 640 
2642 484 483 485 650 
2643 437 545 67 224 
2644 195 197 196 684 
2645 368 385 369 686 
2646 449 539 675 683 
2647 340 98 441 301 
2648 440 297 363 688 
2649 545 430 68 224 
2650 567 566 96 299 
2651 388 359 660 693 
2652 610 132 615 675 
2653 140 58 427 209 
2654 480 538 440 688 
2655 144 222 243 662 
2656 27 356 26 700 
2657 534 446 668 704 
2658 237 220 144 656 
2659 503 530 505 657 
2660 148 164 261 692 
2661 283 394 560 665 
2662 258 170 136 679 
2663 181 183 240 666 
2664 448 576 565 681 
2665 97 441 567 340 
2666 555 666 553 694 
2667 337 371 356 665 
2668 202 157 201 642 
2669 515 584 572 705 
2670 384 368 667 686 
2671 529 516 659 692 
2672 395 688 424 695 
2673 500 566 567 680 
2674 538 416 297 688 
2675 385 279 332 653 
2676 233 683 262 702 
2677 19 348 18 687 
2678 316 405 412 658 
2679 55 429 151 215 
2680 183 178 179 666 
2681 162 654 261 692 
2682 274 176 589 675 
2683 16 237 17 640 
2684 304 414 582 705 
2685 528 666 555 694 
2686 494 491 428 684 
2687 194 195 153 684 
2688 536 302 401 703 
2689 485 483 544 650 
2690 342 396 343 680 
2691 272 671 245 697 
2692 45 615 610 132 
2693 174 163 165 659 
2694 179 192 238 670 
2695 574 423 474 686 
2696 339 283 408 665 
2697 431 556 73 246 
2698 597 601 8 133 
2699 556 554 669 689 
2700 358 417 387 661 
2701 86 306 311 450 
2702 211 227 228 685 
2703 150 430 671 697 
2704 533 669 554 689 
2705 98 564 441 301 
2706 270 268 172 683 
2707 242 144 220 656 
2708 227 59 427 140 
2709 611 614 647 707 
2710 607 374 420 590 
2711 543 86 311 450 
2712 464 463 460 655 
2713 179 670 238 694 
2714 511 426 513 673 
2715 568 680 500 706 
2716 569 679 136 698 
2717 563 564 99 301 
2718 315 663 641 705 
2719 455 678 454 702 
2720 24 392 285 628 
2721 411 332 645 690 
2722 635 691 570 706 
2723 591 435 522 623 
2724 297 362 440 363 
2725 547 506 576 681 
2726 538 395 297 416 
2727 553 431 72 246 
2728 261 173 234 654 
2729 206 205 203 650 
2730 151 429 56 223 
2731 204 135 203 650 
2732 425 463 655 704 
2733 566 680 568 691 
2734 615 132 232 675 
2735 613 617 611 647 
2736 574 296 365 106 
2737 281 393 361 651 
2738 551 445 70 248 
2739 351 352 286 677 
2740 394 339 560 665 
2741 517 516 518 692 
2742 604 2 11 595 
2743 609 3 43 619 
2744 425 655 464 703 
2745 273 11 595 699 
2746 503 542 530 701 
2747 498 496 532 685 
2748 601 229 8 133 
2749 443 566 568 691 
2750 259 219 260 673 
2751 186 185 187 669 
2752 454 683 453 702 
2753 325 326 295 643 
2754 398 343 287 637 
2755 304 391 582 414 
2756 300 573 94 355 
2757 272 150 671 697 
2758 333 331 329 690 
2759 405 374 278 658 
2760 547 448 573 681 
2761 424 560 395 695 
2762 354 93 448 355 
2763 574 423 333 107 
2764 370 386 35 645 
2765 615 45 232 132 
2766 201 200 254 674 
2767 349 390 676 681 
2768 430 551 69 248 
2769 33 384 32 638 
2770 367 366 364 667 
2771 181 180 178 666 
2772 494 546 496 684 
2773 415 635 347 691 
2774 238 670 134 694 
2775 545 437 482 664 
2776 142 257 426 259 
2777 415 291 635 687 
2778 19 146 20 687 
2779 573 448 93 355 
2780 628 661 360 693 
2781 530 542 57 209 
2782 474 472 473 653 
2783 581 582 677 705 
2784 183 666 179 694 
2785 400 328 302 703 
2786 246 431 556 689 
2787 368 279 385 653 
2788 455 432 678 702 
2789 641 677 406 705 
2790 501 498 427 685 
2791 499 568 500 706 
2792 411 386 370 645 
2793 310 308 404 668 
2794 58 542 427 209 
2795 312 314 313 663 
2796 499 501 502 706 
2797 329 333 423 108 
2798 533 431 555 689 
2799 186 669 187 698 
2800 508 507 509 656 
2801 140 210 209 701 
2802 513 516 514 659 
2803 78 432 453 702 
2804 589 176 449 675 
2805 174 226 163 659 
2806 577 561 441 693 
2807 579 580 450 658 
2808 226 174 158 659 
2809 413 410 277 647 
2810 407 651 281 667 
2811 439 64 549 256 
2812 357 563 99 301 
2813 560 525 434 665 
2814 461 462 458 648 
2815 545 664 482 697 
2816 601 606 585 672 
2817 539 540 449 675 
2818 116 451 531 319 
2819 644 657 214 701 
2820 523 574 365 106 
2821 429 55 537 215 
2822 419 619 611 707 
2823 463 464 425 655 
2824 516 513 529 659 
2825 427 532 59 227 
2826 208 664 251 697 
2827 539 449 453 683 
2828 164 235 165 692 
2829 154 194 23 652 
2830 416 688 395 695 
2831 141 428 250 684 
2832 587 128 580 600 
2833 604 602 595 696 
2834 211 213 210 685 
2835 298 310 381 704 
2836 454 539 453 683 
2837 608 597 605 699 
2838 14 380 13 634 
2839 444 536 466 703 
2840 617 277 376 120 
2841 148 235 164 692 
2842 356 371 294 627 
2843 608 672 597 699 
2844 181 180 666 689 
2845 354 289 390 681 
2846 270 172 233 683 
2847 461 534 446 668 
2848 252 136 170 679 
2849 230 267 160 699 
2850 153 195 196 646 
2851 340 359 301 693 
2852 83 374 603 278 
2853 552 670 528 694 
2854 600 596 658 696 
2855 170 678 171 679 
2856 507 537 509 656 
2857 530 56 429 223 
2858 394 560 339 695 
2859 613 611 614 647 
2860 599 580 128 600 
2861 406 641 286 677 
2862 175 269 229 672 
2863 487 549 489 674 
2864 355 346 300 691 
2865 571 110 444 400 
2866 113 548 425 401 
2867 153 196 199 646 
2868 364 363 407 651 
2869 294 26 356 627 
2870 462 461 531 648 
2871 604 11 422 696 
2872 336 361 393 688 
2873 468 470 571 682 
2874 244 195 194 684 
2875 599 603 607 658 
2876 398 287 22 637 
2877 602 595 696 699 
2878 252 679 186 698 
2879 534 461 456 668 
2880 154 266 244 652 
2881 388 285 360 628 
2882 71 445 553 694 
2883 171 170 168 678 
2884 323 402 326 703 
2885 493 577 564 693 
2886 535 62 428 253 
2887 552 445 670 694 
2888 525 559 434 665 
2889 596 604 422 696 
2890 518 526 654 692 
2891 329 423 521 108 
2892 308 317 404 648 
2893 241 657 146 662 
2894 375 318 412 696 
2895 557 679 459 698 
2896 428 197 250 684 
2897 171 186 252 679 
2898 459 679 569 698 
2899 67 437 224 149 
2900 265 213 266 685 
2901 158 260 237 673 
2902 389 32 384 667 
2903 167 262 683 702 
2904 430 150 224 697 
2905 526 49 452 175 
2906 232 270 176 675 
2907 215 54 537 218 
2908 315 373 663 705 
2909 406 315 641 705 
2910 349 409 350 676 
2911 309 284 308 668 
2912 433 320 88 572 
2913 600 596 599 658 
2914 112 425 536 401 
2915 377 419 611 707 
2916 607 590 599 658 
2917 532 60 227 141 
2918 272 245 225 697 
2919 322 323 282 655 
2920 399 322 309 704 
2921 419 43 619 707 
2922 438 75 239 698 
2923 81 596 604 422 
2924 315 382 641 663 
2925 324 323 655 703 
2926 534 548 446 704 
2927 285 343 398 660 
2928 245 191 190 671 
2929 327 418 411 682 
2930 88 288 320 433 
2931 557 459 569 698 
2932 286 382 15 641 
2933 353 352 676 677 
2934 118 419 619 611 
2935 579 583 519 649 
2936 78 236 432 702 
2937 438 569 75 698 
2938 332 386 411 645 
2939 236 169 678 702 
2940 252 136 679 698 
2941 528 555 553 694 
2942 92 565 289 354 
2943 278 375 412 658 
2944 350 353 352 676 
2945 246 556 73 152 
2946 154 244 194 652 
2947 20 635 291 687 
2948 391 414 353 677 
2949 611 616 614 707 
2950 442 565 289 91 
2951 308 307 317 648 
2952 366 667 367 686 
2953 554 557 438 698 
2954 367 364 407 667 
2955 105 362 365 523 
2956 455 454 432 702 
2957 141 197 271 684 
2958 392 360 285 628 
2959 453 683 147 702 
2960 397 291 20 635 
2961 411 330 332 690 
2962 585 435 591 672 
2963 375 412 658 696 
2964 134 70 445 248 
2965 327 326 328 682 
2966 523 574 476 686 
2967 28 334 27 700 
2968 395 102 560 424 
2969 249 187 185 669 
2970 238 193 134 670 
2971 596 422 375 696 
2972 597 608 606 672 
2973 377 305 419 707 
2974 165 163 164 692 
2975 573 443 570 691 
2976 362 105 440 523 
2977 552 528 445 694 
2978 324 655 322 704 
2979 401 324 298 704 
2980 162 161 173 654 
2981 599 596 603 658 
2982 400 111 444 302 
2983 138 549 64 256 
2984 349 390 409 676 
2985 406 677 414 705 
2986 214 213 247 644 
2987 100 434 563 283 
2988 11 273 160 699 
2989 585 606 130 435 
2990 138 198 253 674 
2991 538 103 395 424 
2992 205 204 203 650 
2993 593 117 421 319 
2994 494 428 546 684 
2995 376 621 617 120 
2996 581 515 582 705 
2997 60 532 546 141 
2998 379 293 403 649 
2999 332 331 385 690 
3000 113 548 401 298 
3001 588 125 540 620 
3002 302 324 401 703 
3003 246 556 152 689 
3004 498 532 427 685 
3005 83 374 607 603 
3006 560 394 395 695 
3007 527 537 54 218 
3008 225 208 251 697 
3009 622 610 620 675 
3010 245 272 191 671 
3011 169 170 236 678 
3012 286 406 382 641 
3013 483 482 437 664 
3014 588 125 620 612 
3015 257 426 52 142 
3016 549 535 489 674 
3017 122 593 621 586 
3018 283 339 394 665 
3019 285 388 343 660 
3020 571 444 468 682 
3021 167 678 169 702 
3022 363 393 651 688 
3023 502 570 568 706 
3024 246 72 553 240 
3025 366 369 296 686 
3026 570 691 568 706 
3027 424 538 575 688 
3028 81 375 596 422 
3029 319 531 116 292 
3030 147 683 233 702 
3031 529 426 52 257 
3032 168 169 167 678 
3033 609 43 3 275 
3034 357 100 563 283 
3035 273 11 2 595 
3036 289 409 390 676 
3037 224 430 68 150 
3038 556 533 554 689 
3039 575 424 688 695 
3040 618 609 47 275 
3041 213 644 214 701 
3042 103 395 297 538 
3043 162 173 261 654 
3044 419 118 377 611 
3045 290 329 521 109 
3046 595 10 273 605 
3047 401 536 112 302 
3048 402 328 326 703 
3049 595 605 273 699 
3050 214 657 212 701 
3051 600 602 596 696 
3052 111 536 444 302 
3053 193 670 191 671 
3054 147 233 262 702 
3055 347 680 345 691 
3056 256 439 65 255 
3057 196 198 200 674 
3058 214 241 212 657 
3059 518 447 526 692 
3060 345 342 344 680 
3061 337 356 334 700 
3062 176 79 449 147 
3063 445 71 134 694 
3064 43 419 305 707 
3065 453 449 79 147 
3066 442 289 391 91 
3067 309 668 310 704 
3068 606 598 130 435 
3069 110 571 290 400 
3070 324 402 323 703 
3071 582 572 304 705 
3072 253 62 428 250 
3073 219 220 260 673 
3074 571 290 521 109 
3075 172 167 262 683 
3076 609 616 619 707 
3077 582 442 391 90 
3078 164 162 261 692 
3079 318 422 11 696 
3080 164 163 162 692 
3081 402 324 302 703 
3082 613 122 621 586 
3083 406 286 352 677 
3084 324 323 322 655 
3085 544 65 439 255 
3086 315 373 313 663 
3087 138 254 198 674 
3088 251 263 149 664 
3089 301 359 358 693 
3090 520 518 526 654 
3091 601 131 592 585 
3092 245 208 225 697 
3093 598 129 587 600 
3094 150 430 69 248 
3095 408 371 337 665 
3096 352 414 406 677 
3097 399 309 310 704 
3098 572 320 304 705 
3099 604 11 2 422 
3100 590 580 599 658 
3101 263 208 204 664 
3102 419 43 3 619 
3103 500 568 566 680 
3104 272 225 150 697 
3105 71 553 240 694 
3106 536 425 464 703 
3107 391 304 582 90 
3108 375 422 318 696 
3109 472 423 521 690 
3110 529 447 516 692 
3111 141 250 197 684 
3112 338 416 395 695 
3113 427 542 501 701 
3114 225 251 224 697 
3115 425 548 463 704 
3116 117 593 451 319 
3117 266 213 211 685 
3118 399 298 324 704 
3119 129 435 598 587 
3120 78 453 147 702 
3121 339 408 337 665 
3122 212 209 210 701 
3123 407 363 393 651 
3124 360 661 358 693 
3125 309 308 310 668 
3126 239 75 136 698 
3127 260 220 237 673 
3128 233 172 262 683 
3129 347 396 345 680 
3130 577 441 564 693 
3131 382 315 380 663 
3132 569 136 75 698 
3133 620 615 589 675 
3134 406 373 315 705 
3135 328 402 302 703 
3136 49 526 148 175 
3137 324 322 399 704 
3138 503 501 542 701 
3139 470 472 521 690 
3140 304 572 582 89 
3141 568 691 680 706 
3142 271 195 244 684 
3143 406 315 382 641 
3144 373 406 414 705 
3145 310 298 399 704 
3146 574 474 476 686 
3147 430 545 550 697 
3148 585 591 452 672 
3149 424 558 560 695 
3150 222 241 146 662 
3151 345 396 342 680 
3152 292 446 115 381 
3153 415 372 291 687 
3154 273 605 230 699 
3155 562 432 77 236 
3156 538 297 104 440 
3157 102 394 395 560 
3158 170 171 252 679 
3159 350 409 353 676 
3160 181 178 183 666 
3161 341 343 388 660 
3162 251 208 263 664 
3163 314 380 315 663 
3164 405 278 412 658 
3165 192 191 193 670 
3166 545 482 550 697 
3167 608 595 602 699 
3168 218 53 527 142 
3169 407 393 281 651 
3170 597 606 601 672 
3171 590 450 580 658 
3172 547 576 448 681 
3173 20 291 19 687 
3174 133 229 269 672 
3175 231 618 47 275 
3176 53 426 527 142 
3177 269 267 133 672 
3178 358 360 417 661 
3179 297 362 104 440 
3180 589 540 620 675 
3181 46 45 610 132 
3182 8 9 597 133 
3183 228 266 211 685 
3184 147 236 78 702 
3185 230 273 10 605 
3186 346 345 300 691 
3187 596 82 375 81 
3188 258 562 77 236 
3189 193 191 272 671 
3190 575 558 424 695 
3191 118 377 611 119 
3192 372 390 349 681 
3193 615 620 610 675 
3194 464 466 536 703 
3195 572 304 320 89 
3196 224 150 225 697 
3197 131 601 606 585 
3198 270 132 268 675 
3199 480 575 538 688 
3200 148 447 50 235 
3201 276 7 592 601 
3202 531 446 115 292 
3203 568 570 443 691 
3204 132 270 232 675 
3205 534 463 548 704 
3206 128 580 599 590 
3207 454 453 432 702 
3208 71 240 134 694 
3209 334 356 27 700 
3210 51 447 529 235 
3211 273 230 160 699 
3212 87 86 311 543 
3213 515 572 582 705 
3214 589 126 274 615 
3215 368 369 366 686 
3216 276 592 48 452 
3217 394 338 395 695 
3218 274 126 44 615 
3219 368 367 667 686 
3220 48 276 452 175 
3221 92 93 448 354 
3222 443 94 95 300 
3223 331 330 329 690 
3224 288 88 87 433 
3225 526 447 50 148 
3226 607 420 127 590 
3227 346 415 347 691 
3228 593 421 121 621 
3229 254 200 198 674 
3230 545 68 67 224 
3231 566 95 96 344 
3232 306 86 85 450 
3233 449 80 79 176 
3234 243 222 146 662 
3235 418 327 328 682 
3236 47 46 618 231 
3237 441 97 98 340 
3238 97 567 96 299 
3239 230 10 9 605 
3240 394 339 338 695 
3241 296 574 107 106 
3242 533 556 431 689 
3243 420 84 607 127 
3244 98 99 564 301 
3245 540 589 449 675 
3246 388 360 359 693 
3247 532 60 59 227 
3248 183 179 238 694 
3249 499 502 568 706 
3250 530 57 56 223 
3251 365 105 523 106 
3252 58 57 542 209 
3253 619 616 611 707 
3254 596 602 604 696 
3255 124 123 614 436 
3256 235 529 51 257 
3257 116 117 451 319 
3258 55 54 537 215 
3259 108 521 329 109 
3260 372 383 390 681 
3261 238 192 193 670 
3262 367 384 368 667 
3263 210 213 214 701 
3264 320 373 304 705 
3265 210 214 212 701 
3266 82 83 603 278 
3267 573 93 94 355 
3268 528 553 445 694 
3269 447 518 516 692 
3270 120 617 277 119 
3271 339 335 338 695 
3272 252 186 187 698 
3273 320 88 572 89 
3274 54 53 527 218 
3275 362 105 104 440 
3276 359 360 358 693 
3277 59 58 427 140 
3278 589 540 125 620 
3279 595 608 605 699 
3280 557 569 438 698 
3281 131 592 7 601 
3282 108 333 423 107 
3283 315 313 314 663 
3284 262 167 169 702 
3285 56 55 429 151 
3286 562 77 76 258 
3287 336 338 335 695 
3288 197 195 271 684 
3289 435 598 130 129 
3290 363 297 416 688 
3291 551 70 69 248 
3292 354 390 383 681 
3293 332 330 331 690 
3294 249 180 181 689 
3295 73 72 431 246 
3296 438 75 74 239 
3297 147 262 169 702 
3298 563 99 100 357 
3299 368 366 367 686 
3300 535 63 62 253 
3301 122 593 121 621 
3302 421 6 593 121 
3303 367 389 384 667 
3304 152 181 246 689 
3305 613 122 586 123 
3306 65 64 439 256 
3307 353 414 352 677 
3308 609 3 47 275 
3309 273 2 10 595 
3310 1 7 592 276 
3311 134 183 238 694 
3312 112 113 425 401 
3313 297 104 103 538 
3314 346 347 345 691 
3315 426 53 52 142 
3316 291 372 348 687 
3317 348 19 291 687 
3318 556 74 73 152 
3319 85 5 420 590 
3320 452 49 48 175 
3321 274 4 589 80 
3322 169 168 170 678 
3323 444 110 111 400 
3324 249 181 152 689 
3325 90 304 582 89 
3326 136 187 239 698 
3327 569 76 75 136 
3328 445 71 70 134 
3329 437 67 66 149 
3330 589 126 615 620 
3331 289 565 92 91 
3332 599 607 127 590 
3333 592 7 1 131 
3334 6 122 593 121 
3335 147 169 236 702 
3336 7 276 229 601 
3337 549 64 63 138 
3338 77 432 78 236 
3339 61 60 546 141 
3340 232 274 44 615 
3341 283 100 434 101 
3342 252 187 136 698 
3343 114 548 113 298 
3344 128 587 129 600 
3345 536 111 112 302 
3346 4 589 126 274 
3347 127 420 5 590 
3348 373 414 304 705 
3349 126 44 4 274 
3350 5 84 420 127 
3351 125 588 124 612 
3352 109 571 290 110 
3353 79 78 453 147 
3354 91 391 442 90 
3355 114 115 446 381 
3356 131 606 130 585 
3357 81 604 2 422 
3358 118 419 3 619 
3359 529 52 51 257 
3360 115 116 531 292 
3361 127 128 599 590 
3362 592 48 1 276 
3363 430 69 68 150 
3364 229 8 7 601 
3365 376 121 421 621 
3366 44 45 232 615 
3367 607 374 84 420 
3368 553 72 71 240 
3369 102 395 103 424 
3370 102 101 394 560 
3371 240 183 134 694 
3372 50 49 526 148 
3373 544 66 65 255 
3374 6 593 117 421 
3375 126 589 125 620 
3376 447 51 50 235 
3377 62 61 428 250 
3378 621 376 121 120 
3379 84 374 607 83 
3380 433 649 543 312 
3381 543 649 433 583 
3382 647 593 621 376 
3383 647 621 593 586 
3384 650 28 29 135 
3385 650 29 28 629 
3386 668 41 40 284 
3387 668 40 41 632 
3388 642 28 650 202 
3389 642 650 28 629 
3390 696 12 649 623 
3391 696 649 12 318 
3392 686 333 653 369 
3393 686 653 333 423 
3394 38 655 39 282 
3395 39 655 38 633 
3396 681 355 691 383 
3397 681 691 355 573 
3398 39 655 321 282 
3399 321 655 39 639 
3400 645 34 653 386 
3401 645 653 34 626 
3402 653 34 33 279 
3403 653 33 34 626 
3404 481 651 688 480 
3405 688 651 481 636 
3406 610 231 46 132 
3407 46 231 610 618 
3408 673 15 659 641 
3409 673 659 15 158 
3410 488 674 487 489 
3411 487 674 488 642 
3412 539 624 458 541 
3413 458 624 539 683 
3414 653 475 686 638 
3415 653 686 475 474 
3416 695 484 688 575 
3417 695 688 484 629 
3418 636 688 484 575 
3419 636 484 688 629 
3420 707 612 622 616 
3421 707 622 612 624 
3422 695 280 688 629 
3423 695 688 280 336 
3424 656 18 17 630 
3425 656 17 18 144 
3426 653 33 384 279 
3427 653 384 33 638 
3428 668 457 704 639 
3429 668 704 457 534 
3430 649 13 380 634 
3431 649 380 13 293 
3432 17 656 237 144 
3433 237 656 17 640 
3434 672 276 601 229 
3435 672 601 276 592 
3436 664 205 204 263 
3437 664 204 205 650 
3438 673 510 509 640 
3439 673 509 510 511 
3440 686 384 653 638 
3441 686 653 384 368 
3442 404 531 378 292 
3443 378 531 404 648 
3444 666 246 689 431 
3445 666 689 246 181 
3446 651 31 30 281 
3447 651 30 31 631 
3448 678 258 679 170 
3449 678 679 258 562 
3450 613 436 123 586 
3451 123 436 613 614 
3452 319 593 376 421 
3453 319 376 593 451 
3454 617 377 647 277 
3455 617 647 377 611 
3456 375 603 658 278 
3457 375 658 603 596 
3458 687 243 146 662 
3459 687 146 243 19 
3460 429 215 216 151 
3461 216 215 429 537 
3462 562 136 76 569 
3463 76 136 562 258 
3464 670 248 671 193 
3465 670 671 248 551 
3466 427 209 701 140 
3467 701 209 427 542 
3468 436 612 124 588 
3469 124 612 436 614 
3470 683 270 176 233 
3471 683 176 270 675 
3472 681 289 676 565 
3473 681 676 289 390 
3474 699 133 267 672 
3475 699 267 133 230 
3476 438 152 74 556 
3477 74 152 438 239 
3478 400 571 682 444 
3479 400 682 571 290 
3480 256 549 206 138 
3481 256 206 549 439 
3482 430 248 671 551 
3483 671 248 430 150 
3484 563 301 661 564 
3485 661 301 563 357 
3486 274 675 615 232 
3487 615 675 274 589 
3488 248 445 670 551 
3489 248 670 445 134 
3490 300 691 344 443 
3491 566 344 691 443 
3492 566 691 344 680 
3493 283 560 101 434 
3494 101 560 283 394 
3495 138 535 63 549 
3496 138 63 535 253 
3497 446 298 114 381 
3498 114 298 446 548 
3499 176 589 80 274 
3500 176 80 589 449 
3501 328 290 682 400 
3502 682 290 328 418 
3503 590 306 85 450 
3504 590 85 306 420 
3505 141 428 61 250 
3506 141 61 428 546 
3507 149 544 66 437 
3508 149 66 544 255 
3509 314 293 649 403 
3510 649 293 314 380 
3511 695 416 336 338 
3512 695 336 416 688 
3513 149 205 544 263 
3514 544 205 149 255 
3515 289 353 676 391 
3516 289 676 353 409 
3517 281 367 667 389 
3518 281 667 367 407 
3519 150 193 671 248 
3520 671 193 150 272 
3521 291 347 635 397 
3522 291 635 347 415 
3523 310 292 446 404 
3524 310 446 292 381 
3525 336 363 688 393 
3526 336 688 363 416 
3527 294 360 661 417 
3528 661 360 294 392 
3529 214 146 657 264 
3530 214 657 146 241 
3531 680 287 343 637 
3532 680 343 287 396 
3533 691 344 345 300 
3534 691 345 344 680 
$EndElements
