$ WeldFormGUI NASTRAN export
BEGIN BULK
MAT1           1  2.1+11           3.0-1
GRID           1              0.  -8.0-3      0.
GRID           2           8.0-3      0.      0.
GRID           3           8.0-3      0.   1.0-1
GRID           4              0.  -8.0-3   1.0-1
GRID           5              0.   8.0-3      0.
GRID           6              0.   8.0-3   1.0-1
GRID           7         2.472-3-7.608-3      0.
GRID           8         4.702-3-6.472-3      0.
GRID           9         6.472-3-4.702-3      0.
GRID          10         7.608-3-2.472-3      0.
GRID          11           8.0-3      0. 2.941-3
GRID          12           8.0-3      0. 5.882-3
GRID          13           8.0-3      0. 8.824-3
GRID          14           8.0-3      0. 1.176-2
GRID          15           8.0-3      0. 1.471-2
GRID          16           8.0-3      0. 1.765-2
GRID          17           8.0-3      0. 2.059-2
GRID          18           8.0-3      0. 2.353-2
GRID          19           8.0-3      0. 2.647-2
GRID          20           8.0-3      0. 2.941-2
GRID          21           8.0-3      0. 3.235-2
GRID          22           8.0-3      0. 3.529-2
GRID          23           8.0-3      0. 3.824-2
GRID          24           8.0-3      0. 4.118-2
GRID          25           8.0-3      0. 4.412-2
GRID          26           8.0-3      0. 4.706-2
GRID          27           8.0-3      0.   5.0-2
GRID          28           8.0-3      0. 5.294-2
GRID          29           8.0-3      0. 5.588-2
GRID          30           8.0-3      0. 5.882-2
GRID          31           8.0-3      0. 6.176-2
GRID          32           8.0-3      0. 6.471-2
GRID          33           8.0-3      0. 6.765-2
GRID          34           8.0-3      0. 7.059-2
GRID          35           8.0-3      0. 7.353-2
GRID          36           8.0-3      0. 7.647-2
GRID          37           8.0-3      0. 7.941-2
GRID          38           8.0-3      0. 8.235-2
GRID          39           8.0-3      0. 8.529-2
GRID          40           8.0-3      0. 8.824-2
GRID          41           8.0-3      0. 9.118-2
GRID          42           8.0-3      0. 9.412-2
GRID          43           8.0-3      0. 9.706-2
GRID          44         2.472-3-7.608-3   1.0-1
GRID          45         4.702-3-6.472-3   1.0-1
GRID          46         6.472-3-4.702-3   1.0-1
GRID          47         7.608-3-2.472-3   1.0-1
GRID          48              0.  -8.0-3 2.941-3
GRID          49              0.  -8.0-3 5.882-3
GRID          50              0.  -8.0-3 8.824-3
GRID          51              0.  -8.0-3 1.176-2
GRID          52              0.  -8.0-3 1.471-2
GRID          53              0.  -8.0-3 1.765-2
GRID          54              0.  -8.0-3 2.059-2
GRID          55              0.  -8.0-3 2.353-2
GRID          56              0.  -8.0-3 2.647-2
GRID          57              0.  -8.0-3 2.941-2
GRID          58              0.  -8.0-3 3.235-2
GRID          59              0.  -8.0-3 3.529-2
GRID          60              0.  -8.0-3 3.824-2
GRID          61              0.  -8.0-3 4.118-2
GRID          62              0.  -8.0-3 4.412-2
GRID          63              0.  -8.0-3 4.706-2
GRID          64              0.  -8.0-3   5.0-2
GRID          65              0.  -8.0-3 5.294-2
GRID          66              0.  -8.0-3 5.588-2
GRID          67              0.  -8.0-3 5.882-2
GRID          68              0.  -8.0-3 6.176-2
GRID          69              0.  -8.0-3 6.471-2
GRID          70              0.  -8.0-3 6.765-2
GRID          71              0.  -8.0-3 7.059-2
GRID          72              0.  -8.0-3 7.353-2
GRID          73              0.  -8.0-3 7.647-2
GRID          74              0.  -8.0-3 7.941-2
GRID          75              0.  -8.0-3 8.235-2
GRID          76              0.  -8.0-3 8.529-2
GRID          77              0.  -8.0-3 8.824-2
GRID          78              0.  -8.0-3 9.118-2
GRID          79              0.  -8.0-3 9.412-2
GRID          80              0.  -8.0-3 9.706-2
GRID          81         7.608-3 2.472-3      0.
GRID          82         6.472-3 4.702-3      0.
GRID          83         4.702-3 6.472-3      0.
GRID          84         2.472-3 7.608-3      0.
GRID          85              0.   8.0-3 2.941-3
GRID          86              0.   8.0-3 5.882-3
GRID          87              0.   8.0-3 8.824-3
GRID          88              0.   8.0-3 1.176-2
GRID          89              0.   8.0-3 1.471-2
GRID          90              0.   8.0-3 1.765-2
GRID          91              0.   8.0-3 2.059-2
GRID          92              0.   8.0-3 2.353-2
GRID          93              0.   8.0-3 2.647-2
GRID          94              0.   8.0-3 2.941-2
GRID          95              0.   8.0-3 3.235-2
GRID          96              0.   8.0-3 3.529-2
GRID          97              0.   8.0-3 3.824-2
GRID          98              0.   8.0-3 4.118-2
GRID          99              0.   8.0-3 4.412-2
GRID         100              0.   8.0-3 4.706-2
GRID         101              0.   8.0-3   5.0-2
GRID         102              0.   8.0-3 5.294-2
GRID         103              0.   8.0-3 5.588-2
GRID         104              0.   8.0-3 5.882-2
GRID         105              0.   8.0-3 6.176-2
GRID         106              0.   8.0-3 6.471-2
GRID         107              0.   8.0-3 6.765-2
GRID         108              0.   8.0-3 7.059-2
GRID         109              0.   8.0-3 7.353-2
GRID         110              0.   8.0-3 7.647-2
GRID         111              0.   8.0-3 7.941-2
GRID         112              0.   8.0-3 8.235-2
GRID         113              0.   8.0-3 8.529-2
GRID         114              0.   8.0-3 8.824-2
GRID         115              0.   8.0-3 9.118-2
GRID         116              0.   8.0-3 9.412-2
GRID         117              0.   8.0-3 9.706-2
GRID         118         7.608-3 2.472-3   1.0-1
GRID         119         6.472-3 4.702-3   1.0-1
GRID         120         4.702-3 6.472-3   1.0-1
GRID         121         2.472-3 7.608-3   1.0-1
GRID         122              0. 5.333-3   1.0-1
GRID         123              0. 2.667-3   1.0-1
GRID         124              0.1.214-17   1.0-1
GRID         125              0.-2.667-3   1.0-1
GRID         126              0.-5.333-3   1.0-1
GRID         127              0. 5.333-3      0.
GRID         128              0. 2.667-3      0.
GRID         129              0.1.214-17      0.
GRID         130              0.-2.667-3      0.
GRID         131              0.-5.333-3      0.
GRID         132         5.657-3-5.657-3 9.783-2
GRID         133         5.657-3-5.657-3 2.165-3
GRID         134         2.515-3-7.595-3 6.912-2
GRID         135         7.595-3-2.515-3 5.441-2
GRID         136         2.515-3-7.595-3 8.382-2
GRID         137         7.595-3-2.515-3 6.029-2
GRID         138         2.515-3-7.595-3 4.853-2
GRID         139         7.595-3-2.515-3 8.971-2
GRID         140         2.514-3-7.595-3 3.382-2
GRID         141         2.515-3-7.595-3 3.971-2
GRID         142         2.508-3-7.597-3 1.682-2
GRID         143         7.595-3-2.515-3 1.029-2
GRID         144         7.595-3-2.515-3 2.206-2
GRID         145         7.595-3-2.515-3   7.5-2
GRID         146         7.605-3-2.484-3 2.743-2
GRID         147         2.515-3-7.595-3 9.265-2
GRID         148         2.515-3-7.595-3 7.353-3
GRID         149         2.515-3-7.595-3 5.735-2
GRID         150         2.515-3-7.595-3 6.324-2
GRID         151         2.515-3-7.595-3   2.5-2
GRID         152         2.515-3-7.595-3 7.794-2
GRID         153         7.595-3-2.515-3 4.265-2
GRID         154         7.596-3 -2.51-3 3.745-2
GRID         155         7.595-3-2.514-3 6.617-2
GRID         156         7.594-3-2.515-3 8.088-2
GRID         157         7.594-3-2.516-3 4.853-2
GRID         158         7.597-3-2.508-3 1.554-2
GRID         159         7.595-3-2.515-3 9.559-2
GRID         160         7.595-3-2.515-3 4.412-3
GRID         161           7.6-3-2.497-3 7.327-3
GRID         162         6.441-3-4.745-3 8.782-3
GRID         163          6.41-3-4.786-3 1.169-2
GRID         164         4.617-3-6.533-3 1.077-2
GRID         165         4.576-3-6.562-3 1.312-2
GRID         166         7.599-3  -2.5-3 9.267-2
GRID         167         6.445-3 -4.74-3 9.126-2
GRID         168          6.41-3-4.787-3 8.829-2
GRID         169         4.612-3-6.536-3 8.923-2
GRID         170         4.571-3-6.566-3 8.688-2
GRID         171         6.393-3-4.809-3 8.544-2
GRID         172          6.47-3-4.705-3 9.412-2
GRID         173         6.449-3-4.734-3 5.885-3
GRID         174         6.391-3-4.813-3 1.403-2
GRID         175         2.515-3-7.595-3 4.412-3
GRID         176         2.501-3-7.599-3 9.556-2
GRID         177         7.595-3-2.513-3 7.206-2
GRID         178          6.42-3-4.774-3 7.353-2
GRID         179          6.42-3-4.773-3  7.06-2
GRID         180          6.42-3-4.773-3 7.647-2
GRID         181         4.593-3 -6.55-3   7.5-2
GRID         182         7.595-3-2.512-3 6.912-2
GRID         183         4.594-3-6.549-3 7.206-2
GRID         184         7.594-3-2.516-3 7.794-2
GRID         185          6.42-3-4.773-3 7.941-2
GRID         186         6.418-3-4.775-3 8.235-2
GRID         187         4.594-3 -6.55-3 8.088-2
GRID         188         7.594-3-2.516-3 8.679-2
GRID         189         7.594-3-2.516-3 8.384-2
GRID         190         7.595-3-2.513-3 6.324-2
GRID         191         6.423-3-4.769-3 6.535-2
GRID         192          6.42-3-4.773-3  6.78-2
GRID         193         4.614-3-6.535-3 6.675-2
GRID         194         7.595-3-2.512-3 3.997-2
GRID         195         6.425-3-4.767-3 4.207-2
GRID         196          6.42-3-4.773-3 4.458-2
GRID         197         4.593-3 -6.55-3 4.264-2
GRID         198         4.591-3-6.552-3 4.558-2
GRID         199         7.593-3-2.519-3 4.559-2
GRID         200         6.418-3-4.776-3 4.713-2
GRID         201         6.418-3-4.776-3 5.003-2
GRID         202         7.594-3-2.517-3 5.146-2
GRID         203         6.418-3-4.776-3 5.295-2
GRID         204         6.419-3-4.774-3 5.588-2
GRID         205         4.591-3-6.552-3 5.441-2
GRID         206         4.589-3-6.553-3 5.147-2
GRID         207         7.594-3-2.516-3 5.735-2
GRID         208         6.417-3-4.777-3 5.882-2
GRID         209         2.515-3-7.594-3 3.088-2
GRID         210         4.774-3-6.419-3 3.235-2
GRID         211         4.772-3-6.421-3 3.529-2
GRID         212         4.773-3 -6.42-3 2.941-2
GRID         213         6.547-3-4.597-3 3.313-2
GRID         214          6.55-3-4.593-3 3.088-2
GRID         215         2.515-3-7.594-3 2.206-2
GRID         216         4.774-3-6.419-3 2.353-2
GRID         217         4.774-3-6.419-3 2.059-2
GRID         218         2.513-3-7.595-3 1.942-2
GRID         219          4.77-3-6.422-3 1.834-2
GRID         220         6.551-3-4.592-3 1.917-2
GRID         221         4.773-3 -6.42-3 2.647-2
GRID         222         6.516-3-4.641-3 2.496-2
GRID         223         2.515-3-7.594-3 2.794-2
GRID         224         2.513-3-7.595-3  6.03-2
GRID         225         4.767-3-6.425-3 6.141-2
GRID         226         7.596-3-2.511-3 1.286-2
GRID         227         2.514-3-7.595-3 3.676-2
GRID         228         4.776-3-6.418-3 3.759-2
GRID         229         3.623-3-7.133-3 2.171-3
GRID         230         7.128-3-3.632-3 2.165-3
GRID         231         7.133-3-3.623-3 9.783-2
GRID         232         3.632-3-7.128-3 9.783-2
GRID         233         4.548-3-6.581-3 9.412-2
GRID         234         4.532-3-6.593-3 5.882-3
GRID         235         2.227-3-7.684-3 1.087-2
GRID         236         2.224-3-7.685-3 8.913-2
GRID         237         7.669-3-2.277-3 1.894-2
GRID         238         4.857-3-6.357-3 6.912-2
GRID         239         2.204-3 -7.69-3 8.088-2
GRID         240         2.204-3 -7.69-3 7.206-2
GRID         241         6.357-3-4.856-3 2.794-2
GRID         242         6.358-3-4.856-3 2.206-2
GRID         243         7.681-3-2.237-3 2.492-2
GRID         244         6.512-3-4.647-3 3.922-2
GRID         245         6.548-3-4.596-3   6.2-2
GRID         246         2.204-3 -7.69-3   7.5-2
GRID         247         7.562-3-2.611-3 3.235-2
GRID         248         2.204-3-7.691-3 6.618-2
GRID         249         4.856-3-6.358-3 7.794-2
GRID         250         2.203-3-7.691-3 4.265-2
GRID         251         4.507-3-6.609-3 5.883-2
GRID         252         4.853-3 -6.36-3 8.381-2
GRID         253         2.202-3-7.691-3 4.559-2
GRID         254         4.855-3-6.358-3 4.853-2
GRID         255         2.202-3-7.691-3 5.441-2
GRID         256         2.201-3-7.691-3 5.147-2
GRID         257         2.194-3-7.693-3 1.324-2
GRID         258         2.191-3-7.694-3 8.676-2
GRID         259         4.445-3-6.651-3  1.54-2
GRID         260         6.642-3-4.459-3 1.685-2
GRID         261         4.994-3 -6.25-3 8.031-3
GRID         262         4.997-3-6.248-3 9.197-2
GRID         263         4.809-3-6.393-3 5.668-2
GRID         264         7.718-3-2.107-3 3.016-2
GRID         265         7.677-3-2.251-3 3.475-2
GRID         266         6.521-3-4.634-3  3.65-2
GRID         267         6.472-3-4.702-3  3.81-3
GRID         268         6.473-3-4.701-3 9.619-2
GRID         269         4.701-3-6.473-3 3.814-3
GRID         270         4.703-3-6.472-3 9.618-2
GRID         271         4.912-3-6.315-3   4.0-2
GRID         272         4.922-3-6.306-3 6.384-2
GRID         273         7.773-3-1.891-3 2.028-3
GRID         274         1.891-3-7.773-3 9.795-2
GRID         275         7.776-3 -1.88-3 9.797-2
GRID         276          1.88-3-7.776-3 2.033-3
GRID         277         5.657-3 5.657-3 9.783-2
GRID         278         5.657-3 5.657-3 2.165-3
GRID         279         7.595-3 2.515-3 6.912-2
GRID         280         7.595-3 2.515-3 5.441-2
GRID         281         7.595-3 2.515-3 6.029-2
GRID         282         7.595-3 2.515-3 8.382-2
GRID         283         2.515-3 7.595-3 4.853-2
GRID         284         7.595-3 2.515-3 8.971-2
GRID         285         7.595-3 2.515-3 3.971-2
GRID         286         7.597-3 2.508-3 1.682-2
GRID         287         7.595-3 2.515-3 3.382-2
GRID         288         2.515-3 7.595-3 1.029-2
GRID         289         2.515-3 7.595-3 2.206-2
GRID         290         2.515-3 7.595-3   7.5-2
GRID         291         7.595-3 2.515-3 2.794-2
GRID         292         2.515-3 7.595-3 9.265-2
GRID         293         7.595-3 2.515-3 7.353-3
GRID         294         7.595-3 2.515-3 4.559-2
GRID         295         7.595-3 2.515-3 7.794-2
GRID         296         2.514-3 7.595-3 6.617-2
GRID         297         2.508-3 7.597-3   5.8-2
GRID         298         2.491-3 7.602-3 8.683-2
GRID         299         2.515-3 7.595-3 3.676-2
GRID         300         2.515-3 7.595-3 3.088-2
GRID         301         2.514-3 7.595-3 4.265-2
GRID         302         2.496-3 7.601-3 8.088-2
GRID         303         7.595-3 2.515-3 2.206-2
GRID         304         2.509-3 7.596-3 1.554-2
GRID         305         7.595-3 2.515-3 9.559-2
GRID         306         2.515-3 7.595-3 4.412-3
GRID         307           7.6-3 2.497-3 9.267-2
GRID         308         6.441-3 4.745-3 9.122-2
GRID         309          6.41-3 4.786-3 8.836-2
GRID         310         4.629-3 6.525-3  8.93-2
GRID         311         2.514-3 7.595-3 7.353-3
GRID         312         4.755-3 6.434-3 8.824-3
GRID         313         4.766-3 6.425-3 1.178-2
GRID         314         6.527-3 4.626-3 1.027-2
GRID         315         6.537-3 4.612-3 1.319-2
GRID         316         4.756-3 6.432-3 5.921-3
GRID         317         6.449-3 4.734-3 9.412-2
GRID         318         7.595-3 2.515-3 4.412-3
GRID         319         2.515-3 7.595-3 9.559-2
GRID         320         2.515-3 7.594-3 1.288-2
GRID         321         7.578-3 2.563-3 8.677-2
GRID         322         6.378-3 4.829-3 8.516-2
GRID         323         6.386-3 4.818-3 8.249-2
GRID         324         4.555-3 6.577-3 8.386-2
GRID         325         7.583-3 2.548-3 8.088-2
GRID         326         6.367-3 4.844-3 7.945-2
GRID         327         6.399-3 4.801-3 7.648-2
GRID         328         4.567-3 6.568-3 7.833-2
GRID         329         2.513-3 7.595-3 7.206-2
GRID         330         4.777-3 6.417-3 7.289-2
GRID         331         4.773-3  6.42-3 7.041-2
GRID         332         6.548-3 4.595-3 7.172-2
GRID         333         2.513-3 7.595-3 6.912-2
GRID         334         7.594-3 2.515-3 5.147-2
GRID         335         6.419-3 4.774-3 5.294-2
GRID         336         6.419-3 4.774-3 5.588-2
GRID         337         6.421-3 4.772-3 5.001-2
GRID         338         4.593-3  6.55-3 5.441-2
GRID         339         4.593-3  6.55-3 5.147-2
GRID         340         2.514-3 7.595-3 3.971-2
GRID         341         4.774-3  6.42-3 3.824-2
GRID         342         4.776-3 6.418-3  3.53-2
GRID         343          6.55-3 4.593-3 3.677-2
GRID         344         2.515-3 7.594-3 3.382-2
GRID         345         4.776-3 6.418-3 3.235-2
GRID         346         4.768-3 6.424-3 3.005-2
GRID         347         6.537-3 4.612-3 3.145-2
GRID         348         7.595-3 2.513-3   2.5-2
GRID         349         6.421-3 4.772-3 2.349-2
GRID         350         6.422-3  4.77-3 2.055-2
GRID         351         7.595-3 2.513-3 1.942-2
GRID         352         6.423-3 4.769-3 1.833-2
GRID         353         4.578-3 6.561-3 1.898-2
GRID         354         2.512-3 7.595-3   2.5-2
GRID         355         2.514-3 7.595-3 2.794-2
GRID         356         7.594-3 2.516-3 4.853-2
GRID         357         2.513-3 7.595-3 4.559-2
GRID         358         4.768-3 6.424-3 4.348-2
GRID         359         4.773-3  6.42-3 4.103-2
GRID         360         6.535-3 4.614-3 4.207-2
GRID         361         7.595-3 2.514-3 5.735-2
GRID         362         2.512-3 7.596-3 6.069-2
GRID         363         4.776-3 6.418-3  5.95-2
GRID         364         4.773-3  6.42-3 6.211-2
GRID         365         2.513-3 7.595-3 6.339-2
GRID         366         4.774-3 6.419-3 6.487-2
GRID         367         6.552-3  4.59-3 6.391-2
GRID         368         6.548-3 4.595-3 6.618-2
GRID         369         4.773-3  6.42-3 6.764-2
GRID         370         7.597-3 2.508-3 7.564-2
GRID         371         6.418-3 4.776-3 4.771-2
GRID         372         6.422-3  4.77-3 2.647-2
GRID         373          4.77-3 6.422-3 1.403-2
GRID         374         3.632-3 7.128-3 2.165-3
GRID         375         7.133-3 3.623-3 2.171-3
GRID         376         3.623-3 7.133-3 9.783-2
GRID         377         7.128-3 3.632-3 9.783-2
GRID         378         4.532-3 6.593-3 9.412-2
GRID         379         6.601-3  4.52-3 5.882-3
GRID         380         7.684-3 2.225-3 1.029-2
GRID         381         2.218-3 7.686-3 8.971-2
GRID         382         7.687-3 2.216-3 1.324-2
GRID         383         4.511-3 6.607-3 2.647-2
GRID         384         7.688-3 2.212-3 6.553-2
GRID         385         6.357-3 4.857-3 6.912-2
GRID         386         7.661-3 2.305-3  7.23-2
GRID         387         4.606-3 6.541-3 4.646-2
GRID         388         6.357-3 4.856-3 3.971-2
GRID         389          7.69-3 2.204-3 6.324-2
GRID         390          4.51-3 6.608-3 2.353-2
GRID         391         2.275-3  7.67-3 1.895-2
GRID         392          7.69-3 2.204-3 4.265-2
GRID         393         6.608-3 4.509-3 5.882-2
GRID         394         2.204-3 7.691-3 5.147-2
GRID         395         2.204-3 7.691-3 5.441-2
GRID         396         6.358-3 4.856-3 3.382-2
GRID         397         7.691-3 2.203-3 3.088-2
GRID         398         7.691-3 2.203-3 3.676-2
GRID         399         4.838-3 6.372-3 8.687-2
GRID         400         2.172-3   7.7-3 7.794-2
GRID         401         2.169-3   7.7-3 8.382-2
GRID         402         4.831-3 6.376-3 8.094-2
GRID         403         6.275-3 4.962-3 8.066-3
GRID         404         4.993-3 6.251-3 9.197-2
GRID         405         4.702-3 6.472-3  3.83-3
GRID         406         6.663-3 4.427-3 1.543-2
GRID         407         6.298-3 4.933-3 6.102-2
GRID         408         4.824-3 6.382-3 4.883-2
GRID         409         4.933-3 6.298-3 2.133-2
GRID         410         6.472-3 4.702-3 9.619-2
GRID         411         6.631-3 4.476-3 7.403-2
GRID         412         6.473-3 4.701-3 3.815-3
GRID         413         4.701-3 6.473-3 9.619-2
GRID         414         4.415-3 6.672-3  1.69-2
GRID         415         6.303-3 4.926-3 2.861-2
GRID         416         4.415-3 6.672-3 5.664-2
GRID         417         6.287-3 4.947-3 4.484-2
GRID         418         4.904-3  6.32-3 7.543-2
GRID         419         7.773-3 1.891-3 9.797-2
GRID         420         1.891-3 7.773-3 2.028-3
GRID         421          1.88-3 7.776-3 9.797-2
GRID         422         7.776-3  1.88-3 2.033-3
GRID         423              0. 5.334-3 6.915-2
GRID         424              0. 5.348-3 5.443-2
GRID         425              0. 5.119-3 8.386-2
GRID         426              0.-5.058-3 1.619-2
GRID         427              0.-5.234-3 3.384-2
GRID         428              0.-5.268-3 4.266-2
GRID         429              0.  -5.2-3 2.502-2
GRID         430              0.-5.357-3 6.325-2
GRID         431              0.-5.403-3 7.501-2
GRID         432              0.-5.458-3 8.972-2
GRID         433              0.   5.5-3 1.031-2
GRID         434              0.  5.38-3 4.856-2
GRID         435              0.-1.295-3  2.15-3
GRID         436              0. 1.326-3 9.789-2
GRID         437              0.-5.279-3 5.737-2
GRID         438              0.-5.445-3 8.089-2
GRID         439              0.-5.302-3 5.148-2
GRID         440              0. 5.269-3 6.034-2
GRID         441              0. 5.388-3 3.974-2
GRID         442              0. 5.488-3 1.916-2
GRID         443              0. 5.453-3 3.088-2
GRID         444              0. 5.261-3 7.797-2
GRID         445              0. -5.38-3 6.913-2
GRID         446              0. 5.288-3 8.973-2
GRID         447              0.-5.143-3 1.031-2
GRID         448              0. 5.473-3 2.504-2
GRID         449              0.-5.401-3 9.546-2
GRID         450              0. 5.435-3 4.564-3
GRID         451              0. 5.071-3 9.571-2
GRID         452              0.-5.561-3 4.071-3
GRID         453              0.-5.458-3 9.263-2
GRID         454              0.-2.927-3  9.12-2
GRID         455              0.-2.903-3 8.827-2
GRID         456              0.-2.787-4 8.977-2
GRID         457              0.-2.224-4 8.684-2
GRID         458              0.-4.118-4 9.267-2
GRID         459              0. -2.86-3 8.534-2
GRID         460              0.-3.026-4 8.391-2
GRID         461              0. 2.118-3 9.126-2
GRID         462              0.  2.26-3 9.401-2
GRID         463              0. 2.487-3 8.536-2
GRID         464              0. 2.346-3 8.243-2
GRID         465              0.-2.708-4 8.096-2
GRID         466              0. 2.399-3 7.948-2
GRID         467              0.-2.146-4 7.802-2
GRID         468              0. 2.415-3 7.655-2
GRID         469              0.-1.844-4 7.508-2
GRID         470              0. 2.376-3 7.364-2
GRID         471              0.-1.616-4 7.215-2
GRID         472              0. 2.468-3 7.069-2
GRID         473              0.-1.191-4  6.92-2
GRID         474              0. 2.509-3 6.773-2
GRID         475              0.-8.064-5 6.626-2
GRID         476              0. 2.487-3 6.481-2
GRID         477              0. -4.82-5 6.333-2
GRID         478              0. 2.529-3 6.188-2
GRID         479              0.-1.789-5 6.038-2
GRID         480              0. 2.563-3  5.89-2
GRID         481              0. 2.517-5 5.744-2
GRID         482              0. -2.59-3 5.888-2
GRID         483              0.-2.554-3 5.593-2
GRID         484              0.   4.1-5  5.45-2
GRID         485              0.-2.537-3 5.299-2
GRID         486              0. 8.337-5 5.156-2
GRID         487              0.-2.497-3 5.006-2
GRID         488              0. 1.215-4 4.862-2
GRID         489              0.-2.421-3 4.712-2
GRID         490              0. 1.651-4 4.568-2
GRID         491              0.-2.438-3 4.418-2
GRID         492              0. 1.796-4 4.274-2
GRID         493              0. 2.734-3 4.419-2
GRID         494              0.-2.406-3 4.124-2
GRID         495              0. 2.118-4  3.98-2
GRID         496              0.-2.323-3  3.83-2
GRID         497              0.  2.82-4 3.686-2
GRID         498              0.-2.345-3 3.535-2
GRID         499              0. 2.984-4 3.392-2
GRID         500              0. 2.847-3 3.542-2
GRID         501              0.-2.313-3 3.242-2
GRID         502              0. 3.239-4 3.098-2
GRID         503              0.-2.221-3 2.948-2
GRID         504              0. 3.776-4 2.804-2
GRID         505              0.-2.255-3 2.653-2
GRID         506              0. 3.934-4 2.509-2
GRID         507              0.-2.225-3 2.359-2
GRID         508              0. 4.253-4 2.215-2
GRID         509              0.-2.123-3 2.066-2
GRID         510              0. 4.885-4 1.921-2
GRID         511              0.-2.145-3 1.771-2
GRID         512              0. 4.974-4 1.627-2
GRID         513              0.-2.123-3 1.476-2
GRID         514              0. 5.208-4 1.333-2
GRID         515              0. 3.005-3 1.477-2
GRID         516              0.-2.117-3 1.182-2
GRID         517              0. 5.555-4 1.038-2
GRID         518              0. -2.08-3 8.892-3
GRID         519              0. 5.933-4 7.435-3
GRID         520              0.-1.618-3 6.458-3
GRID         521              0. 5.175-3 7.212-2
GRID         522              0. 2.901-4 4.445-3
GRID         523              0.  5.21-3  6.33-2
GRID         524              0.-2.668-3 6.476-2
GRID         525              0. 2.664-3 5.012-2
GRID         526              0.-4.679-3 7.054-3
GRID         527              0.-5.002-3 1.915-2
GRID         528              0.-2.731-3 7.064-2
GRID         529              0.-5.073-3 1.326-2
GRID         530              0.-5.076-3 2.797-2
GRID         531              0. 4.971-3 9.268-2
GRID         532              0.-5.129-3  3.68-2
GRID         533              0.-2.783-3 7.652-2
GRID         534              0. 2.614-3 8.831-2
GRID         535              0.-5.183-3 4.562-2
GRID         536              0. 5.187-3 8.092-2
GRID         537              0.-5.092-3 2.209-2
GRID         538              0. 5.218-3 5.738-2
GRID         539              0.-2.942-3 9.408-2
GRID         540              0. -2.91-3  9.68-2
GRID         541              0.-1.248-4 9.565-2
GRID         542              0.-5.141-3 3.091-2
GRID         543              0.  5.47-3  7.36-3
GRID         544              0.-5.279-3 5.443-2
GRID         545              0.-5.309-3 6.032-2
GRID         546              0.-5.188-3 3.973-2
GRID         547              0. 2.925-3 2.655-2
GRID         548              0. 5.251-3  8.68-2
GRID         549              0.-5.234-3 4.856-2
GRID         550              0.-2.665-3 6.182-2
GRID         551              0. -5.35-3  6.62-2
GRID         552              0.-2.721-3  6.77-2
GRID         553              0.-5.379-3 7.208-2
GRID         554              0.-2.805-3 7.947-2
GRID         555              0.-2.774-3 7.358-2
GRID         556              0.-5.388-3 7.796-2
GRID         557              0.-2.881-3  8.24-2
GRID         558              0. 2.656-3 5.302-2
GRID         559              0. 2.714-3 4.717-2
GRID         560              0. 5.305-3 5.149-2
GRID         561              0. 2.811-3 3.836-2
GRID         562              0.-5.448-3 8.679-2
GRID         563              0. 5.412-3  4.56-2
GRID         564              0. 5.327-3 4.268-2
GRID         565              0. 5.468-3 2.211-2
GRID         566              0. 5.449-3 3.383-2
GRID         567              0. 5.428-3  3.68-2
GRID         568              0. 2.866-3 3.246-2
GRID         569              0.-5.439-3 8.384-2
GRID         570              0. 2.895-3  2.95-2
GRID         571              0. 5.204-3 7.505-2
GRID         572              0. 5.514-3 1.327-2
GRID         573              0. 5.458-3 2.798-2
GRID         574              0. 5.257-3 6.622-2
GRID         575              0. 2.642-3 5.595-2
GRID         576              0.  2.93-3 2.362-2
GRID         577              0. 2.775-3 4.125-2
GRID         578              0. 2.951-3 2.068-2
GRID         579              0. 2.979-3 5.957-3
GRID         580              0. 2.895-3 3.212-3
GRID         581              0. 3.003-3 1.771-2
GRID         582              0. 5.501-3 1.621-2
GRID         583              0. 3.014-3 8.887-3
GRID         584              0.  3.01-3 1.184-2
GRID         585              0.-3.945-3 2.031-3
GRID         586              0. 3.906-3  9.79-2
GRID         587              0. 9.114-4 1.961-3
GRID         588              0. -8.75-4 9.807-2
GRID         589              0.-5.035-3 9.778-2
GRID         590              0.  5.05-3 2.215-3
GRID         591              0.-2.709-3 3.985-3
GRID         592              0.-6.151-3 1.857-3
GRID         593              0. 6.062-3 9.813-2
GRID         594              0. 2.488-3 9.623-2
GRID         595         5.988-3-9.292-4      0.
GRID         596         4.793-3 2.662-3      0.
GRID         597          4.22-3-4.114-3      0.
GRID         598         2.138-3-9.861-4      0.
GRID         599         2.389-3 3.707-3      0.
GRID         600         2.269-3 1.455-3      0.
GRID         601          2.71-3-5.376-3      0.
GRID         602         4.259-3 2.175-4      0.
GRID         603         4.271-3 4.611-3      0.
GRID         604          6.13-3 8.846-4      0.
GRID         605         5.663-3-2.886-3      0.
GRID         606         2.154-3-3.353-3      0.
GRID         607         2.767-3 5.546-3      0.
GRID         608         4.083-3-1.922-3      0.
GRID         609         5.988-3-9.292-4   1.0-1
GRID         610          4.22-3-4.114-3   1.0-1
GRID         611         4.793-3 2.662-3   1.0-1
GRID         612         2.138-3-9.861-4   1.0-1
GRID         613         2.389-3 3.707-3   1.0-1
GRID         614         2.269-3 1.455-3   1.0-1
GRID         615          2.71-3-5.376-3   1.0-1
GRID         616         4.259-3 2.175-4   1.0-1
GRID         617         4.271-3 4.611-3   1.0-1
GRID         618         5.663-3-2.886-3   1.0-1
GRID         619          6.13-3 8.846-4   1.0-1
GRID         620         2.154-3-3.353-3   1.0-1
GRID         621         2.767-3 5.546-3   1.0-1
GRID         622         4.083-3-1.922-3   1.0-1
GRID         623         3.899-3-8.298-4 3.936-3
GRID         624         3.954-3-8.343-4 9.611-2
GRID         625         3.902-3-1.059-3 7.647-2
GRID         626         3.895-3-1.057-3 7.059-2
GRID         627         3.882-3 9.964-4 4.716-2
GRID         628         3.887-3 9.694-4 4.128-2
GRID         629         3.911-3  1.06-3 5.294-2
GRID         630         3.927-3 1.062-3 2.353-2
GRID         631         3.895-3-1.018-3  6.17-2
GRID         632         3.861-3 -1.23-3 9.119-2
GRID         633         3.909-3-1.067-3 8.236-2
GRID         634         4.099-3 -2.31-4 1.029-2
GRID         635         3.844-3 1.198-3 2.952-2
GRID         636         4.134-3-2.371-4 5.735-2
GRID         637         3.852-3 1.146-3 3.539-2
GRID         638         4.137-3-2.368-4 6.618-2
GRID         639         4.138-3-2.382-4 8.676-2
GRID         640         4.081-3  4.19-4 1.949-2
GRID         641         3.872-3 1.323-3 1.481-2
GRID         642         3.997-3-1.659-3 5.008-2
GRID         643         3.976-3 1.639-3 7.942-2
GRID         644         3.822-3 -1.43-3 3.243-2
GRID         645         3.904-3 1.622-3 7.353-2
GRID         646         3.957-3 -1.68-3 4.423-2
GRID         647         3.473-3 2.913-3 9.673-2
GRID         648         3.744-3 2.228-3 9.293-2
GRID         649         3.521-3 2.313-3  7.43-3
GRID         650         3.567-3-2.654-3 5.442-2
GRID         651         3.626-3 2.402-3 6.005-2
GRID         652         3.862-3-1.556-3 3.826-2
GRID         653         3.582-3 2.307-3 6.891-2
GRID         654         3.604-3-2.603-3 7.323-3
GRID         655         3.602-3 2.496-3 8.382-2
GRID         656         3.526-3 -2.36-3 2.199-2
GRID         657         3.663-3-2.461-3 2.886-2
GRID         658         3.344-3 3.427-3 3.237-3
GRID         659         3.603-3-2.255-3  1.35-2
GRID         660         3.563-3 3.062-3 3.839-2
GRID         661         3.515-3 2.874-3 4.421-2
GRID         662         4.203-3-1.904-3 2.542-2
GRID         663         3.583-3 3.041-3 1.167-2
GRID         664         3.182-3-3.546-3 5.785-2
GRID         665          3.31-3 3.388-3 4.956-2
GRID         666         3.485-3-2.889-3 7.353-2
GRID         667         4.208-3 1.979-3 6.347-2
GRID         668         3.605-3 2.502-3 8.922-2
GRID         669         3.487-3-2.885-3 7.941-2
GRID         670         3.407-3-3.124-3 6.789-2
GRID         671         3.437-3-3.192-3  6.44-2
GRID         672          3.24-3-3.783-3 2.995-3
GRID         673         3.625-3-2.388-3 1.717-2
GRID         674         3.213-3-3.587-3 4.736-2
GRID         675         3.239-3-3.786-3 9.701-2
GRID         676         3.343-3  3.32-3 2.107-2
GRID         677         3.426-3 3.238-3 1.764-2
GRID         678         3.408-3-3.153-3  8.84-2
GRID         679         3.387-3 -3.23-3 8.497-2
GRID         680         3.182-3  4.26-3 3.433-2
GRID         681         2.849-3  3.78-3 2.509-2
GRID         682         3.251-3 3.465-3 7.634-2
GRID         683         3.305-3-3.477-3 9.364-2
GRID         684         3.337-3-3.423-3 4.116-2
GRID         685         3.327-3-3.281-3 3.531-2
GRID         686         3.004-3 3.817-3 6.599-2
GRID         687         4.966-3 9.815-4 2.654-2
GRID         688         2.952-3  3.71-3 5.706-2
GRID         689         2.726-3-4.365-3 7.673-2
GRID         690         2.965-3 4.016-3 7.158-2
GRID         691         2.739-3 3.909-3 3.069-2
GRID         692         2.785-3-3.258-3 1.046-2
GRID         693         2.901-3 3.935-3 4.134-2
GRID         694         2.606-3-4.466-3  7.06-2
GRID         695         2.816-3 3.927-3 5.387-2
GRID         696         4.932-3 1.286-3  2.47-3
GRID         697          2.81-3-3.937-3 6.099-2
GRID         698         2.536-3-4.588-3 8.236-2
GRID         699         5.235-3-1.809-3 2.146-3
GRID         700         5.215-3 1.142-3 5.022-2
GRID         701          2.91-3-4.172-3 3.133-2
GRID         702         2.655-3-4.638-3 9.092-2
GRID         703         2.861-3 3.967-3 8.117-2
GRID         704         2.856-3 3.946-3 8.652-2
GRID         705         2.614-3 4.527-3 1.501-2
GRID         706         2.554-3 1.291-3 3.224-2
GRID         707         5.031-3 1.008-3 9.763-2
CTETRA         1       5     563     661     387     665
CTETRA         2       5     559     661     563     665
CTETRA         3       5     622     609     618     624
CTETRA         4       5     530     657     221     662
CTETRA         5       5      13     649      12     654
CTETRA         6       5     378     647     451     648
CTETRA         7       5     216     656     429     662
CTETRA         8       5     221     216     429     662
CTETRA         9       5     485     439     642     650
CTETRA        10       5     530     221     429     662
CTETRA        11       5      13     634     649     654
CTETRA        12       5      12     649     623     654
CTETRA        13       5     312     433     649     663
CTETRA        14       5     217     527     656     673
CTETRA        15       5     583     649     433     663
CTETRA        16       5     216     429     151     221
CTETRA        17       5     157     627     199     674
CTETRA        18       5     629     636     280     688
CTETRA        19       5     609     275     618     624
CTETRA        20       5      12     161      13     654
CTETRA        21       5     487     642     439     674
CTETRA        22       5     217     219     527     673
CTETRA        23       5     523     651     364     667
CTETRA        24       5     523     440     364     651
CTETRA        25       5     280     636     361     688
CTETRA        26       5     486     642     488     700
CTETRA        27       5     486     488     665     700
CTETRA        28       5      29     636     629     650
CTETRA        29       5     199     157      26     627
CTETRA        30       5     166     624      42     632
CTETRA        31       5     627     646     199     674
CTETRA        32       5     546     228     532     652
CTETRA        33       5     450     543     579     649
CTETRA        34       5     228     652     546     684
CTETRA        35       5      25     646     627     661
CTETRA        36       5     563     387     434     665
CTETRA        37       5     404     648     531     668
CTETRA        38       5     206     642     439     650
CTETRA        39       5      37     643     625     669
CTETRA        40       5     157     642     627     674
CTETRA        41       5      37     625     184     669
CTETRA        42       5     628     646      25     661
CTETRA        43       5     392     628      25     661
CTETRA        44       5     398     637      23     660
CTETRA        45       5      28     202     135     650
CTETRA        46       5      42     632     624     648
CTETRA        47       5     450     316     543     649
CTETRA        48       5     635     681     547     691
CTETRA        49       5     231     618     275     624
CTETRA        50       5     415     681     635     691
CTETRA        51       5     631     636     137     664
CTETRA        52       5     530     505     657     662
CTETRA        53       5     535     428     491     646
CTETRA        54       5      37     633     643     669
CTETRA        55       5     312     288     433     663
CTETRA        56       5     478     651     523     667
CTETRA        57       5      37     156     633     669
CTETRA        58       5     532     652     228     685
CTETRA        59       5      23     652     628     660
CTETRA        60       5     280     629      29     636
CTETRA        61       5     439     642     206     674
CTETRA        62       5     559     563     434     665
CTETRA        63       5      30     636     631     651
CTETRA        64       5     559     627     661     665
CTETRA        65       5     428     646     197     684
CTETRA        66       5     579     450     649     658
CTETRA        67       5     482     479     631     636
CTETRA        68       5     535     198     428     646
CTETRA        69       5     487     485     439     642
CTETRA        70       5     234     175     452     672
CTETRA        71       5     295     625     643     682
CTETRA        72       5     342     660     299     680
CTETRA        73       5     637     652      23     660
CTETRA        74       5     488     627     665     700
CTETRA        75       5     488     642     627     700
CTETRA        76       5     451     378     319     647
CTETRA        77       5     487     439     549     674
CTETRA        78       5     429     216     537     656
CTETRA        79       5     570     635     547     691
CTETRA        80       5     486     665     629     700
CTETRA        81       5     530     429     505     662
CTETRA        82       5     504     662     506     687
CTETRA        83       5     482     636     631     664
CTETRA        84       5     531     378     451     648
CTETRA        85       5     523     478     440     651
CTETRA        86       5     624     632     166     683
CTETRA        87       5     504     657     662     687
CTETRA        88       5     547     681     573     691
CTETRA        89       5     630     640      17     656
CTETRA        90       5     567     299     660     680
CTETRA        91       5     316     649     450     658
CTETRA        92       5      21     397     635     706
CTETRA        93       5     446     404     531     668
CTETRA        94       5     625     645      35     666
CTETRA        95       5     546     532     496     652
CTETRA        96       5     635     681     415     687
CTETRA        97       5      35     645     626     666
CTETRA        98       5     458     632     624     683
CTETRA        99       5     486     629     485     642
CTETRA       100       5     624     632     458     648
CTETRA       101       5      21     635     644     706
CTETRA       102       5     520     623     519     654
CTETRA       103       5      40     639     632     668
CTETRA       104       5     612     588     436     624
CTETRA       105       5     486     629     642     700
CTETRA       106       5      14     641     634     659
CTETRA       107       5      29     135     636     650
CTETRA       108       5      33     638     626     653
CTETRA       109       5     319     378     413     647
CTETRA       110       5      41     648     284     668
CTETRA       111       5     485     642     629     650
CTETRA       112       5     623     649     519     654
CTETRA       113       5     288     433     543     312
CTETRA       114       5     504     547     635     687
CTETRA       115       5     504     506     547     687
CTETRA       116       5     145     625      35     666
CTETRA       117       5     177      35     626     666
CTETRA       118       5     543     311     288     312
CTETRA       119       5     633     639      39     655
CTETRA       120       5     371     661     627     665
CTETRA       121       5     376     593     451     647
CTETRA       122       5     436     614     624     647
CTETRA       123       5     207     137     636     664
CTETRA       124       5     325     633      38     655
CTETRA       125       5     223     221     530     657
CTETRA       126       5     305     648     624     707
CTETRA       127       5     553     431     246     666
CTETRA       128       5     504     635     657     687
CTETRA       129       5     523     667     364     686
CTETRA       130       5     622     624     618     675
CTETRA       131       5     624     647     614     707
CTETRA       132       5     311     312     543     649
CTETRA       133       5     618     624     231     675
CTETRA       134       5     537     217     527     656
CTETRA       135       5     137     631      30     636
CTETRA       136       5      41     632     648     668
CTETRA       137       5     305     647     648     707
CTETRA       138       5     523     364     365     686
CTETRA       139       5     305      42     624     648
CTETRA       140       5     325     643     633     655
CTETRA       141       5     198     646     535     674
CTETRA       142       5     295     370     625     682
CTETRA       143       5     277     617     376     647
CTETRA       144       5     223     212     221     657
CTETRA       145       5     612     436     614     624
CTETRA       146       5     593     586     451     647
CTETRA       147       5     629     636     484     650
CTETRA       148       5     526     654     234     672
CTETRA       149       5     387     661     371     665
CTETRA       150       5     364     440     362     651
CTETRA       151       5      42      41     632     648
CTETRA       152       5     491     646     428     684
CTETRA       153       5     182     626      33     638
CTETRA       154       5     547     681     635     687
CTETRA       155       5     282     325      38     655
CTETRA       156       5      24      25     628     646
CTETRA       157       5     587     598     600     623
CTETRA       158       5      12     623     161     654
CTETRA       159       5     587     623     600     696
CTETRA       160       5     507     429     656     662
CTETRA       161       5     544     205     439     650
CTETRA       162       5     160     161      12     623
CTETRA       163       5     472     645     626     653
CTETRA       164       5     486     488     525     665
CTETRA       165       5      26     627     157     700
CTETRA       166       5     361     280      29     636
CTETRA       167       5     287     644     637     706
CTETRA       168       5     156      37     184     669
CTETRA       169       5     631     636     479     651
CTETRA       170       5     570     547     573     691
CTETRA       171       5     139     632      40     639
CTETRA       172       5     649     658     318     696
CTETRA       173       5      37      36     625     643
CTETRA       174       5     627     642     488     674
CTETRA       175       5     472     471     626     645
CTETRA       176       5      25      26     627     646
CTETRA       177       5     546     652     496     684
CTETRA       178       5     439     206     549     674
CTETRA       179       5     526     234     452     672
CTETRA       180       5     467     643     625     682
CTETRA       181       5     333     369     331     653
CTETRA       182       5     490     646     492     661
CTETRA       183       5     631     664     137     697
CTETRA       184       5     473     638     626     670
CTETRA       185       5     626     638     473     653
CTETRA       186       5     631     638     477     671
CTETRA       187       5     519     623     522     649
CTETRA       188       5      41     307     284     648
CTETRA       189       5     506     681     547     687
CTETRA       190       5     541     647     624     648
CTETRA       191       5     489     490     627     646
CTETRA       192       5     159      42     166     624
CTETRA       193       5     627     642     157     700
CTETRA       194       5     318     649     379     658
CTETRA       195       5     471     645     469     666
CTETRA       196       5     522     519     520     623
CTETRA       197       5     626     638     182     670
CTETRA       198       5     522     649     623     658
CTETRA       199       5     159     624     166     683
CTETRA       200       5     464     633     465     643
CTETRA       201       5     161     634      13     654
CTETRA       202       5     202     642      28     700
CTETRA       203       5     527     218     219     217
CTETRA       204       5     484     575     481     636
CTETRA       205       5      18     630     656     662
CTETRA       206       5     215     216     217     656
CTETRA       207       5     295     625      36     643
CTETRA       208       5     627     489     646     674
CTETRA       209       5      28     642     629     700
CTETRA       210       5     316     311     543     649
CTETRA       211       5     215     537     216     656
CTETRA       212       5     199     627      26     646
CTETRA       213       5      42     307      41     648
CTETRA       214       5     299     341     340     660
CTETRA       215       5     467     643     465     669
CTETRA       216       5      30     361     636     651
CTETRA       217       5     428     198     197     646
CTETRA       218       5     215     217     537     656
CTETRA       219       5      38      37     633     643
CTETRA       220       5      32     631     190     638
CTETRA       221       5     299     340     567     660
CTETRA       222       5     497     495     652     660
CTETRA       223       5     587     658     623     696
CTETRA       224       5     223     151     429     221
CTETRA       225       5     376     617     621     647
CTETRA       226       5      39     633     189     639
CTETRA       227       5     333     653     331     690
CTETRA       228       5     514     641     634     663
CTETRA       229       5     366     365     364     686
CTETRA       230       5      36     295     370     625
CTETRA       231       5      14      15     641     659
CTETRA       232       5     633     643     464     655
CTETRA       233       5     541     624     458     648
CTETRA       234       5     451     319     376     647
CTETRA       235       5     491     535     646     674
CTETRA       236       5     383     681     415     691
CTETRA       237       5     625     645     469     682
CTETRA       238       5      38     633     325     643
CTETRA       239       5     450     311     543     316
CTETRA       240       5     469     645     625     666
CTETRA       241       5     468     467     625     682
CTETRA       242       5     153      24     194     628
CTETRA       243       5     492     646     628     661
CTETRA       244       5     319     413     376     647
CTETRA       245       5      23      24     628     652
CTETRA       246       5     265     652     637     685
CTETRA       247       5     153     646     628     684
CTETRA       248       5     509     656     527     673
CTETRA       249       5     194     153     628     684
CTETRA       250       5     285      23     628     660
CTETRA       251       5     340     441     567     660
CTETRA       252       5     490     627     646     661
CTETRA       253       5     305     624      42     707
CTETRA       254       5     489     627     488     674
CTETRA       255       5     201     254     642     674
CTETRA       256       5     640     641     512     677
CTETRA       257       5     645     653     472     690
CTETRA       258       5     625     370     645     682
CTETRA       259       5     634     641     514     659
CTETRA       260       5     160     161     623     654
CTETRA       261       5      20     635     264     644
CTETRA       262       5     512     641     640     673
CTETRA       263       5     523     440     362     364
CTETRA       264       5     640     641      16     673
CTETRA       265       5     504     657     505     662
CTETRA       266       5     259     659     426     673
CTETRA       267       5     631     638      32     667
CTETRA       268       5      17     630     303     640
CTETRA       269       5     223     530     212     657
CTETRA       270       5     264     644     635     657
CTETRA       271       5      36      35     625     645
CTETRA       272       5      24     153      25     646
CTETRA       273       5      35      34     626     645
CTETRA       274       5     625     643     467     669
CTETRA       275       5     628     646     492     684
CTETRA       276       5     333     423     653     690
CTETRA       277       5     504     505     506     662
CTETRA       278       5      24     628     153     646
CTETRA       279       5     217     656     220     673
CTETRA       280       5     482     481     479     636
CTETRA       281       5     139     632     639     678
CTETRA       282       5     626     645     471     666
CTETRA       283       5     587     435     598     623
CTETRA       284       5     628     652     495     660
CTETRA       285       5     462     451     647     648
CTETRA       286       5      21     644     287     706
CTETRA       287       5     496     652     532     685
CTETRA       288       5     479     636     481     651
CTETRA       289       5     265     637     644     685
CTETRA       290       5      21     287     397     706
CTETRA       291       5     475     477     476     638
CTETRA       292       5     598     602     600     696
CTETRA       293       5     341     299     342     660
CTETRA       294       5     145      35     177     666
CTETRA       295       5     426     259     529     659
CTETRA       296       5     218     537     215     217
CTETRA       297       5     499     644     637     685
CTETRA       298       5     287      21     637     644
CTETRA       299       5     202     642     203     650
CTETRA       300       5      37     295      36     643
CTETRA       301       5     519     649     634     654
CTETRA       302       5      14     226      15     659
CTETRA       303       5     465     643     633     669
CTETRA       304       5     517     514     634     663
CTETRA       305       5     612     614     616     707
CTETRA       306       5     522     623     587     658
CTETRA       307       5     473     475     638     670
CTETRA       308       5      31     651     631     667
CTETRA       309       5     462     647     541     648
CTETRA       310       5     613     586     621     647
CTETRA       311       5     630     506     662     687
CTETRA       312       5      25     199      26     646
CTETRA       313       5     497     652     637     660
CTETRA       314       5     468     643     467     682
CTETRA       315       5      38     325      37     643
CTETRA       316       5      36     625     370     645
CTETRA       317       5     477     638     631     667
CTETRA       318       5     190     638     631     671
CTETRA       319       5     624     648     647     707
CTETRA       320       5     189     639     633     679
CTETRA       321       5     460     639     633     655
CTETRA       322       5     587     600     658     696
CTETRA       323       5     450     306     311     316
CTETRA       324       5     484     485     486     629
CTETRA       325       5     212     657     530     701
CTETRA       326       5     500     567     660     680
CTETRA       327       5     475     473     638     653
CTETRA       328       5     484     485     629     650
CTETRA       329       5     464     655     643     703
CTETRA       330       5     483     484     636     650
CTETRA       331       5      41     166      42     632
CTETRA       332       5     468     625     469     682
CTETRA       333       5     173     623     267     672
CTETRA       334       5      22     637     265     652
CTETRA       335       5     530     223     212     701
CTETRA       336       5     223     429     530     221
CTETRA       337       5     207     636     135     650
CTETRA       338       5      40     139      41     632
CTETRA       339       5     635     644     502     657
CTETRA       340       5     479     478     631     651
CTETRA       341       5      15      16     641     673
CTETRA       342       5     524     477     638     671
CTETRA       343       5      20      21     635     644
CTETRA       344       5     452     526     175     234
CTETRA       345       5     321     655     639     704
CTETRA       346       5     486     525     629     665
CTETRA       347       5     207     636     650     664
CTETRA       348       5     206     203     642     650
CTETRA       349       5      13     293      12     649
CTETRA       350       5     475     524     477     638
CTETRA       351       5      36     184      37     625
CTETRA       352       5     237     656     640     673
CTETRA       353       5     510     512     640     673
CTETRA       354       5     629     665     335     700
CTETRA       355       5     495     652     628     684
CTETRA       356       5     433     288     320     663
CTETRA       357       5     494     628     492     684
CTETRA       358       5     207     650     204     664
CTETRA       359       5     633     639     460     679
CTETRA       360       5     506     630     681     687
CTETRA       361       5     382     634      14     641
CTETRA       362       5     218     527     537     217
CTETRA       363       5      29     280      28     629
CTETRA       364       5     579     649     522     658
CTETRA       365       5     194     628     652     684
CTETRA       366       5     462     594     541     647
CTETRA       367       5     456     639     632     678
CTETRA       368       5     572     433     320     663
CTETRA       369       5     456     632     639     668
CTETRA       370       5      14     634     226     659
CTETRA       371       5     510     640     512     677
CTETRA       372       5     316     312     311     649
CTETRA       373       5     583     517     649     663
CTETRA       374       5     207     208     137     664
CTETRA       375       5     217     220     219     673
CTETRA       376       5     634     649     517     663
CTETRA       377       5     205     650     544     664
CTETRA       378       5      18     303      17     630
CTETRA       379       5     482     664     631     697
CTETRA       380       5     637     652     497     685
CTETRA       381       5     428     535     253     198
CTETRA       382       5     438     239     669     698
CTETRA       383       5     478     477     479     631
CTETRA       384       5     612     624     614     707
CTETRA       385       5     173     160     267     623
CTETRA       386       5     316     450     306     658
CTETRA       387       5     143     163     659     692
CTETRA       388       5     460     463     639     655
CTETRA       389       5     508     640     630     656
CTETRA       390       5     481     483     484     636
CTETRA       391       5     194     628      24     652
CTETRA       392       5     495     628     494     684
CTETRA       393       5     598     623     602     696
CTETRA       394       5     485     544     439     650
CTETRA       395       5     268     624     159     683
CTETRA       396       5     208     137     664     697
CTETRA       397       5     477     476     638     667
CTETRA       398       5     564     301     661     693
CTETRA       399       5      30     137      31     631
CTETRA       400       5     332     653     645     690
CTETRA       401       5      15     158      16     673
CTETRA       402       5     161     143     634     654
CTETRA       403       5     436     624     541     647
CTETRA       404       5     623     658     649     696
CTETRA       405       5      33     182      34     626
CTETRA       406       5      32      31     631     667
CTETRA       407       5     319     451     531     378
CTETRA       408       5     284     321      40     668
CTETRA       409       5     275     624     609     707
CTETRA       410       5     157     199     200     674
CTETRA       411       5     206     642     254     674
CTETRA       412       5      25     392      24     628
CTETRA       413       5     524     638     475     670
CTETRA       414       5     636     651     361     688
CTETRA       415       5     143     659     634     692
CTETRA       416       5      37     156      38     633
CTETRA       417       5      13     161     143     634
CTETRA       418       5     598     600     623     696
CTETRA       419       5     155     182     638     670
CTETRA       420       5     138     206     254     674
CTETRA       421       5      20     264      21     644
CTETRA       422       5      21      22     637     644
CTETRA       423       5     263     205     544     664
CTETRA       424       5     317     647     378     648
CTETRA       425       5      22      23     637     652
CTETRA       426       5      20     657     635     687
CTETRA       427       5     504     547     570     635
CTETRA       428       5     267     623     160     699
CTETRA       429       5     137      30     207     636
CTETRA       430       5     509     640     656     673
CTETRA       431       5      29     135     207     636
CTETRA       432       5     631     651     478     667
CTETRA       433       5     301     358     357     661
CTETRA       434       5     634     641     382     663
CTETRA       435       5     467     469     468     625
CTETRA       436       5     638     670     524     671
CTETRA       437       5     288     313     320     663
CTETRA       438       5     457     460     463     639
CTETRA       439       5     472     626     473     653
CTETRA       440       5     498     637     497     685
CTETRA       441       5     473     552     475     670
CTETRA       442       5     279      34     386     653
CTETRA       443       5     438     239     152     669
CTETRA       444       5     139     639     188     678
CTETRA       445       5     294      25     627     661
CTETRA       446       5     630     640     508     676
CTETRA       447       5     321     639      40     668
CTETRA       448       5     594     436     541     647
CTETRA       449       5     321     639     668     704
CTETRA       450       5     472     471     473     626
CTETRA       451       5     498     499     637     685
CTETRA       452       5     507     630     506     662
CTETRA       453       5     518     519     634     654
CTETRA       454       5     478     477     631     667
CTETRA       455       5     303     640     630     676
CTETRA       456       5     336     280     361     688
CTETRA       457       5     544     149     263     664
CTETRA       458       5     293     318      12     649
CTETRA       459       5     287     637     680     706
CTETRA       460       5     523     362     365     364
CTETRA       461       5     312     313     288     663
CTETRA       462       5     387     563     357     661
CTETRA       463       5      38     189      39     633
CTETRA       464       5     188     639     189     679
CTETRA       465       5     265     637      22     644
CTETRA       466       5     494     492     646     684
CTETRA       467       5     556     438     152     669
CTETRA       468       5     267     672     623     699
CTETRA       469       5     622     609     624     707
CTETRA       470       5     516     634     514     659
CTETRA       471       5     531     648     461     668
CTETRA       472       5     335     665     629     695
CTETRA       473       5     386     645     332     653
CTETRA       474       5     143     163     226     659
CTETRA       475       5     643     655     325     703
CTETRA       476       5     608     598     672     699
CTETRA       477       5     490     488     489     627
CTETRA       478       5     527     219     142     673
CTETRA       479       5      31     190      32     631
CTETRA       480       5     143     226     634     659
CTETRA       481       5      26     157      27     700
CTETRA       482       5     231     159     268     624
CTETRA       483       5      35     386      34     645
CTETRA       484       5     201     254     206     642
CTETRA       485       5     205     206     439     650
CTETRA       486       5     634     654     143     692
CTETRA       487       5     138     549     206     674
CTETRA       488       5     337     335     665     700
CTETRA       489       5     404     446     310     668
CTETRA       490       5     552     524     475     670
CTETRA       491       5      23     194      24     652
CTETRA       492       5     502     644     635     706
CTETRA       493       5     475     638     476     686
CTETRA       494       5     240     553     246     666
CTETRA       495       5     305     307      42     648
CTETRA       496       5     429     537     507     656
CTETRA       497       5     323     325     655     703
CTETRA       498       5     165     529     259     659
CTETRA       499       5     507     656     630     662
CTETRA       500       5     387     283     434     665
CTETRA       501       5     497     561     495     660
CTETRA       502       5     480     479     481     651
CTETRA       503       5     503     502     644     657
CTETRA       504       5      34     177      35     626
CTETRA       505       5     285     398      23     660
CTETRA       506       5      35     145      36     625
CTETRA       507       5     492     494     495     628
CTETRA       508       5     364     667     366     686
CTETRA       509       5     546     141     228     684
CTETRA       510       5     141     271     228     684
CTETRA       511       5     544     437     149     664
CTETRA       512       5     577     628     495     660
CTETRA       513       5     508     640     510     676
CTETRA       514       5     139      40     188     639
CTETRA       515       5     268     159     172     683
CTETRA       516       5     264     635      20     657
CTETRA       517       5     558     629     525     665
CTETRA       518       5     517     514     516     634
CTETRA       519       5     499     497     498     637
CTETRA       520       5     612     588     624     675
CTETRA       521       5     597     133     605     699
CTETRA       522       5     301     358     661     693
CTETRA       523       5     221     657     241     662
CTETRA       524       5     512     513     641     673
CTETRA       525       5     180     625     145     666
CTETRA       526       5     305     410     317     647
CTETRA       527       5     577     492     628     661
CTETRA       528       5     463     457     639     704
CTETRA       529       5     179     177     626     666
CTETRA       530       5     184     625     180     669
CTETRA       531       5     202     203     135     650
CTETRA       532       5      12      11     623     696
CTETRA       533       5     155     182      33     638
CTETRA       534       5     578     508     510     676
CTETRA       535       5      36     370      35     645
CTETRA       536       5     296     333     574     686
CTETRA       537       5     500     660     637     680
CTETRA       538       5     207     135     204     650
CTETRA       539       5     468     469     645     682
CTETRA       540       5     234     654     173     672
CTETRA       541       5     508     509     640     656
CTETRA       542       5      18     656     144     662
CTETRA       543       5     618     231     610     675
CTETRA       544       5     481     636     575     688
CTETRA       545       5     584     515     514     663
CTETRA       546       5     231     624     268     675
CTETRA       547       5     469     625     533     666
CTETRA       548       5     173     654     623     672
CTETRA       549       5      16     640     286     641
CTETRA       550       5     460     639     457     679
CTETRA       551       5     497     637     500     660
CTETRA       552       5      22     265     154     652
CTETRA       553       5     459     457     678     679
CTETRA       554       5     517     634     519     649
CTETRA       555       5     462     531     451     648
CTETRA       556       5     361     651     393     688
CTETRA       557       5     498     644     499     685
CTETRA       558       5     456     639     457     668
CTETRA       559       5     457     639     456     678
CTETRA       560       5     190     155     638     671
CTETRA       561       5     188      39     189     639
CTETRA       562       5     426     527     142     673
CTETRA       563       5     639     678     457     679
CTETRA       564       5     503     635     502     657
CTETRA       565       5     588     541     436     624
CTETRA       566       5     544     650     483     664
CTETRA       567       5      23     398      22     637
CTETRA       568       5     622     616     609     707
CTETRA       569       5     475     474     473     653
CTETRA       570       5     160     623     173     654
CTETRA       571       5     503     504     502     635
CTETRA       572       5     495     494     652     684
CTETRA       573       5     578     676     510     677
CTETRA       574       5     541     458     462     648
CTETRA       575       5     441     660     340     693
CTETRA       576       5     513     659     641     673
CTETRA       577       5     598     623     435     672
CTETRA       578       5     437     545     224     664
CTETRA       579       5     322     655     321     704
CTETRA       580       5     639     655     463     704
CTETRA       581       5     268     675     624     683
CTETRA       582       5     523     476     667     686
CTETRA       583       5      43      42     624     707
CTETRA       584       5     159     166     172     683
CTETRA       585       5     525     558     486     629
CTETRA       586       5     510     511     512     673
CTETRA       587       5     271     244     228     684
CTETRA       588       5     508     630     507     656
CTETRA       589       5     347     635     397     706
CTETRA       590       5     286     641     640     677
CTETRA       591       5     467     533     625     669
CTETRA       592       5     426     659     513     673
CTETRA       593       5     476     478     523     667
CTETRA       594       5     510     676     640     677
CTETRA       595       5     559     627     490     661
CTETRA       596       5     471     528     626     666
CTETRA       597       5     296     369     333     686
CTETRA       598       5     508     509     510     640
CTETRA       599       5     141     227     532     228
CTETRA       600       5     490     492     493     661
CTETRA       601       5     602     598     608     699
CTETRA       602       5      21     397      20     635
CTETRA       603       5     316     306     405     658
CTETRA       604       5     330     645     411     682
CTETRA       605       5     572     663     320     705
CTETRA       606       5     504     635     503     657
CTETRA       607       5     476     638     667     686
CTETRA       608       5     550     631     477     671
CTETRA       609       5     470     571     682     690
CTETRA       610       5     162     143     654     692
CTETRA       611       5     460     465     464     633
CTETRA       612       5     508     506     507     630
CTETRA       613       5     557     465     633     669
CTETRA       614       5     354     448     565     681
CTETRA       615       5     519     517     518     634
CTETRA       616       5     497     500     561     660
CTETRA       617       5     305     647     317     648
CTETRA       618       5     507     505     429     662
CTETRA       619       5     486     485     487     642
CTETRA       620       5     387     417     371     661
CTETRA       621       5     427     227     140     685
CTETRA       622       5     483     650     636     664
CTETRA       623       5     464     460     633     655
CTETRA       624       5     605     133     230     699
CTETRA       625       5     244     652     228     684
CTETRA       626       5     372     415     681     687
CTETRA       627       5     498     497     652     685
CTETRA       628       5     629     665     558     695
CTETRA       629       5     182     179     626     670
CTETRA       630       5     481     483     636     664
CTETRA       631       5      43     305      42     707
CTETRA       632       5     555     471     469     666
CTETRA       633       5     561     577     495     660
CTETRA       634       5     351     640     303     676
CTETRA       635       5     459     460     457     679
CTETRA       636       5     335     629     280     695
CTETRA       637       5      12     318      11     696
CTETRA       638       5     530     209     223     701
CTETRA       639       5     206     203     201     642
CTETRA       640       5     577     661     628     693
CTETRA       641       5     532     228     227     685
CTETRA       642       5     344     299     566     680
CTETRA       643       5     155     670     638     671
CTETRA       644       5     529     659     165     692
CTETRA       645       5     481     636     482     664
CTETRA       646       5     446     531     461     668
CTETRA       647       5     577     493     492     661
CTETRA       648       5     237     220     656     673
CTETRA       649       5     255     439     544     205
CTETRA       650       5     391     442     582     677
CTETRA       651       5     473     626     528     670
CTETRA       652       5     155      32     190     638
CTETRA       653       5     210     140     685     701
CTETRA       654       5     379     649     316     658
CTETRA       655       5     555     469     533     666
CTETRA       656       5     411     645     330     690
CTETRA       657       5     251     664     224     697
CTETRA       658       5     645     682     330     690
CTETRA       659       5     466     682     444     703
CTETRA       660       5     334     629     335     700
CTETRA       661       5     577     628     660     693
CTETRA       662       5     479     482     631     697
CTETRA       663       5     186     633     156     669
CTETRA       664       5     594     462     451     647
CTETRA       665       5     283     434     563     387
CTETRA       666       5     387     408     283     665
CTETRA       667       5     572     584     433     663
CTETRA       668       5     515     641     514     663
CTETRA       669       5     209     212     223     701
CTETRA       670       5     349     630     348     681
CTETRA       671       5     470     468     469     645
CTETRA       672       5     188     678     639     679
CTETRA       673       5      22     154      23     652
CTETRA       674       5     333     423     574     686
CTETRA       675       5     581     510     512     677
CTETRA       676       5     255     256     439     206
CTETRA       677       5     466     643     682     703
CTETRA       678       5     532     546     141     228
CTETRA       679       5     299     567     566     680
CTETRA       680       5     587     522     435     623
CTETRA       681       5     201     203     202     642
CTETRA       682       5     455     459     457     678
CTETRA       683       5     531     446     292     404
CTETRA       684       5     337     334     335     700
CTETRA       685       5     470     682     645     690
CTETRA       686       5     557     554     465     669
CTETRA       687       5      18     144     243     662
CTETRA       688       5     236     258     562     678
CTETRA       689       5     261     654     148     692
CTETRA       690       5     511     509     527     673
CTETRA       691       5     412     318     379     658
CTETRA       692       5     613     436     586     647
CTETRA       693       5     581     578     510     677
CTETRA       694       5     265     154     652     685
CTETRA       695       5     199     646     200     674
CTETRA       696       5     513     426     529     659
CTETRA       697       5     517     584     514     663
CTETRA       698       5     250     428     253     198
CTETRA       699       5     221     222     216     662
CTETRA       700       5     466     464     465     643
CTETRA       701       5     499     637     644     706
CTETRA       702       5      18     630     662     687
CTETRA       703       5     491     494     492     646
CTETRA       704       5     602     623     598     699
CTETRA       705       5     348     681     630     687
CTETRA       706       5     554     467     465     669
CTETRA       707       5     623     672     598     699
CTETRA       708       5     571     290     682     690
CTETRA       709       5     307     308     284     648
CTETRA       710       5     340     660     341     693
CTETRA       711       5     388     660     628     693
CTETRA       712       5     488     627     559     665
CTETRA       713       5     514     512     513     641
CTETRA       714       5      24     285      23     628
CTETRA       715       5     418     330     411     682
CTETRA       716       5     461     648     632     668
CTETRA       717       5     463     534     457     704
CTETRA       718       5     377     647     410     707
CTETRA       719       5     621     617     613     647
CTETRA       720       5     364     651     407     667
CTETRA       721       5     493     559     490     661
CTETRA       722       5      21     265      22     644
CTETRA       723       5     640     676     351     677
CTETRA       724       5     580     522     587     658
CTETRA       725       5     576     630     508     676
CTETRA       726       5     479     631     550     697
CTETRA       727       5     560     558     525     665
CTETRA       728       5     380     649     634     663
CTETRA       729       5     188     171     678     679
CTETRA       730       5     294     392      25     661
CTETRA       731       5     224     664     545     697
CTETRA       732       5     437     544     483     664
CTETRA       733       5     471     555     528     666
CTETRA       734       5     427     685     140     701
CTETRA       735       5     236     562     432     678
CTETRA       736       5      14     143     226     634
CTETRA       737       5     562     258     136     679
CTETRA       738       5     612     624     622     675
CTETRA       739       5     513     514     641     659
CTETRA       740       5     159     231     275     624
CTETRA       741       5      15     382      14     641
CTETRA       742       5     461     458     632     648
CTETRA       743       5     157     642      27     700
CTETRA       744       5     282     323     325     655
CTETRA       745       5      18     662     243     687
CTETRA       746       5     468     466     467     643
CTETRA       747       5     303     630     349     676
CTETRA       748       5     620     588     612     675
CTETRA       749       5     467     554     533     669
CTETRA       750       5     201     642     157     674
CTETRA       751       5     287     347     397     706
CTETRA       752       5     284     648     308     668
CTETRA       753       5     245     631     137     697
CTETRA       754       5     461     632     456     668
CTETRA       755       5     309     321     668     704
CTETRA       756       5     259     174     659     673
CTETRA       757       5      32     389      31     667
CTETRA       758       5     622     618     610     675
CTETRA       759       5     569     562     136     679
CTETRA       760       5     473     528     552     670
CTETRA       761       5     187     669     239     698
CTETRA       762       5     489     491     490     646
CTETRA       763       5     227     427     532     685
CTETRA       764       5     509     537     527     656
CTETRA       765       5     152     556     669     689
CTETRA       766       5     161     162     143     654
CTETRA       767       5     201     157     200     674
CTETRA       768       5     591     623     654     672
CTETRA       769       5     212     241     221     657
CTETRA       770       5     320     663     313     705
CTETRA       771       5     563     357     283     387
CTETRA       772       5     550     477     524     671
CTETRA       773       5     479     550     482     697
CTETRA       774       5     584     583     433     663
CTETRA       775       5     323     326     325     703
CTETRA       776       5     579     519     522     649
CTETRA       777       5     539     624     675     683
CTETRA       778       5     326     643     325     703
CTETRA       779       5     455     457     456     678
CTETRA       780       5      18     243      19     687
CTETRA       781       5     384     667     638     686
CTETRA       782       5     464     643     466     703
CTETRA       783       5     178     180     145     666
CTETRA       784       5     179     666     626     694
CTETRA       785       5     378     317     413     647
CTETRA       786       5     176     449     675     683
CTETRA       787       5     352     351     350     676
CTETRA       788       5     438     556     554     669
CTETRA       789       5     475     476     474     686
CTETRA       790       5     484     629     558     695
CTETRA       791       5     515     581     512     677
CTETRA       792       5      11     160      12     623
CTETRA       793       5     185     184     180     669
CTETRA       794       5     565     576     676     681
CTETRA       795       5     179     178     177     666
CTETRA       796       5     551     524     670     671
CTETRA       797       5     160     173     161     654
CTETRA       798       5     352     351     676     677
CTETRA       799       5     560     558     665     695
CTETRA       800       5     216     242     217     656
CTETRA       801       5      21     264     247     644
CTETRA       802       5     526     591     654     672
CTETRA       803       5     330     682     290     690
CTETRA       804       5     557     633     460     679
CTETRA       805       5     456     457     534     668
CTETRA       806       5     209     530     542     701
CTETRA       807       5     308     648     404     668
CTETRA       808       5     379     318     293     649
CTETRA       809       5     327     295     326     643
CTETRA       810       5     342     343     660     680
CTETRA       811       5     351      17     303     640
CTETRA       812       5     625     666     180     689
CTETRA       813       5     459     678     562     679
CTETRA       814       5     561     500     567     660
CTETRA       815       5     578     442     676     677
CTETRA       816       5     517     583     584     663
CTETRA       817       5     454     632     458     683
CTETRA       818       5     637     660     343     680
CTETRA       819       5     142     259     426     673
CTETRA       820       5     614     436     613     647
CTETRA       821       5     292     319     531     378
CTETRA       822       5     468     645     470     682
CTETRA       823       5     196     200     199     646
CTETRA       824       5     287     680     347     706
CTETRA       825       5      30     281     361     651
CTETRA       826       5     356     665     627     700
CTETRA       827       5     454     456     632     678
CTETRA       828       5     559     493     563     661
CTETRA       829       5     472     470     471     645
CTETRA       830       5     374     405     306     658
CTETRA       831       5     232     176     274     675
CTETRA       832       5     346     383     415     691
CTETRA       833       5     149     224     251     664
CTETRA       834       5     189     633     186     679
CTETRA       835       5     486     487     488     642
CTETRA       836       5     168     188     171     678
CTETRA       837       5     321     322     282     655
CTETRA       838       5     414     677     582     705
CTETRA       839       5     515     641     663     705
CTETRA       840       5     355     448     354     681
CTETRA       841       5     180     669     625     689
CTETRA       842       5     495     494     496     652
CTETRA       843       5     635     347     691     706
CTETRA       844       5     574     365     296     686
CTETRA       845       5     410     413     317     647
CTETRA       846       5     431     553     555     666
CTETRA       847       5     265      21     247     644
CTETRA       848       5     515     512     641     677
CTETRA       849       5     377     410     305     707
CTETRA       850       5     139     188     168     678
CTETRA       851       5     289     565     442     676
CTETRA       852       5     355     573     448     681
CTETRA       853       5     603     278     374     658
CTETRA       854       5     452     229     276     672
CTETRA       855       5     578     581     442     677
CTETRA       856       5     353     676     442     677
CTETRA       857       5     551     524     552     670
CTETRA       858       5     364     362     363     651
CTETRA       859       5     229     452     276     175
CTETRA       860       5     583     517     519     649
CTETRA       861       5     295     643     327     682
CTETRA       862       5     222     656     216     662
CTETRA       863       5     527     218     142     219
CTETRA       864       5     459     455     562     678
CTETRA       865       5     227     211     140     685
CTETRA       866       5     239     187     152     669
CTETRA       867       5     186     633     669     698
CTETRA       868       5     312     649     314     663
CTETRA       869       5     503     657     644     701
CTETRA       870       5      27     202      28     700
CTETRA       871       5     410     647     305     707
CTETRA       872       5     327     643     326     682
CTETRA       873       5     180     184     145     625
CTETRA       874       5     182     179     177     626
CTETRA       875       5     418     290     330     682
CTETRA       876       5     610     231     132     675
CTETRA       877       5     498     501     499     644
CTETRA       878       5     219     259     142     673
CTETRA       879       5     155     192     182     670
CTETRA       880       5     155     191     670     671
CTETRA       881       5     167     632     139     678
CTETRA       882       5     349     676     630     681
CTETRA       883       5     501     503     502     644
CTETRA       884       5     328     444     682     703
CTETRA       885       5     240     553     666     694
CTETRA       886       5     234     269     175     672
CTETRA       887       5     376     413     277     647
CTETRA       888       5      26     294      25     627
CTETRA       889       5     196     200     646     674
CTETRA       890       5     188     189     171     679
CTETRA       891       5     443     573     300     691
CTETRA       892       5     539     624     540     675
CTETRA       893       5     579     522     580     658
CTETRA       894       5     344     342     299     680
CTETRA       895       5     391     582     414     677
CTETRA       896       5     458     456     461     632
CTETRA       897       5     440     363     362     651
CTETRA       898       5     351     303     350     676
CTETRA       899       5      42     159      43     624
CTETRA       900       5     335     334     280     629
CTETRA       901       5     575     484     558     695
CTETRA       902       5     591     623     520     654
CTETRA       903       5     604     595      11     696
CTETRA       904       5     186     156     185     669
CTETRA       905       5     480     440     651     688
CTETRA       906       5     369     385     331     653
CTETRA       907       5     515     663     584     705
CTETRA       908       5     162     163     143     692
CTETRA       909       5     423     653     474     686
CTETRA       910       5     383     346     355     691
CTETRA       911       5     314     312     403     649
CTETRA       912       5     564     563     493     661
CTETRA       913       5     237     640      16     673
CTETRA       914       5     281     651      31     667
CTETRA       915       5     491     646     489     674
CTETRA       916       5     454     455     456     678
CTETRA       917       5     452     276     592     672
CTETRA       918       5     421     593     376     621
CTETRA       919       5     540     624     588     675
CTETRA       920       5     465     467     466     643
CTETRA       921       5     149     437     224     664
CTETRA       922       5      11     160     623     699
CTETRA       923       5     210     140     211     685
CTETRA       924       5     387     357     358     661
CTETRA       925       5     261     234     148     654
CTETRA       926       5     356     627      26     700
CTETRA       927       5     481     482     483     664
CTETRA       928       5     606     598     435     672
CTETRA       929       5     680     691     347     706
CTETRA       930       5     371     627     356     665
CTETRA       931       5     492     490     491     646
CTETRA       932       5     561     567     441     660
CTETRA       933       5     363     651     440     688
CTETRA       934       5     179     626     670     694
CTETRA       935       5     408     387     371     665
CTETRA       936       5     177     178     145     666
CTETRA       937       5     175     229     452     672
CTETRA       938       5     557     669     633     698
CTETRA       939       5     525     488     559     665
CTETRA       940       5     560     665     339     695
CTETRA       941       5     496     498     497     652
CTETRA       942       5     146     657      20     687
CTETRA       943       5     236     678     432     702
CTETRA       944       5     365     574     523     686
CTETRA       945       5     505     507     506     662
CTETRA       946       5     385     653     369     686
CTETRA       947       5     494     646     491     684
CTETRA       948       5     526     452     591     672
CTETRA       949       5     584     663     572     705
CTETRA       950       5     182     192     179     670
CTETRA       951       5     166     632     167     683
CTETRA       952       5     382     380      14     634
CTETRA       953       5     156     184     185     669
CTETRA       954       5      22     287      21     637
CTETRA       955       5     382     380     634     663
CTETRA       956       5     434     283     560     665
CTETRA       957       5     466     643     468     682
CTETRA       958       5     469     471     470     645
CTETRA       959       5     578     576     508     676
CTETRA       960       5     349     303     348     630
CTETRA       961       5      30     361      29     636
CTETRA       962       5     324     655     425     703
CTETRA       963       5     533     666     625     689
CTETRA       964       5     257     529     165     692
CTETRA       965       5     607     603     374     658
CTETRA       966       5     309     322     321     704
CTETRA       967       5     152     669     249     689
CTETRA       968       5      15     226     158     659
CTETRA       969       5     592     601     585     672
CTETRA       970       5     470     645     472     690
CTETRA       971       5     540     539     541     624
CTETRA       972       5     425     655     324     704
CTETRA       973       5      34     182     177     626
CTETRA       974       5     145     184      36     625
CTETRA       975       5     351     286     640     677
CTETRA       976       5     533     625     669     689
CTETRA       977       5     240     246     181     666
CTETRA       978       5     306     590     374     658
CTETRA       979       5     174     158     659     673
CTETRA       980       5     503     644     501     701
CTETRA       981       5     586     436     594     647
CTETRA       982       5     442     391     289     676
CTETRA       983       5     506     630     576     681
CTETRA       984       5     245     137     208     697
CTETRA       985       5     529     257     165     259
CTETRA       986       5     377     277     410     647
CTETRA       987       5     222     242     216     656
CTETRA       988       5     198     196     197     646
CTETRA       989       5     348     630      18     687
CTETRA       990       5     478     476     477     667
CTETRA       991       5     355     300     573     691
CTETRA       992       5     280     334      28     629
CTETRA       993       5     279     386     332     653
CTETRA       994       5     148     654     526     692
CTETRA       995       5     354     565     289     681
CTETRA       996       5     266     228     244     652
CTETRA       997       5     459     557     460     679
CTETRA       998       5     205     255     439     206
CTETRA       999       5     444     400     302     703
CTETRA      1000       5     444     328     400     703
CTETRA      1001       5     275      43     624     707
CTETRA      1002       5     335     339     665     695
CTETRA      1003       5     506     508     576     630
CTETRA      1004       5     630     676     576     681
CTETRA      1005       5     528     626     666     694
CTETRA      1006       5     441     340     301     693
CTETRA      1007       5     197     646     196     684
CTETRA      1008       5     374     306     420     590
CTETRA      1009       5     516     634     659     692
CTETRA      1010       5     454     678     632     702
CTETRA      1011       5     249     185     180     669
CTETRA      1012       5     582     442     581     677
CTETRA      1013       5     455     432     562     678
CTETRA      1014       5     493     661     577     693
CTETRA      1015       5     499     500     637     706
CTETRA      1016       5      18     348     303     630
CTETRA      1017       5      27     642     202     700
CTETRA      1018       5     428     250     197     198
CTETRA      1019       5     500     680     637     706
CTETRA      1020       5     167     139     168     678
CTETRA      1021       5     548     425     401     704
CTETRA      1022       5     139     166      41     632
CTETRA      1023       5     278     603      82     375
CTETRA      1024       5     518     520     519     654
CTETRA      1025       5     632     678     167     702
CTETRA      1026       5     371     417     294     661
CTETRA      1027       5     515     677     641     705
CTETRA      1028       5     606     608     598     672
CTETRA      1029       5     467     533     469     625
CTETRA      1030       5     257     529     426     259
CTETRA      1031       5     285     628     388     660
CTETRA      1032       5     195     196     646     684
CTETRA      1033       5     189     156     186     633
CTETRA      1034       5      43     609     619     707
CTETRA      1035       5     577     492     495     628
CTETRA      1036       5     257     235     529     692
CTETRA      1037       5     377     611     647     707
CTETRA      1038       5     411     645     370     682
CTETRA      1039       5     247     213     265     644
CTETRA      1040       5     484     486     558     629
CTETRA      1041       5     620     540     588     675
CTETRA      1042       5     187     249     152     669
CTETRA      1043       5     186     679     633     698
CTETRA      1044       5     287     396     347     680
CTETRA      1045       5     543     583     579     649
CTETRA      1046       5     265     644     213     685
CTETRA      1047       5     617     377     277     119
CTETRA      1048       5     328     682     643     703
CTETRA      1049       5     539     454     458     683
CTETRA      1050       5     403     312     316     649
CTETRA      1051       5     329     290     521     690
CTETRA      1052       5     479     477     550     631
CTETRA      1053       5     333     329     423     690
CTETRA      1054       5     228     652     266     685
CTETRA      1055       5     133     597     672     699
CTETRA      1056       5     473     471     528     626
CTETRA      1057       5     494     496     652     684
CTETRA      1058       5     501     644     498     685
CTETRA      1059       5     328     643     326     703
CTETRA      1060       5      13     143      14     634
CTETRA      1061       5     148     234     526     654
CTETRA      1062       5      11     696     595     699
CTETRA      1063       5     242     220     217     656
CTETRA      1064       5     165     659     163     692
CTETRA      1065       5     196     646     198     674
CTETRA      1066       5     371     294     627     661
CTETRA      1067       5     401     324     425     703
CTETRA      1068       5     391     442     353     676
CTETRA      1069       5      40     321      39     639
CTETRA      1070       5     518     654     634     692
CTETRA      1071       5     259     260     174     673
CTETRA      1072       5     365     366     296     686
CTETRA      1073       5     301     564     441     693
CTETRA      1074       5     541     588     540     624
CTETRA      1075       5     234     173     269     672
CTETRA      1076       5     517     518     634     692
CTETRA      1077       5      29     207      30     636
CTETRA      1078       5     359     340     341     693
CTETRA      1079       5     517     634     516     692
CTETRA      1080       5     159     275      43     624
CTETRA      1081       5     571     521     290     690
CTETRA      1082       5     326     643     328     682
CTETRA      1083       5     224     545     430     697
CTETRA      1084       5     189      38     156     633
CTETRA      1085       5     497     495     496     652
CTETRA      1086       5     442     565     578     676
CTETRA      1087       5     175     526     148     234
CTETRA      1088       5     425     536     401     703
CTETRA      1089       5      16     286      15     641
CTETRA      1090       5     245     190     631     671
CTETRA      1091       5     425     324     401     704
CTETRA      1092       5     501     644     685     701
CTETRA      1093       5     503     530     657     701
CTETRA      1094       5     612     622     620     675
CTETRA      1095       5     257     165     235     692
CTETRA      1096       5     335     339     337     665
CTETRA      1097       5     380     314     649     663
CTETRA      1098       5     631     671     550     697
CTETRA      1099       5     488     490     559     627
CTETRA      1100       5     562     569     459     679
CTETRA      1101       5     440     478     480     651
CTETRA      1102       5     440     538     297     688
CTETRA      1103       5     404     317     378     648
CTETRA      1104       5     501     685     427     701
CTETRA      1105       5       9     605     597     133
CTETRA      1106       5     350     303     349     676
CTETRA      1107       5     383     372     415     681
CTETRA      1108       5     577     660     561     693
CTETRA      1109       5     173     267     269     672
CTETRA      1110       5     571     470     521     690
CTETRA      1111       5     502     504     570     635
CTETRA      1112       5      28     629     334     700
CTETRA      1113       5     295     327     370     682
CTETRA      1114       5     202      27     157     642
CTETRA      1115       5     310     668     446     704
CTETRA      1116       5     138     253     535     674
CTETRA      1117       5     504     503     505     657
CTETRA      1118       5     585     606     435     672
CTETRA      1119       5     305     317     307     648
CTETRA      1120       5     580     587     600     658
CTETRA      1121       5     472     653     423     690
CTETRA      1122       5     528     670     626     694
CTETRA      1123       5     623     696      11     699
CTETRA      1124       5     557     465     460     633
CTETRA      1125       5     343     637     398     660
CTETRA      1126       5     147     176     233     683
CTETRA      1127       5     527     426     511     673
CTETRA      1128       5     245     671     631     697
CTETRA      1129       5     500     497     499     637
CTETRA      1130       5     381     310     446     704
CTETRA      1131       5     498     652     496     685
CTETRA      1132       5     602     696     623     699
CTETRA      1133       5     481     575     480     688
CTETRA      1134       5     190      31     137     631
CTETRA      1135       5     213     685     644     701
CTETRA      1136       5     445     551     552     670
CTETRA      1137       5     284     309     321     668
CTETRA      1138       5     213     210     685     701
CTETRA      1139       5     147     449     176     683
CTETRA      1140       5     298     381     446     704
CTETRA      1141       5     493     564     661     693
CTETRA      1142       5     373     313     663     705
CTETRA      1143       5     403     316     379     649
CTETRA      1144       5     167     683     632     702
CTETRA      1145       5     374     590     607     658
CTETRA      1146       5     174     260     158     673
CTETRA      1147       5     275     609      43     707
CTETRA      1148       5     447     529     235     692
CTETRA      1149       5     236     170     258     678
CTETRA      1150       5     395     538     424     688
CTETRA      1151       5     147     453     449     683
CTETRA      1152       5     167     166     139     632
CTETRA      1153       5     265     266     154     685
CTETRA      1154       5     192     155     191     670
CTETRA      1155       5     141     546     428     684
CTETRA      1156       5     158     237      16     673
CTETRA      1157       5     557     633     679     698
CTETRA      1158       5     337     665     356     700
CTETRA      1159       5     253     198     535     674
CTETRA      1160       5     318     658     412     696
CTETRA      1161       5     442     391     353     677
CTETRA      1162       5     605       9     230     133
CTETRA      1163       5     451     586     594     647
CTETRA      1164       5      87     311     288     543
CTETRA      1165       5     373     320     313     705
CTETRA      1166       5     551     430     524     671
CTETRA      1167       5     454     632     683     702
CTETRA      1168       5     235     148     447     692
CTETRA      1169       5     561     660     441     693
CTETRA      1170       5     536     444     302     703
CTETRA      1171       5     249     669     180     689
CTETRA      1172       5      39     188      40     639
CTETRA      1173       5     433      87     288     543
CTETRA      1174       5     171     189     186     679
CTETRA      1175       5     431     666     555     689
CTETRA      1176       5     512     511     513     673
CTETRA      1177       5      32     155      33     638
CTETRA      1178       5     521     423     329     690
CTETRA      1179       5     596      82     603     375
CTETRA      1180       5     244     194     652     684
CTETRA      1181       5     351     286      16     640
CTETRA      1182       5     264      20     146     657
CTETRA      1183       5     221     241     222     662
CTETRA      1184       5     368     384     279     653
CTETRA      1185       5     502     635     570     706
CTETRA      1186       5     430     550     671     697
CTETRA      1187       5     148     526     447     692
CTETRA      1188       5     295      37     325     643
CTETRA      1189       5     300      95     443     344
CTETRA      1190       5     266     652     154     685
CTETRA      1191       5     472     474     423     653
CTETRA      1192       5     190     191     155     671
CTETRA      1193       5     491     489     535     674
CTETRA      1194       5     240     666     183     694
CTETRA      1195       5     535     549     138     674
CTETRA      1196       5     617     611     377     119
CTETRA      1197       5     554     669     557     698
CTETRA      1198       5     372     681     348     687
CTETRA      1199       5     306     450     590     658
CTETRA      1200       5     372     349     348     681
CTETRA      1201       5     601     133     597     672
CTETRA      1202       5     331     653     385     690
CTETRA      1203       5     146     662     657     687
CTETRA      1204       5     576     578     565     676
CTETRA      1205       5     259     174     165     659
CTETRA      1206       5     533     555     666     689
CTETRA      1207       5     214     644     264     657
CTETRA      1208       5     395     416     538     688
CTETRA      1209       5     329     330     290     690
CTETRA      1210       5     430     550     524     671
CTETRA      1211       5     335     280     336     695
CTETRA      1212       5     581     677     515     705
CTETRA      1213       5     134     670     445     694
CTETRA      1214       5     342     343     341     660
CTETRA      1215       5     499     644     501     706
CTETRA      1216       5     512     514     515     641
CTETRA      1217       5     299     566      96     344
CTETRA      1218       5     454     456     458     632
CTETRA      1219       5     332     385     653     690
CTETRA      1220       5     526     591     520     654
CTETRA      1221       5     360     628     392     661
CTETRA      1222       5     554     438     669     698
CTETRA      1223       5     195     646     153     684
CTETRA      1224       5      25     153     199     646
CTETRA      1225       5     248     134     193     670
CTETRA      1226       5     270     675     268     683
CTETRA      1227       5     565      92     448     354
CTETRA      1228       5     144     242     222     656
CTETRA      1229       5     522     520     591     623
CTETRA      1230       5     388     628     360     693
CTETRA      1231       5     208     207     204     664
CTETRA      1232       5     355     354     383     681
CTETRA      1233       5     548     401     298     704
CTETRA      1234       5     341     388     359     660
CTETRA      1235       5     444     400     328     682
CTETRA      1236       5     333     296     574     107
CTETRA      1237       5     359     341     660     693
CTETRA      1238       5      95     566     443     344
CTETRA      1239       5      94     443     573     300
CTETRA      1240       5     298     446     548     704
CTETRA      1241       5     466     468     444     682
CTETRA      1242       5     479     480     478     651
CTETRA      1243       5     501     644     502     706
CTETRA      1244       5     567      97     340     299
CTETRA      1245       5     247     264     214     644
CTETRA      1246       5     596     375     658     696
CTETRA      1247       5     144     656     222     662
CTETRA      1248       5     592     585     452     672
CTETRA      1249       5     132     231     268     675
CTETRA      1250       5     379     316     412     658
CTETRA      1251       5     600     599     580     658
CTETRA      1252       5     229     133     601     672
CTETRA      1253       5     368     653     385     686
CTETRA      1254       5     435     623     591     672
CTETRA      1255       5      57     530     209     223
CTETRA      1256       5     137     245     190     631
CTETRA      1257       5      32     638     384     667
CTETRA      1258       5     389     281      31     667
CTETRA      1259       5     172     166     167     683
CTETRA      1260       5     327     411     370     682
CTETRA      1261       5      17     351      16     640
CTETRA      1262       5     484     483     485     650
CTETRA      1263       5     437     545      67     224
CTETRA      1264       5     195     197     196     684
CTETRA      1265       5     368     385     369     686
CTETRA      1266       5     449     539     675     683
CTETRA      1267       5     340      98     441     301
CTETRA      1268       5     440     297     363     688
CTETRA      1269       5     545     430      68     224
CTETRA      1270       5     567     566      96     299
CTETRA      1271       5     388     359     660     693
CTETRA      1272       5     610     132     615     675
CTETRA      1273       5     140      58     427     209
CTETRA      1274       5     480     538     440     688
CTETRA      1275       5     144     222     243     662
CTETRA      1276       5      27     356      26     700
CTETRA      1277       5     534     446     668     704
CTETRA      1278       5     237     220     144     656
CTETRA      1279       5     503     530     505     657
CTETRA      1280       5     148     164     261     692
CTETRA      1281       5     283     394     560     665
CTETRA      1282       5     258     170     136     679
CTETRA      1283       5     181     183     240     666
CTETRA      1284       5     448     576     565     681
CTETRA      1285       5      97     441     567     340
CTETRA      1286       5     555     666     553     694
CTETRA      1287       5     337     371     356     665
CTETRA      1288       5     202     157     201     642
CTETRA      1289       5     515     584     572     705
CTETRA      1290       5     384     368     667     686
CTETRA      1291       5     529     516     659     692
CTETRA      1292       5     395     688     424     695
CTETRA      1293       5     500     566     567     680
CTETRA      1294       5     538     416     297     688
CTETRA      1295       5     385     279     332     653
CTETRA      1296       5     233     683     262     702
CTETRA      1297       5      19     348      18     687
CTETRA      1298       5     316     405     412     658
CTETRA      1299       5      55     429     151     215
CTETRA      1300       5     183     178     179     666
CTETRA      1301       5     162     654     261     692
CTETRA      1302       5     274     176     589     675
CTETRA      1303       5      16     237      17     640
CTETRA      1304       5     304     414     582     705
CTETRA      1305       5     528     666     555     694
CTETRA      1306       5     494     491     428     684
CTETRA      1307       5     194     195     153     684
CTETRA      1308       5     536     302     401     703
CTETRA      1309       5     485     483     544     650
CTETRA      1310       5     342     396     343     680
CTETRA      1311       5     272     671     245     697
CTETRA      1312       5      45     615     610     132
CTETRA      1313       5     174     163     165     659
CTETRA      1314       5     179     192     238     670
CTETRA      1315       5     574     423     474     686
CTETRA      1316       5     339     283     408     665
CTETRA      1317       5     431     556      73     246
CTETRA      1318       5     597     601       8     133
CTETRA      1319       5     556     554     669     689
CTETRA      1320       5     358     417     387     661
CTETRA      1321       5      86     306     311     450
CTETRA      1322       5     211     227     228     685
CTETRA      1323       5     150     430     671     697
CTETRA      1324       5     533     669     554     689
CTETRA      1325       5      98     564     441     301
CTETRA      1326       5     270     268     172     683
CTETRA      1327       5     242     144     220     656
CTETRA      1328       5     227      59     427     140
CTETRA      1329       5     611     614     647     707
CTETRA      1330       5     607     374     420     590
CTETRA      1331       5     543      86     311     450
CTETRA      1332       5     464     463     460     655
CTETRA      1333       5     179     670     238     694
CTETRA      1334       5     511     426     513     673
CTETRA      1335       5     568     680     500     706
CTETRA      1336       5     569     679     136     698
CTETRA      1337       5     563     564      99     301
CTETRA      1338       5     315     663     641     705
CTETRA      1339       5     455     678     454     702
CTETRA      1340       5      24     392     285     628
CTETRA      1341       5     411     332     645     690
CTETRA      1342       5     635     691     570     706
CTETRA      1343       5     591     435     522     623
CTETRA      1344       5     297     362     440     363
CTETRA      1345       5     547     506     576     681
CTETRA      1346       5     538     395     297     416
CTETRA      1347       5     553     431      72     246
CTETRA      1348       5     261     173     234     654
CTETRA      1349       5     206     205     203     650
CTETRA      1350       5     151     429      56     223
CTETRA      1351       5     204     135     203     650
CTETRA      1352       5     425     463     655     704
CTETRA      1353       5     566     680     568     691
CTETRA      1354       5     615     132     232     675
CTETRA      1355       5     613     617     611     647
CTETRA      1356       5     574     296     365     106
CTETRA      1357       5     281     393     361     651
CTETRA      1358       5     551     445      70     248
CTETRA      1359       5     351     352     286     677
CTETRA      1360       5     394     339     560     665
CTETRA      1361       5     517     516     518     692
CTETRA      1362       5     604       2      11     595
CTETRA      1363       5     609       3      43     619
CTETRA      1364       5     425     655     464     703
CTETRA      1365       5     273      11     595     699
CTETRA      1366       5     503     542     530     701
CTETRA      1367       5     498     496     532     685
CTETRA      1368       5     601     229       8     133
CTETRA      1369       5     443     566     568     691
CTETRA      1370       5     259     219     260     673
CTETRA      1371       5     186     185     187     669
CTETRA      1372       5     454     683     453     702
CTETRA      1373       5     325     326     295     643
CTETRA      1374       5     398     343     287     637
CTETRA      1375       5     304     391     582     414
CTETRA      1376       5     300     573      94     355
CTETRA      1377       5     272     150     671     697
CTETRA      1378       5     333     331     329     690
CTETRA      1379       5     405     374     278     658
CTETRA      1380       5     547     448     573     681
CTETRA      1381       5     424     560     395     695
CTETRA      1382       5     354      93     448     355
CTETRA      1383       5     574     423     333     107
CTETRA      1384       5     370     386      35     645
CTETRA      1385       5     615      45     232     132
CTETRA      1386       5     201     200     254     674
CTETRA      1387       5     349     390     676     681
CTETRA      1388       5     430     551      69     248
CTETRA      1389       5      33     384      32     638
CTETRA      1390       5     367     366     364     667
CTETRA      1391       5     181     180     178     666
CTETRA      1392       5     494     546     496     684
CTETRA      1393       5     415     635     347     691
CTETRA      1394       5     238     670     134     694
CTETRA      1395       5     545     437     482     664
CTETRA      1396       5     142     257     426     259
CTETRA      1397       5     415     291     635     687
CTETRA      1398       5      19     146      20     687
CTETRA      1399       5     573     448      93     355
CTETRA      1400       5     628     661     360     693
CTETRA      1401       5     530     542      57     209
CTETRA      1402       5     474     472     473     653
CTETRA      1403       5     581     582     677     705
CTETRA      1404       5     183     666     179     694
CTETRA      1405       5     400     328     302     703
CTETRA      1406       5     246     431     556     689
CTETRA      1407       5     368     279     385     653
CTETRA      1408       5     455     432     678     702
CTETRA      1409       5     641     677     406     705
CTETRA      1410       5     501     498     427     685
CTETRA      1411       5     499     568     500     706
CTETRA      1412       5     411     386     370     645
CTETRA      1413       5     310     308     404     668
CTETRA      1414       5      58     542     427     209
CTETRA      1415       5     312     314     313     663
CTETRA      1416       5     499     501     502     706
CTETRA      1417       5     329     333     423     108
CTETRA      1418       5     533     431     555     689
CTETRA      1419       5     186     669     187     698
CTETRA      1420       5     508     507     509     656
CTETRA      1421       5     140     210     209     701
CTETRA      1422       5     513     516     514     659
CTETRA      1423       5      78     432     453     702
CTETRA      1424       5     589     176     449     675
CTETRA      1425       5     174     226     163     659
CTETRA      1426       5     577     561     441     693
CTETRA      1427       5     579     580     450     658
CTETRA      1428       5     226     174     158     659
CTETRA      1429       5     413     410     277     647
CTETRA      1430       5     407     651     281     667
CTETRA      1431       5     439      64     549     256
CTETRA      1432       5     357     563      99     301
CTETRA      1433       5     560     525     434     665
CTETRA      1434       5     461     462     458     648
CTETRA      1435       5     545     664     482     697
CTETRA      1436       5     601     606     585     672
CTETRA      1437       5     539     540     449     675
CTETRA      1438       5     116     451     531     319
CTETRA      1439       5     644     657     214     701
CTETRA      1440       5     523     574     365     106
CTETRA      1441       5     429      55     537     215
CTETRA      1442       5     419     619     611     707
CTETRA      1443       5     463     464     425     655
CTETRA      1444       5     516     513     529     659
CTETRA      1445       5     427     532      59     227
CTETRA      1446       5     208     664     251     697
CTETRA      1447       5     539     449     453     683
CTETRA      1448       5     164     235     165     692
CTETRA      1449       5     154     194      23     652
CTETRA      1450       5     416     688     395     695
CTETRA      1451       5     141     428     250     684
CTETRA      1452       5     587     128     580     600
CTETRA      1453       5     604     602     595     696
CTETRA      1454       5     211     213     210     685
CTETRA      1455       5     298     310     381     704
CTETRA      1456       5     454     539     453     683
CTETRA      1457       5     608     597     605     699
CTETRA      1458       5      14     380      13     634
CTETRA      1459       5     444     536     466     703
CTETRA      1460       5     617     277     376     120
CTETRA      1461       5     148     235     164     692
CTETRA      1462       5     356     371     294     627
CTETRA      1463       5     608     672     597     699
CTETRA      1464       5     181     180     666     689
CTETRA      1465       5     354     289     390     681
CTETRA      1466       5     270     172     233     683
CTETRA      1467       5     461     534     446     668
CTETRA      1468       5     252     136     170     679
CTETRA      1469       5     230     267     160     699
CTETRA      1470       5     153     195     196     646
CTETRA      1471       5     340     359     301     693
CTETRA      1472       5      83     374     603     278
CTETRA      1473       5     552     670     528     694
CTETRA      1474       5     600     596     658     696
CTETRA      1475       5     170     678     171     679
CTETRA      1476       5     507     537     509     656
CTETRA      1477       5     530      56     429     223
CTETRA      1478       5     394     560     339     695
CTETRA      1479       5     613     611     614     647
CTETRA      1480       5     599     580     128     600
CTETRA      1481       5     406     641     286     677
CTETRA      1482       5     175     269     229     672
CTETRA      1483       5     487     549     489     674
CTETRA      1484       5     355     346     300     691
CTETRA      1485       5     571     110     444     400
CTETRA      1486       5     113     548     425     401
CTETRA      1487       5     153     196     199     646
CTETRA      1488       5     364     363     407     651
CTETRA      1489       5     294      26     356     627
CTETRA      1490       5     462     461     531     648
CTETRA      1491       5     604      11     422     696
CTETRA      1492       5     336     361     393     688
CTETRA      1493       5     468     470     571     682
CTETRA      1494       5     244     195     194     684
CTETRA      1495       5     599     603     607     658
CTETRA      1496       5     398     287      22     637
CTETRA      1497       5     602     595     696     699
CTETRA      1498       5     252     679     186     698
CTETRA      1499       5     534     461     456     668
CTETRA      1500       5     154     266     244     652
CTETRA      1501       5     388     285     360     628
CTETRA      1502       5      71     445     553     694
CTETRA      1503       5     171     170     168     678
CTETRA      1504       5     323     402     326     703
CTETRA      1505       5     493     577     564     693
CTETRA      1506       5     535      62     428     253
CTETRA      1507       5     552     445     670     694
CTETRA      1508       5     525     559     434     665
CTETRA      1509       5     596     604     422     696
CTETRA      1510       5     518     526     654     692
CTETRA      1511       5     329     423     521     108
CTETRA      1512       5     308     317     404     648
CTETRA      1513       5     241     657     146     662
CTETRA      1514       5     375     318     412     696
CTETRA      1515       5     557     679     459     698
CTETRA      1516       5     428     197     250     684
CTETRA      1517       5     171     186     252     679
CTETRA      1518       5     459     679     569     698
CTETRA      1519       5      67     437     224     149
CTETRA      1520       5     265     213     266     685
CTETRA      1521       5     158     260     237     673
CTETRA      1522       5     389      32     384     667
CTETRA      1523       5     167     262     683     702
CTETRA      1524       5     430     150     224     697
CTETRA      1525       5     526      49     452     175
CTETRA      1526       5     232     270     176     675
CTETRA      1527       5     215      54     537     218
CTETRA      1528       5     315     373     663     705
CTETRA      1529       5     406     315     641     705
CTETRA      1530       5     349     409     350     676
CTETRA      1531       5     309     284     308     668
CTETRA      1532       5     433     320      88     572
CTETRA      1533       5     600     596     599     658
CTETRA      1534       5     112     425     536     401
CTETRA      1535       5     377     419     611     707
CTETRA      1536       5     607     590     599     658
CTETRA      1537       5     532      60     227     141
CTETRA      1538       5     272     245     225     697
CTETRA      1539       5     322     323     282     655
CTETRA      1540       5     399     322     309     704
CTETRA      1541       5     419      43     619     707
CTETRA      1542       5     438      75     239     698
CTETRA      1543       5      81     596     604     422
CTETRA      1544       5     315     382     641     663
CTETRA      1545       5     324     323     655     703
CTETRA      1546       5     534     548     446     704
CTETRA      1547       5     285     343     398     660
CTETRA      1548       5     245     191     190     671
CTETRA      1549       5     327     418     411     682
CTETRA      1550       5      88     288     320     433
CTETRA      1551       5     557     459     569     698
CTETRA      1552       5     286     382      15     641
CTETRA      1553       5     353     352     676     677
CTETRA      1554       5     118     419     619     611
CTETRA      1555       5     579     583     519     649
CTETRA      1556       5      78     236     432     702
CTETRA      1557       5     438     569      75     698
CTETRA      1558       5     332     386     411     645
CTETRA      1559       5     236     169     678     702
CTETRA      1560       5     252     136     679     698
CTETRA      1561       5     528     555     553     694
CTETRA      1562       5      92     565     289     354
CTETRA      1563       5     278     375     412     658
CTETRA      1564       5     350     353     352     676
CTETRA      1565       5     246     556      73     152
CTETRA      1566       5     154     244     194     652
CTETRA      1567       5      20     635     291     687
CTETRA      1568       5     391     414     353     677
CTETRA      1569       5     611     616     614     707
CTETRA      1570       5     442     565     289      91
CTETRA      1571       5     308     307     317     648
CTETRA      1572       5     366     667     367     686
CTETRA      1573       5     554     557     438     698
CTETRA      1574       5     367     364     407     667
CTETRA      1575       5     105     362     365     523
CTETRA      1576       5     455     454     432     702
CTETRA      1577       5     141     197     271     684
CTETRA      1578       5     392     360     285     628
CTETRA      1579       5     453     683     147     702
CTETRA      1580       5     397     291      20     635
CTETRA      1581       5     411     330     332     690
CTETRA      1582       5     585     435     591     672
CTETRA      1583       5     375     412     658     696
CTETRA      1584       5     134      70     445     248
CTETRA      1585       5     327     326     328     682
CTETRA      1586       5     523     574     476     686
CTETRA      1587       5      28     334      27     700
CTETRA      1588       5     395     102     560     424
CTETRA      1589       5     249     187     185     669
CTETRA      1590       5     238     193     134     670
CTETRA      1591       5     596     422     375     696
CTETRA      1592       5     597     608     606     672
CTETRA      1593       5     377     305     419     707
CTETRA      1594       5     165     163     164     692
CTETRA      1595       5     573     443     570     691
CTETRA      1596       5     362     105     440     523
CTETRA      1597       5     552     528     445     694
CTETRA      1598       5     324     655     322     704
CTETRA      1599       5     401     324     298     704
CTETRA      1600       5     162     161     173     654
CTETRA      1601       5     599     596     603     658
CTETRA      1602       5     400     111     444     302
CTETRA      1603       5     138     549      64     256
CTETRA      1604       5     349     390     409     676
CTETRA      1605       5     406     677     414     705
CTETRA      1606       5     214     213     247     644
CTETRA      1607       5     100     434     563     283
CTETRA      1608       5      11     273     160     699
CTETRA      1609       5     585     606     130     435
CTETRA      1610       5     138     198     253     674
CTETRA      1611       5     538     103     395     424
CTETRA      1612       5     205     204     203     650
CTETRA      1613       5     593     117     421     319
CTETRA      1614       5     494     428     546     684
CTETRA      1615       5     376     621     617     120
CTETRA      1616       5     581     515     582     705
CTETRA      1617       5      60     532     546     141
CTETRA      1618       5     379     293     403     649
CTETRA      1619       5     332     331     385     690
CTETRA      1620       5     113     548     401     298
CTETRA      1621       5     588     125     540     620
CTETRA      1622       5     302     324     401     703
CTETRA      1623       5     246     556     152     689
CTETRA      1624       5     498     532     427     685
CTETRA      1625       5      83     374     607     603
CTETRA      1626       5     560     394     395     695
CTETRA      1627       5     527     537      54     218
CTETRA      1628       5     225     208     251     697
CTETRA      1629       5     622     610     620     675
CTETRA      1630       5     245     272     191     671
CTETRA      1631       5     169     170     236     678
CTETRA      1632       5     286     406     382     641
CTETRA      1633       5     483     482     437     664
CTETRA      1634       5     588     125     620     612
CTETRA      1635       5     257     426      52     142
CTETRA      1636       5     549     535     489     674
CTETRA      1637       5     122     593     621     586
CTETRA      1638       5     283     339     394     665
CTETRA      1639       5     285     388     343     660
CTETRA      1640       5     571     444     468     682
CTETRA      1641       5     167     678     169     702
CTETRA      1642       5     363     393     651     688
CTETRA      1643       5     502     570     568     706
CTETRA      1644       5     246      72     553     240
CTETRA      1645       5     366     369     296     686
CTETRA      1646       5     570     691     568     706
CTETRA      1647       5     424     538     575     688
CTETRA      1648       5      81     375     596     422
CTETRA      1649       5     319     531     116     292
CTETRA      1650       5     147     683     233     702
CTETRA      1651       5     529     426      52     257
CTETRA      1652       5     168     169     167     678
CTETRA      1653       5     609      43       3     275
CTETRA      1654       5     357     100     563     283
CTETRA      1655       5     273      11       2     595
CTETRA      1656       5     289     409     390     676
CTETRA      1657       5     224     430      68     150
CTETRA      1658       5     556     533     554     689
CTETRA      1659       5     575     424     688     695
CTETRA      1660       5     618     609      47     275
CTETRA      1661       5     213     644     214     701
CTETRA      1662       5     103     395     297     538
CTETRA      1663       5     162     173     261     654
CTETRA      1664       5     419     118     377     611
CTETRA      1665       5     290     329     521     109
CTETRA      1666       5     595      10     273     605
CTETRA      1667       5     401     536     112     302
CTETRA      1668       5     402     328     326     703
CTETRA      1669       5     595     605     273     699
CTETRA      1670       5     214     657     212     701
CTETRA      1671       5     600     602     596     696
CTETRA      1672       5     111     536     444     302
CTETRA      1673       5     193     670     191     671
CTETRA      1674       5     147     233     262     702
CTETRA      1675       5     347     680     345     691
CTETRA      1676       5     256     439      65     255
CTETRA      1677       5     196     198     200     674
CTETRA      1678       5     214     241     212     657
CTETRA      1679       5     518     447     526     692
CTETRA      1680       5     345     342     344     680
CTETRA      1681       5     337     356     334     700
CTETRA      1682       5     176      79     449     147
CTETRA      1683       5     445      71     134     694
CTETRA      1684       5      43     419     305     707
CTETRA      1685       5     453     449      79     147
CTETRA      1686       5     442     289     391      91
CTETRA      1687       5     309     668     310     704
CTETRA      1688       5     606     598     130     435
CTETRA      1689       5     110     571     290     400
CTETRA      1690       5     324     402     323     703
CTETRA      1691       5     582     572     304     705
CTETRA      1692       5     253      62     428     250
CTETRA      1693       5     219     220     260     673
CTETRA      1694       5     571     290     521     109
CTETRA      1695       5     172     167     262     683
CTETRA      1696       5     609     616     619     707
CTETRA      1697       5     582     442     391      90
CTETRA      1698       5     164     162     261     692
CTETRA      1699       5     318     422      11     696
CTETRA      1700       5     164     163     162     692
CTETRA      1701       5     402     324     302     703
CTETRA      1702       5     613     122     621     586
CTETRA      1703       5     406     286     352     677
CTETRA      1704       5     324     323     322     655
CTETRA      1705       5     544      65     439     255
CTETRA      1706       5     315     373     313     663
CTETRA      1707       5     138     254     198     674
CTETRA      1708       5     251     263     149     664
CTETRA      1709       5     301     359     358     693
CTETRA      1710       5     520     518     526     654
CTETRA      1711       5     601     131     592     585
CTETRA      1712       5     245     208     225     697
CTETRA      1713       5     598     129     587     600
CTETRA      1714       5     150     430      69     248
CTETRA      1715       5     408     371     337     665
CTETRA      1716       5     352     414     406     677
CTETRA      1717       5     399     309     310     704
CTETRA      1718       5     572     320     304     705
CTETRA      1719       5     604      11       2     422
CTETRA      1720       5     590     580     599     658
CTETRA      1721       5     263     208     204     664
CTETRA      1722       5     419      43       3     619
CTETRA      1723       5     500     568     566     680
CTETRA      1724       5     272     225     150     697
CTETRA      1725       5      71     553     240     694
CTETRA      1726       5     536     425     464     703
CTETRA      1727       5     391     304     582      90
CTETRA      1728       5     375     422     318     696
CTETRA      1729       5     472     423     521     690
CTETRA      1730       5     529     447     516     692
CTETRA      1731       5     141     250     197     684
CTETRA      1732       5     338     416     395     695
CTETRA      1733       5     427     542     501     701
CTETRA      1734       5     225     251     224     697
CTETRA      1735       5     425     548     463     704
CTETRA      1736       5     117     593     451     319
CTETRA      1737       5     266     213     211     685
CTETRA      1738       5     399     298     324     704
CTETRA      1739       5     129     435     598     587
CTETRA      1740       5      78     453     147     702
CTETRA      1741       5     339     408     337     665
CTETRA      1742       5     212     209     210     701
CTETRA      1743       5     407     363     393     651
CTETRA      1744       5     360     661     358     693
CTETRA      1745       5     309     308     310     668
CTETRA      1746       5     239      75     136     698
CTETRA      1747       5     260     220     237     673
CTETRA      1748       5     233     172     262     683
CTETRA      1749       5     347     396     345     680
CTETRA      1750       5     577     441     564     693
CTETRA      1751       5     382     315     380     663
CTETRA      1752       5     569     136      75     698
CTETRA      1753       5     620     615     589     675
CTETRA      1754       5     406     373     315     705
CTETRA      1755       5     328     402     302     703
CTETRA      1756       5      49     526     148     175
CTETRA      1757       5     324     322     399     704
CTETRA      1758       5     503     501     542     701
CTETRA      1759       5     470     472     521     690
CTETRA      1760       5     304     572     582      89
CTETRA      1761       5     568     691     680     706
CTETRA      1762       5     271     195     244     684
CTETRA      1763       5     406     315     382     641
CTETRA      1764       5     373     406     414     705
CTETRA      1765       5     310     298     399     704
CTETRA      1766       5     574     474     476     686
CTETRA      1767       5     430     545     550     697
CTETRA      1768       5     585     591     452     672
CTETRA      1769       5     424     558     560     695
CTETRA      1770       5     222     241     146     662
CTETRA      1771       5     345     396     342     680
CTETRA      1772       5     292     446     115     381
CTETRA      1773       5     415     372     291     687
CTETRA      1774       5     273     605     230     699
CTETRA      1775       5     562     432      77     236
CTETRA      1776       5     538     297     104     440
CTETRA      1777       5     102     394     395     560
CTETRA      1778       5     170     171     252     679
CTETRA      1779       5     350     409     353     676
CTETRA      1780       5     181     178     183     666
CTETRA      1781       5     341     343     388     660
CTETRA      1782       5     251     208     263     664
CTETRA      1783       5     314     380     315     663
CTETRA      1784       5     405     278     412     658
CTETRA      1785       5     192     191     193     670
CTETRA      1786       5     545     482     550     697
CTETRA      1787       5     608     595     602     699
CTETRA      1788       5     218      53     527     142
CTETRA      1789       5     407     393     281     651
CTETRA      1790       5     597     606     601     672
CTETRA      1791       5     590     450     580     658
CTETRA      1792       5     547     576     448     681
CTETRA      1793       5      20     291      19     687
CTETRA      1794       5     133     229     269     672
CTETRA      1795       5     231     618      47     275
CTETRA      1796       5      53     426     527     142
CTETRA      1797       5     269     267     133     672
CTETRA      1798       5     358     360     417     661
CTETRA      1799       5     297     362     104     440
CTETRA      1800       5     589     540     620     675
CTETRA      1801       5      46      45     610     132
CTETRA      1802       5       8       9     597     133
CTETRA      1803       5     228     266     211     685
CTETRA      1804       5     147     236      78     702
CTETRA      1805       5     230     273      10     605
CTETRA      1806       5     346     345     300     691
CTETRA      1807       5     596      82     375      81
CTETRA      1808       5     258     562      77     236
CTETRA      1809       5     193     191     272     671
CTETRA      1810       5     575     558     424     695
CTETRA      1811       5     118     377     611     119
CTETRA      1812       5     372     390     349     681
CTETRA      1813       5     615     620     610     675
CTETRA      1814       5     464     466     536     703
CTETRA      1815       5     572     304     320      89
CTETRA      1816       5     224     150     225     697
CTETRA      1817       5     131     601     606     585
CTETRA      1818       5     270     132     268     675
CTETRA      1819       5     480     575     538     688
CTETRA      1820       5     148     447      50     235
CTETRA      1821       5     276       7     592     601
CTETRA      1822       5     531     446     115     292
CTETRA      1823       5     568     570     443     691
CTETRA      1824       5     132     270     232     675
CTETRA      1825       5     534     463     548     704
CTETRA      1826       5     128     580     599     590
CTETRA      1827       5     454     453     432     702
CTETRA      1828       5      71     240     134     694
CTETRA      1829       5     334     356      27     700
CTETRA      1830       5      51     447     529     235
CTETRA      1831       5     273     230     160     699
CTETRA      1832       5      87      86     311     543
CTETRA      1833       5     515     572     582     705
CTETRA      1834       5     589     126     274     615
CTETRA      1835       5     368     369     366     686
CTETRA      1836       5     276     592      48     452
CTETRA      1837       5     394     338     395     695
CTETRA      1838       5     274     126      44     615
CTETRA      1839       5     368     367     667     686
CTETRA      1840       5      48     276     452     175
CTETRA      1841       5      92      93     448     354
CTETRA      1842       5     443      94      95     300
CTETRA      1843       5     331     330     329     690
CTETRA      1844       5     288      88      87     433
CTETRA      1845       5     526     447      50     148
CTETRA      1846       5     607     420     127     590
CTETRA      1847       5     346     415     347     691
CTETRA      1848       5     593     421     121     621
CTETRA      1849       5     254     200     198     674
CTETRA      1850       5     545      68      67     224
CTETRA      1851       5     566      95      96     344
CTETRA      1852       5     306      86      85     450
CTETRA      1853       5     449      80      79     176
CTETRA      1854       5     243     222     146     662
CTETRA      1855       5     418     327     328     682
CTETRA      1856       5      47      46     618     231
CTETRA      1857       5     441      97      98     340
CTETRA      1858       5      97     567      96     299
CTETRA      1859       5     230      10       9     605
CTETRA      1860       5     394     339     338     695
CTETRA      1861       5     296     574     107     106
CTETRA      1862       5     533     556     431     689
CTETRA      1863       5     420      84     607     127
CTETRA      1864       5      98      99     564     301
CTETRA      1865       5     540     589     449     675
CTETRA      1866       5     388     360     359     693
CTETRA      1867       5     532      60      59     227
CTETRA      1868       5     183     179     238     694
CTETRA      1869       5     499     502     568     706
CTETRA      1870       5     530      57      56     223
CTETRA      1871       5     365     105     523     106
CTETRA      1872       5      58      57     542     209
CTETRA      1873       5     619     616     611     707
CTETRA      1874       5     596     602     604     696
CTETRA      1875       5     124     123     614     436
CTETRA      1876       5     235     529      51     257
CTETRA      1877       5     116     117     451     319
CTETRA      1878       5      55      54     537     215
CTETRA      1879       5     108     521     329     109
CTETRA      1880       5     372     383     390     681
CTETRA      1881       5     238     192     193     670
CTETRA      1882       5     367     384     368     667
CTETRA      1883       5     210     213     214     701
CTETRA      1884       5     320     373     304     705
CTETRA      1885       5     210     214     212     701
CTETRA      1886       5      82      83     603     278
CTETRA      1887       5     573      93      94     355
CTETRA      1888       5     528     553     445     694
CTETRA      1889       5     447     518     516     692
CTETRA      1890       5     120     617     277     119
CTETRA      1891       5     339     335     338     695
CTETRA      1892       5     252     186     187     698
CTETRA      1893       5     320      88     572      89
CTETRA      1894       5      54      53     527     218
CTETRA      1895       5     362     105     104     440
CTETRA      1896       5     359     360     358     693
CTETRA      1897       5      59      58     427     140
CTETRA      1898       5     589     540     125     620
CTETRA      1899       5     595     608     605     699
CTETRA      1900       5     557     569     438     698
CTETRA      1901       5     131     592       7     601
CTETRA      1902       5     108     333     423     107
CTETRA      1903       5     315     313     314     663
CTETRA      1904       5     262     167     169     702
CTETRA      1905       5      56      55     429     151
CTETRA      1906       5     562      77      76     258
CTETRA      1907       5     336     338     335     695
CTETRA      1908       5     197     195     271     684
CTETRA      1909       5     435     598     130     129
CTETRA      1910       5     363     297     416     688
CTETRA      1911       5     551      70      69     248
CTETRA      1912       5     354     390     383     681
CTETRA      1913       5     332     330     331     690
CTETRA      1914       5     249     180     181     689
CTETRA      1915       5      73      72     431     246
CTETRA      1916       5     438      75      74     239
CTETRA      1917       5     147     262     169     702
CTETRA      1918       5     563      99     100     357
CTETRA      1919       5     368     366     367     686
CTETRA      1920       5     535      63      62     253
CTETRA      1921       5     122     593     121     621
CTETRA      1922       5     421       6     593     121
CTETRA      1923       5     367     389     384     667
CTETRA      1924       5     152     181     246     689
CTETRA      1925       5     613     122     586     123
CTETRA      1926       5      65      64     439     256
CTETRA      1927       5     353     414     352     677
CTETRA      1928       5     609       3      47     275
CTETRA      1929       5     273       2      10     595
CTETRA      1930       5       1       7     592     276
CTETRA      1931       5     134     183     238     694
CTETRA      1932       5     112     113     425     401
CTETRA      1933       5     297     104     103     538
CTETRA      1934       5     346     347     345     691
CTETRA      1935       5     426      53      52     142
CTETRA      1936       5     291     372     348     687
CTETRA      1937       5     348      19     291     687
CTETRA      1938       5     556      74      73     152
CTETRA      1939       5      85       5     420     590
CTETRA      1940       5     452      49      48     175
CTETRA      1941       5     274       4     589      80
CTETRA      1942       5     169     168     170     678
CTETRA      1943       5     444     110     111     400
CTETRA      1944       5     249     181     152     689
CTETRA      1945       5      90     304     582      89
CTETRA      1946       5     136     187     239     698
CTETRA      1947       5     569      76      75     136
CTETRA      1948       5     445      71      70     134
CTETRA      1949       5     437      67      66     149
CTETRA      1950       5     589     126     615     620
CTETRA      1951       5     289     565      92      91
CTETRA      1952       5     599     607     127     590
CTETRA      1953       5     592       7       1     131
CTETRA      1954       5       6     122     593     121
CTETRA      1955       5     147     169     236     702
CTETRA      1956       5       7     276     229     601
CTETRA      1957       5     549      64      63     138
CTETRA      1958       5      77     432      78     236
CTETRA      1959       5      61      60     546     141
CTETRA      1960       5     232     274      44     615
CTETRA      1961       5     283     100     434     101
CTETRA      1962       5     252     187     136     698
CTETRA      1963       5     114     548     113     298
CTETRA      1964       5     128     587     129     600
CTETRA      1965       5     536     111     112     302
CTETRA      1966       5       4     589     126     274
CTETRA      1967       5     127     420       5     590
CTETRA      1968       5     373     414     304     705
CTETRA      1969       5     126      44       4     274
CTETRA      1970       5       5      84     420     127
CTETRA      1971       5     125     588     124     612
CTETRA      1972       5     109     571     290     110
CTETRA      1973       5      79      78     453     147
CTETRA      1974       5      91     391     442      90
CTETRA      1975       5     114     115     446     381
CTETRA      1976       5     131     606     130     585
CTETRA      1977       5      81     604       2     422
CTETRA      1978       5     118     419       3     619
CTETRA      1979       5     529      52      51     257
CTETRA      1980       5     115     116     531     292
CTETRA      1981       5     127     128     599     590
CTETRA      1982       5     592      48       1     276
CTETRA      1983       5     430      69      68     150
CTETRA      1984       5     229       8       7     601
CTETRA      1985       5     376     121     421     621
CTETRA      1986       5      44      45     232     615
CTETRA      1987       5     607     374      84     420
CTETRA      1988       5     553      72      71     240
CTETRA      1989       5     102     395     103     424
CTETRA      1990       5     102     101     394     560
CTETRA      1991       5     240     183     134     694
CTETRA      1992       5      50      49     526     148
CTETRA      1993       5     544      66      65     255
CTETRA      1994       5       6     593     117     421
CTETRA      1995       5     126     589     125     620
CTETRA      1996       5     447      51      50     235
CTETRA      1997       5      62      61     428     250
CTETRA      1998       5     621     376     121     120
CTETRA      1999       5      84     374     607      83
CTETRA      2000       5     433     649     543     312
CTETRA      2001       5     543     649     433     583
CTETRA      2002       5     647     593     621     376
CTETRA      2003       5     647     621     593     586
CTETRA      2004       5     650      28      29     135
CTETRA      2005       5     650      29      28     629
CTETRA      2006       5     668      41      40     284
CTETRA      2007       5     668      40      41     632
CTETRA      2008       5     642      28     650     202
CTETRA      2009       5     642     650      28     629
CTETRA      2010       5     696      12     649     623
CTETRA      2011       5     696     649      12     318
CTETRA      2012       5     686     333     653     369
CTETRA      2013       5     686     653     333     423
CTETRA      2014       5      38     655      39     282
CTETRA      2015       5      39     655      38     633
CTETRA      2016       5     681     355     691     383
CTETRA      2017       5     681     691     355     573
CTETRA      2018       5      39     655     321     282
CTETRA      2019       5     321     655      39     639
CTETRA      2020       5     645      34     653     386
CTETRA      2021       5     645     653      34     626
CTETRA      2022       5     653      34      33     279
CTETRA      2023       5     653      33      34     626
CTETRA      2024       5     481     651     688     480
CTETRA      2025       5     688     651     481     636
CTETRA      2026       5     610     231      46     132
CTETRA      2027       5      46     231     610     618
CTETRA      2028       5     673      15     659     641
CTETRA      2029       5     673     659      15     158
CTETRA      2030       5     488     674     487     489
CTETRA      2031       5     487     674     488     642
CTETRA      2032       5     539     624     458     541
CTETRA      2033       5     458     624     539     683
CTETRA      2034       5     653     475     686     638
CTETRA      2035       5     653     686     475     474
CTETRA      2036       5     695     484     688     575
CTETRA      2037       5     695     688     484     629
CTETRA      2038       5     636     688     484     575
CTETRA      2039       5     636     484     688     629
CTETRA      2040       5     707     612     622     616
CTETRA      2041       5     707     622     612     624
CTETRA      2042       5     695     280     688     629
CTETRA      2043       5     695     688     280     336
CTETRA      2044       5     656      18      17     630
CTETRA      2045       5     656      17      18     144
CTETRA      2046       5     653      33     384     279
CTETRA      2047       5     653     384      33     638
CTETRA      2048       5     668     457     704     639
CTETRA      2049       5     668     704     457     534
CTETRA      2050       5     649      13     380     634
CTETRA      2051       5     649     380      13     293
CTETRA      2052       5      17     656     237     144
CTETRA      2053       5     237     656      17     640
CTETRA      2054       5     672     276     601     229
CTETRA      2055       5     672     601     276     592
CTETRA      2056       5     664     205     204     263
CTETRA      2057       5     664     204     205     650
CTETRA      2058       5     673     510     509     640
CTETRA      2059       5     673     509     510     511
CTETRA      2060       5     686     384     653     638
CTETRA      2061       5     686     653     384     368
CTETRA      2062       5     404     531     378     292
CTETRA      2063       5     378     531     404     648
CTETRA      2064       5     666     246     689     431
CTETRA      2065       5     666     689     246     181
CTETRA      2066       5     651      31      30     281
CTETRA      2067       5     651      30      31     631
CTETRA      2068       5     678     258     679     170
CTETRA      2069       5     678     679     258     562
CTETRA      2070       5     613     436     123     586
CTETRA      2071       5     123     436     613     614
CTETRA      2072       5     319     593     376     421
CTETRA      2073       5     319     376     593     451
CTETRA      2074       5     617     377     647     277
CTETRA      2075       5     617     647     377     611
CTETRA      2076       5     375     603     658     278
CTETRA      2077       5     375     658     603     596
CTETRA      2078       5     687     243     146     662
CTETRA      2079       5     687     146     243      19
CTETRA      2080       5     429     215     216     151
CTETRA      2081       5     216     215     429     537
CTETRA      2082       5     562     136      76     569
CTETRA      2083       5      76     136     562     258
CTETRA      2084       5     670     248     671     193
CTETRA      2085       5     670     671     248     551
CTETRA      2086       5     427     209     701     140
CTETRA      2087       5     701     209     427     542
CTETRA      2088       5     436     612     124     588
CTETRA      2089       5     124     612     436     614
CTETRA      2090       5     683     270     176     233
CTETRA      2091       5     683     176     270     675
CTETRA      2092       5     681     289     676     565
CTETRA      2093       5     681     676     289     390
CTETRA      2094       5     699     133     267     672
CTETRA      2095       5     699     267     133     230
CTETRA      2096       5     438     152      74     556
CTETRA      2097       5      74     152     438     239
CTETRA      2098       5     400     571     682     444
CTETRA      2099       5     400     682     571     290
CTETRA      2100       5     256     549     206     138
CTETRA      2101       5     256     206     549     439
CTETRA      2102       5     430     248     671     551
CTETRA      2103       5     671     248     430     150
CTETRA      2104       5     563     301     661     564
CTETRA      2105       5     661     301     563     357
CTETRA      2106       5     274     675     615     232
CTETRA      2107       5     615     675     274     589
CTETRA      2108       5     248     445     670     551
CTETRA      2109       5     248     670     445     134
CTETRA      2110       5     300     691     344     443
CTETRA      2111       5     566     344     691     443
CTETRA      2112       5     566     691     344     680
CTETRA      2113       5     283     560     101     434
CTETRA      2114       5     101     560     283     394
CTETRA      2115       5     138     535      63     549
CTETRA      2116       5     138      63     535     253
CTETRA      2117       5     446     298     114     381
CTETRA      2118       5     114     298     446     548
CTETRA      2119       5     176     589      80     274
CTETRA      2120       5     176      80     589     449
CTETRA      2121       5     328     290     682     400
CTETRA      2122       5     682     290     328     418
CTETRA      2123       5     590     306      85     450
CTETRA      2124       5     590      85     306     420
CTETRA      2125       5     141     428      61     250
CTETRA      2126       5     141      61     428     546
CTETRA      2127       5     149     544      66     437
CTETRA      2128       5     149      66     544     255
CTETRA      2129       5     314     293     649     403
CTETRA      2130       5     649     293     314     380
CTETRA      2131       5     695     416     336     338
CTETRA      2132       5     695     336     416     688
CTETRA      2133       5     149     205     544     263
CTETRA      2134       5     544     205     149     255
CTETRA      2135       5     289     353     676     391
CTETRA      2136       5     289     676     353     409
CTETRA      2137       5     281     367     667     389
CTETRA      2138       5     281     667     367     407
CTETRA      2139       5     150     193     671     248
CTETRA      2140       5     671     193     150     272
CTETRA      2141       5     291     347     635     397
CTETRA      2142       5     291     635     347     415
CTETRA      2143       5     310     292     446     404
CTETRA      2144       5     310     446     292     381
CTETRA      2145       5     336     363     688     393
CTETRA      2146       5     336     688     363     416
CTETRA      2147       5     294     360     661     417
CTETRA      2148       5     661     360     294     392
CTETRA      2149       5     214     146     657     264
CTETRA      2150       5     214     657     146     241
CTETRA      2151       5     680     287     343     637
CTETRA      2152       5     680     343     287     396
CTETRA      2153       5     691     344     345     300
CTETRA      2154       5     691     345     344     680
ENDDATA
