t,Eint,Ekin,Wext,Etot,Ebal,Wnormal,Wfric,Wext_0,Wext_2,Wnormal_0,Wnormal_2,Wfric_0,Wfric_2,bc_0_dx,bc_0_dy,bc_0_dz,bc_2_dx,bc_2_dy,bc_2_dz
0.000000e+00,0.000000e+00,0.000000e+00,0.000000e+00,0.000000e+00,0.000000e+00,0.000000e+00,0.000000e+00,0.000000e+00,0.000000e+00,0.000000e+00,0.000000e+00,0.000000e+00,0.000000e+00,0.000000e+00,0.000000e+00,0.000000e+00,0.000000e+00,0.000000e+00,0.000000e+00
1.012708e-05,0.000000e+00,0.000000e+00,0.000000e+00,0.000000e+00,0.000000e+00,0.000000e+00,0.000000e+00,0.000000e+00,0.000000e+00,0.000000e+00,0.000000e+00,0.000000e+00,0.000000e+00,0.000000e+00,-6.183313e-07,0.000000e+00,0.000000e+00,0.000000e+00,0.000000e+00
2.025416e-05,0.000000e+00,0.000000e+00,0.000000e+00,0.000000e+00,0.000000e+00,0.000000e+00,0.000000e+00,0.000000e+00,0.000000e+00,0.000000e+00,0.000000e+00,0.000000e+00,0.000000e+00,0.000000e+00,-1.692194e-06,0.000000e+00,0.000000e+00,0.000000e+00,0.000000e+00
3.038124e-05,0.000000e+00,0.000000e+00,0.000000e+00,0.000000e+00,0.000000e+00,0.000000e+00,0.000000e+00,0.000000e+00,0.000000e+00,0.000000e+00,0.000000e+00,0.000000e+00,0.000000e+00,0.000000e+00,-3.072406e-06,0.000000e+00,0.000000e+00,0.000000e+00,0.000000e+00
4.050832e-05,0.000000e+00,0.000000e+00,0.000000e+00,0.000000e+00,0.000000e+00,0.000000e+00,0.000000e+00,0.000000e+00,0.000000e+00,0.000000e+00,0.000000e+00,0.000000e+00,0.000000e+00,0.000000e+00,-4.701670e-06,0.000000e+00,0.000000e+00,0.000000e+00,0.000000e+00
5.063540e-05,0.000000e+00,0.000000e+00,0.000000e+00,0.000000e+00,0.000000e+00,0.000000e+00,0.000000e+00,0.000000e+00,0.000000e+00,0.000000e+00,0.000000e+00,0.000000e+00,0.000000e+00,0.000000e+00,-6.546463e-06,0.000000e+00,0.000000e+00,0.000000e+00,0.000000e+00
6.076249e-05,0.000000e+00,0.000000e+00,0.000000e+00,0.000000e+00,0.000000e+00,0.000000e+00,0.000000e+00,0.000000e+00,0.000000e+00,0.000000e+00,0.000000e+00,0.000000e+00,0.000000e+00,0.000000e+00,-8.584028e-06,0.000000e+00,0.000000e+00,0.000000e+00,0.000000e+00
7.088957e-05,0.000000e+00,0.000000e+00,0.000000e+00,0.000000e+00,0.000000e+00,0.000000e+00,0.000000e+00,0.000000e+00,0.000000e+00,0.000000e+00,0.000000e+00,0.000000e+00,0.000000e+00,0.000000e+00,-1.079760e-05,0.000000e+00,0.000000e+00,0.000000e+00,0.000000e+00
8.101665e-05,0.000000e+00,0.000000e+00,0.000000e+00,0.000000e+00,0.000000e+00,0.000000e+00,0.000000e+00,0.000000e+00,0.000000e+00,0.000000e+00,0.000000e+00,0.000000e+00,0.000000e+00,0.000000e+00,-1.317415e-05,0.000000e+00,0.000000e+00,0.000000e+00,0.000000e+00
9.001850e-05,0.000000e+00,0.000000e+00,0.000000e+00,0.000000e+00,0.000000e+00,0.000000e+00,0.000000e+00,0.000000e+00,0.000000e+00,0.000000e+00,0.000000e+00,0.000000e+00,0.000000e+00,0.000000e+00,-1.541494e-05,0.000000e+00,0.000000e+00,0.000000e+00,0.000000e+00
1.001456e-04,0.000000e+00,0.000000e+00,0.000000e+00,0.000000e+00,0.000000e+00,0.000000e+00,0.000000e+00,0.000000e+00,0.000000e+00,0.000000e+00,0.000000e+00,0.000000e+00,0.000000e+00,0.000000e+00,-1.807218e-05,0.000000e+00,0.000000e+00,0.000000e+00,0.000000e+00
1.102727e-04,0.000000e+00,0.000000e+00,0.000000e+00,0.000000e+00,0.000000e+00,0.000000e+00,0.000000e+00,0.000000e+00,0.000000e+00,0.000000e+00,0.000000e+00,0.000000e+00,0.000000e+00,0.000000e+00,-2.086662e-05,0.000000e+00,0.000000e+00,0.000000e+00,0.000000e+00
1.203997e-04,0.000000e+00,0.000000e+00,0.000000e+00,0.000000e+00,0.000000e+00,0.000000e+00,0.000000e+00,0.000000e+00,0.000000e+00,0.000000e+00,0.000000e+00,0.000000e+00,0.000000e+00,0.000000e+00,-2.379182e-05,0.000000e+00,0.000000e+00,0.000000e+00,0.000000e+00
1.305268e-04,0.000000e+00,0.000000e+00,0.000000e+00,0.000000e+00,0.000000e+00,0.000000e+00,0.000000e+00,0.000000e+00,0.000000e+00,0.000000e+00,0.000000e+00,0.000000e+00,0.000000e+00,0.000000e+00,-2.684218e-05,0.000000e+00,0.000000e+00,0.000000e+00,0.000000e+00
1.406539e-04,0.000000e+00,0.000000e+00,0.000000e+00,0.000000e+00,0.000000e+00,0.000000e+00,0.000000e+00,0.000000e+00,0.000000e+00,0.000000e+00,0.000000e+00,0.000000e+00,0.000000e+00,0.000000e+00,-3.001277e-05,0.000000e+00,0.000000e+00,0.000000e+00,0.000000e+00
1.507810e-04,0.000000e+00,0.000000e+00,0.000000e+00,0.000000e+00,0.000000e+00,0.000000e+00,0.000000e+00,0.000000e+00,0.000000e+00,0.000000e+00,0.000000e+00,0.000000e+00,0.000000e+00,0.000000e+00,-3.329918e-05,0.000000e+00,0.000000e+00,0.000000e+00,0.000000e+00
1.609081e-04,0.000000e+00,0.000000e+00,0.000000e+00,0.000000e+00,0.000000e+00,0.000000e+00,0.000000e+00,0.000000e+00,0.000000e+00,0.000000e+00,0.000000e+00,0.000000e+00,0.000000e+00,0.000000e+00,-3.669746e-05,0.000000e+00,0.000000e+00,0.000000e+00,0.000000e+00
1.710351e-04,0.000000e+00,0.000000e+00,0.000000e+00,0.000000e+00,0.000000e+00,0.000000e+00,0.000000e+00,0.000000e+00,0.000000e+00,0.000000e+00,0.000000e+00,0.000000e+00,0.000000e+00,0.000000e+00,-4.020406e-05,0.000000e+00,0.000000e+00,0.000000e+00,0.000000e+00
1.800370e-04,0.000000e+00,0.000000e+00,0.000000e+00,0.000000e+00,0.000000e+00,0.000000e+00,0.000000e+00,0.000000e+00,0.000000e+00,0.000000e+00,0.000000e+00,0.000000e+00,0.000000e+00,0.000000e+00,-4.340933e-05,0.000000e+00,0.000000e+00,0.000000e+00,0.000000e+00
1.901641e-04,0.000000e+00,6.324510e-07,0.000000e+00,6.324510e-07,-6.324510e-07,0.000000e+00,0.000000e+00,0.000000e+00,0.000000e+00,0.000000e+00,0.000000e+00,0.000000e+00,0.000000e+00,0.000000e+00,-4.711187e-05,0.000000e+00,0.000000e+00,0.000000e+00,0.000000e+00
2.002900e-04,2.190586e-04,5.008097e-05,0.000000e+00,2.691395e-04,-2.691395e-04,0.000000e+00,0.000000e+00,0.000000e+00,0.000000e+00,0.000000e+00,0.000000e+00,0.000000e+00,0.000000e+00,0.000000e+00,-5.091356e-05,0.000000e+00,0.000000e+00,0.000000e+00,0.000000e+00
2.104157e-04,6.612010e-04,1.025162e-04,0.000000e+00,7.637172e-04,-7.637172e-04,0.000000e+00,0.000000e+00,0.000000e+00,0.000000e+00,0.000000e+00,0.000000e+00,0.000000e+00,0.000000e+00,0.000000e+00,-5.481230e-05,0.000000e+00,0.000000e+00,0.000000e+00,0.000000e+00
2.205409e-04,1.583502e-03,1.215978e-04,0.000000e+00,1.705100e-03,-1.705100e-03,0.000000e+00,0.000000e+00,0.000000e+00,0.000000e+00,0.000000e+00,0.000000e+00,0.000000e+00,0.000000e+00,0.000000e+00,-5.880556e-05,0.000000e+00,0.000000e+00,0.000000e+00,0.000000e+00
2.306660e-04,2.765529e-03,1.737653e-04,0.000000e+00,2.939294e-03,-2.939294e-03,0.000000e+00,0.000000e+00,0.000000e+00,0.000000e+00,0.000000e+00,0.000000e+00,0.000000e+00,0.000000e+00,0.000000e+00,-6.289129e-05,0.000000e+00,0.000000e+00,0.000000e+00,0.000000e+00
2.407909e-04,4.297180e-03,3.079788e-04,0.000000e+00,4.605158e-03,-4.605158e-03,0.000000e+00,0.000000e+00,0.000000e+00,0.000000e+00,0.000000e+00,0.000000e+00,0.000000e+00,0.000000e+00,0.000000e+00,-6.706736e-05,0.000000e+00,0.000000e+00,0.000000e+00,0.000000e+00
2.509152e-04,6.553735e-03,5.170135e-04,0.000000e+00,7.070748e-03,-7.070748e-03,0.000000e+00,0.000000e+00,0.000000e+00,0.000000e+00,0.000000e+00,0.000000e+00,0.000000e+00,0.000000e+00,0.000000e+00,-7.133177e-05,0.000000e+00,0.000000e+00,0.000000e+00,0.000000e+00
2.610391e-04,9.767671e-03,8.597681e-04,0.000000e+00,1.062744e-02,-1.062744e-02,0.000000e+00,0.000000e+00,0.000000e+00,0.000000e+00,0.000000e+00,0.000000e+00,0.000000e+00,0.000000e+00,0.000000e+00,-7.568263e-05,0.000000e+00,0.000000e+00,0.000000e+00,0.000000e+00
2.700365e-04,1.492545e-02,1.197519e-03,0.000000e+00,1.612297e-02,-1.612297e-02,0.000000e+00,0.000000e+00,0.000000e+00,0.000000e+00,0.000000e+00,0.000000e+00,0.000000e+00,0.000000e+00,0.000000e+00,-7.962084e-05,0.000000e+00,0.000000e+00,0.000000e+00,0.000000e+00
2.801587e-04,2.047025e-02,1.424426e-03,0.000000e+00,2.189467e-02,-2.189467e-02,0.000000e+00,0.000000e+00,0.000000e+00,0.000000e+00,0.000000e+00,0.000000e+00,0.000000e+00,0.000000e+00,0.000000e+00,-8.413028e-05,0.000000e+00,0.000000e+00,0.000000e+00,0.000000e+00
2.902812e-04,2.559584e-02,1.821338e-03,0.000000e+00,2.741718e-02,-2.741718e-02,0.000000e+00,0.000000e+00,0.000000e+00,0.000000e+00,0.000000e+00,0.000000e+00,0.000000e+00,0.000000e+00,0.000000e+00,-8.872189e-05,0.000000e+00,0.000000e+00,0.000000e+00,0.000000e+00
3.004028e-04,3.239677e-02,2.136740e-03,0.000000e+00,3.453351e-02,-3.453351e-02,0.000000e+00,0.000000e+00,0.000000e+00,0.000000e+00,0.000000e+00,0.000000e+00,0.000000e+00,0.000000e+00,0.000000e+00,-9.339370e-05,0.000000e+00,0.000000e+00,0.000000e+00,0.000000e+00
3.105249e-04,3.818318e-02,2.391492e-03,0.000000e+00,4.057467e-02,-4.057467e-02,0.000000e+00,0.000000e+00,0.000000e+00,0.000000e+00,0.000000e+00,0.000000e+00,0.000000e+00,0.000000e+00,0.000000e+00,-9.814502e-05,0.000000e+00,0.000000e+00,0.000000e+00,0.000000e+00
3.206468e-04,4.468985e-02,2.764798e-03,0.000000e+00,4.745465e-02,-4.745465e-02,0.000000e+00,0.000000e+00,0.000000e+00,0.000000e+00,0.000000e+00,0.000000e+00,0.000000e+00,0.000000e+00,0.000000e+00,-1.029741e-04,0.000000e+00,0.000000e+00,0.000000e+00,0.000000e+00
3.307683e-04,5.179217e-02,2.998829e-03,0.000000e+00,5.479100e-02,-5.479100e-02,0.000000e+00,0.000000e+00,0.000000e+00,0.000000e+00,0.000000e+00,0.000000e+00,0.000000e+00,0.000000e+00,0.000000e+00,-1.078797e-04,0.000000e+00,0.000000e+00,0.000000e+00,0.000000e+00
3.408902e-04,5.819439e-02,3.311586e-03,0.000000e+00,6.150598e-02,-6.150598e-02,0.000000e+00,0.000000e+00,0.000000e+00,0.000000e+00,0.000000e+00,0.000000e+00,0.000000e+00,0.000000e+00,0.000000e+00,-1.128611e-04,0.000000e+00,0.000000e+00,0.000000e+00,0.000000e+00
3.510115e-04,6.584344e-02,3.631725e-03,0.000000e+00,6.947516e-02,-6.947516e-02,0.000000e+00,0.000000e+00,0.000000e+00,0.000000e+00,0.000000e+00,0.000000e+00,0.000000e+00,0.000000e+00,0.000000e+00,-1.179165e-04,0.000000e+00,0.000000e+00,0.000000e+00,0.000000e+00
3.600083e-04,7.238136e-02,3.847333e-03,0.000000e+00,7.622869e-02,-7.622869e-02,0.000000e+00,0.000000e+00,0.000000e+00,0.000000e+00,0.000000e+00,0.000000e+00,0.000000e+00,0.000000e+00,0.000000e+00,-1.224719e-04,0.000000e+00,0.000000e+00,0.000000e+00,0.000000e+00
3.701297e-04,7.965549e-02,4.204825e-03,0.000000e+00,8.386031e-02,-8.386031e-02,0.000000e+00,0.000000e+00,0.000000e+00,0.000000e+00,0.000000e+00,0.000000e+00,0.000000e+00,0.000000e+00,0.000000e+00,-1.276649e-04,0.000000e+00,0.000000e+00,0.000000e+00,0.000000e+00
3.802506e-04,8.783130e-02,4.541099e-03,0.000000e+00,9.237240e-02,-9.237240e-02,0.000000e+00,0.000000e+00,0.000000e+00,0.000000e+00,0.000000e+00,0.000000e+00,0.000000e+00,0.000000e+00,0.000000e+00,-1.329291e-04,0.000000e+00,0.000000e+00,0.000000e+00,0.000000e+00
3.903716e-04,9.558145e-02,4.890099e-03,0.000000e+00,1.004716e-01,-1.004716e-01,0.000000e+00,0.000000e+00,0.000000e+00,0.000000e+00,0.000000e+00,0.000000e+00,0.000000e+00,0.000000e+00,0.000000e+00,-1.382638e-04,0.000000e+00,0.000000e+00,0.000000e+00,0.000000e+00
4.004923e-04,1.039543e-01,5.294397e-03,0.000000e+00,1.092487e-01,-1.092487e-01,0.000000e+00,0.000000e+00,0.000000e+00,0.000000e+00,0.000000e+00,0.000000e+00,0.000000e+00,0.000000e+00,0.000000e+00,-1.436678e-04,0.000000e+00,0.000000e+00,0.000000e+00,0.000000e+00
4.106127e-04,1.126303e-01,5.625620e-03,0.000000e+00,1.182559e-01,-1.182559e-01,0.000000e+00,0.000000e+00,0.000000e+00,0.000000e+00,0.000000e+00,0.000000e+00,0.000000e+00,0.000000e+00,0.000000e+00,-1.491403e-04,0.000000e+00,0.000000e+00,0.000000e+00,0.000000e+00
4.207323e-04,1.202666e-01,6.185857e-03,0.000000e+00,1.264525e-01,-1.264525e-01,0.000000e+00,0.000000e+00,0.000000e+00,0.000000e+00,0.000000e+00,0.000000e+00,0.000000e+00,0.000000e+00,0.000000e+00,-1.546801e-04,0.000000e+00,0.000000e+00,0.000000e+00,0.000000e+00
4.308518e-04,1.302652e-01,6.605875e-03,0.000000e+00,1.368710e-01,-1.368710e-01,0.000000e+00,0.000000e+00,0.000000e+00,0.000000e+00,0.000000e+00,0.000000e+00,0.000000e+00,0.000000e+00,0.000000e+00,-1.602867e-04,0.000000e+00,0.000000e+00,0.000000e+00,0.000000e+00
4.409714e-04,1.393281e-01,6.872129e-03,0.000000e+00,1.462002e-01,-1.462002e-01,0.000000e+00,0.000000e+00,0.000000e+00,0.000000e+00,0.000000e+00,0.000000e+00,0.000000e+00,0.000000e+00,0.000000e+00,-1.659597e-04,0.000000e+00,0.000000e+00,0.000000e+00,0.000000e+00
4.510904e-04,1.488457e-01,7.257610e-03,0.000000e+00,1.561034e-01,-1.561034e-01,0.000000e+00,0.000000e+00,0.000000e+00,0.000000e+00,0.000000e+00,0.000000e+00,0.000000e+00,0.000000e+00,0.000000e+00,-1.716976e-04,0.000000e+00,0.000000e+00,0.000000e+00,0.000000e+00
4.600836e-04,1.577768e-01,7.826572e-03,0.000000e+00,1.656034e-01,-1.656034e-01,0.000000e+00,0.000000e+00,0.000000e+00,0.000000e+00,0.000000e+00,0.000000e+00,0.000000e+00,0.000000e+00,0.000000e+00,-1.768513e-04,0.000000e+00,0.000000e+00,0.000000e+00,0.000000e+00
4.702003e-04,1.664259e-01,8.338998e-03,0.000000e+00,1.747649e-01,-1.747649e-01,0.000000e+00,0.000000e+00,0.000000e+00,0.000000e+00,0.000000e+00,0.000000e+00,0.000000e+00,0.000000e+00,0.000000e+00,-1.827094e-04,0.000000e+00,0.000000e+00,0.000000e+00,0.000000e+00
4.803162e-04,1.786847e-01,8.649516e-03,0.000000e+00,1.873342e-01,-1.873342e-01,0.000000e+00,0.000000e+00,0.000000e+00,0.000000e+00,0.000000e+00,0.000000e+00,0.000000e+00,0.000000e+00,0.000000e+00,-1.886303e-04,0.000000e+00,0.000000e+00,0.000000e+00,0.000000e+00
4.904308e-04,1.877288e-01,9.168522e-03,0.000000e+00,1.968973e-01,-1.968973e-01,0.000000e+00,0.000000e+00,0.000000e+00,0.000000e+00,0.000000e+00,0.000000e+00,0.000000e+00,0.000000e+00,0.000000e+00,-1.946130e-04,0.000000e+00,0.000000e+00,0.000000e+00,0.000000e+00
5.005443e-04,1.988627e-01,9.773576e-03,0.000000e+00,2.086362e-01,-2.086362e-01,0.000000e+00,0.000000e+00,0.000000e+00,0.000000e+00,0.000000e+00,0.000000e+00,0.000000e+00,0.000000e+00,0.000000e+00,-2.006569e-04,0.000000e+00,0.000000e+00,0.000000e+00,0.000000e+00
5.106557e-04,2.100932e-01,1.029558e-02,0.000000e+00,2.203888e-01,-2.203888e-01,0.000000e+00,0.000000e+00,0.000000e+00,0.000000e+00,0.000000e+00,0.000000e+00,0.000000e+00,0.000000e+00,0.000000e+00,-2.067610e-04,0.000000e+00,0.000000e+00,0.000000e+00,0.000000e+00
5.207656e-04,2.197917e-01,1.122916e-02,0.000000e+00,2.310209e-01,-2.310209e-01,0.000000e+00,0.000000e+00,0.000000e+00,0.000000e+00,0.000000e+00,0.000000e+00,0.000000e+00,0.000000e+00,0.000000e+00,-2.129244e-04,0.000000e+00,0.000000e+00,0.000000e+00,0.000000e+00
5.308727e-04,2.319312e-01,1.207294e-02,0.000000e+00,2.440041e-01,-2.440041e-01,0.000000e+00,0.000000e+00,0.000000e+00,0.000000e+00,0.000000e+00,0.000000e+00,0.000000e+00,0.000000e+00,0.000000e+00,-2.191466e-04,0.000000e+00,0.000000e+00,0.000000e+00,0.000000e+00
5.409796e-04,2.435144e-01,1.261136e-02,0.000000e+00,2.561258e-01,-2.561258e-01,0.000000e+00,0.000000e+00,0.000000e+00,0.000000e+00,0.000000e+00,0.000000e+00,0.000000e+00,0.000000e+00,0.000000e+00,-2.254281e-04,0.000000e+00,0.000000e+00,0.000000e+00,0.000000e+00
5.510841e-04,2.549828e-01,1.385290e-02,0.000000e+00,2.688357e-01,-2.688357e-01,0.000000e+00,0.000000e+00,0.000000e+00,0.000000e+00,0.000000e+00,0.000000e+00,0.000000e+00,0.000000e+00,0.000000e+00,-2.317667e-04,0.000000e+00,0.000000e+00,0.000000e+00,0.000000e+00
5.600649e-04,2.677968e-01,1.484267e-02,0.000000e+00,2.826395e-01,-2.826395e-01,0.000000e+00,0.000000e+00,0.000000e+00,0.000000e+00,0.000000e+00,0.000000e+00,0.000000e+00,0.000000e+00,0.000000e+00,-2.374495e-04,0.000000e+00,0.000000e+00,0.000000e+00,0.000000e+00
5.701654e-04,2.817238e-01,1.602112e-02,0.000000e+00,2.977449e-01,-2.977449e-01,0.000000e+00,0.000000e+00,0.000000e+00,0.000000e+00,0.000000e+00,0.000000e+00,0.000000e+00,0.000000e+00,0.000000e+00,-2.438956e-04,0.000000e+00,0.000000e+00,0.000000e+00,0.000000e+00
5.802645e-04,3.004200e-01,1.775942e-02,0.000000e+00,3.181794e-01,-3.181794e-01,0.000000e+00,0.000000e+00,0.000000e+00,0.000000e+00,0.000000e+00,0.000000e+00,0.000000e+00,0.000000e+00,0.000000e+00,-2.503977e-04,0.000000e+00,0.000000e+00,0.000000e+00,0.000000e+00
5.903616e-04,3.232229e-01,1.922613e-02,0.000000e+00,3.424491e-01,-3.424491e-01,0.000000e+00,0.000000e+00,0.000000e+00,0.000000e+00,0.000000e+00,0.000000e+00,0.000000e+00,0.000000e+00,0.000000e+00,-2.569554e-04,0.000000e+00,0.000000e+00,0.000000e+00,0.000000e+00
6.004565e-04,3.467839e-01,2.086111e-02,0.000000e+00,3.676450e-01,-3.676450e-01,0.000000e+00,0.000000e+00,0.000000e+00,0.000000e+00,0.000000e+00,0.000000e+00,0.000000e+00,0.000000e+00,0.000000e+00,-2.635680e-04,0.000000e+00,0.000000e+00,0.000000e+00,0.000000e+00
6.105491e-04,3.754986e-01,2.341237e-02,0.000000e+00,3.989110e-01,-3.989110e-01,0.000000e+00,0.000000e+00,0.000000e+00,0.000000e+00,0.000000e+00,0.000000e+00,0.000000e+00,0.000000e+00,0.000000e+00,-2.702347e-04,0.000000e+00,0.000000e+00,0.000000e+00,0.000000e+00
6.206403e-04,4.054786e-01,2.529554e-02,0.000000e+00,4.307741e-01,-4.307741e-01,0.000000e+00,0.000000e+00,0.000000e+00,0.000000e+00,0.000000e+00,0.000000e+00,0.000000e+00,0.000000e+00,0.000000e+00,-2.769561e-04,0.000000e+00,0.000000e+00,0.000000e+00,0.000000e+00
6.307308e-04,4.354872e-01,2.745585e-02,0.000000e+00,4.629430e-01,-4.629430e-01,0.000000e+00,0.000000e+00,0.000000e+00,0.000000e+00,0.000000e+00,0.000000e+00,0.000000e+00,0.000000e+00,0.000000e+00,-2.837315e-04,0.000000e+00,0.000000e+00,0.000000e+00,0.000000e+00
6.408184e-04,4.678659e-01,3.073311e-02,0.000000e+00,4.985991e-01,-4.985991e-01,0.000000e+00,0.000000e+00,0.000000e+00,0.000000e+00,0.000000e+00,0.000000e+00,0.000000e+00,0.000000e+00,0.000000e+00,-2.905592e-04,0.000000e+00,0.000000e+00,0.000000e+00,0.000000e+00
6.509028e-04,5.049859e-01,3.491404e-02,0.000000e+00,5.398999e-01,-5.398999e-01,0.000000e+00,0.000000e+00,0.000000e+00,0.000000e+00,0.000000e+00,0.000000e+00,0.000000e+00,0.000000e+00,0.000000e+00,-2.974391e-04,0.000000e+00,0.000000e+00,0.000000e+00,0.000000e+00
6.609865e-04,5.473396e-01,3.969593e-02,0.000000e+00,5.870356e-01,-5.870356e-01,0.000000e+00,0.000000e+00,0.000000e+00,0.000000e+00,0.000000e+00,0.000000e+00,0.000000e+00,0.000000e+00,0.000000e+00,-3.043715e-04,0.000000e+00,0.000000e+00,0.000000e+00,0.000000e+00
6.710680e-04,5.985813e-01,4.586065e-02,0.000000e+00,6.444419e-01,-6.444419e-01,0.000000e+00,0.000000e+00,0.000000e+00,0.000000e+00,0.000000e+00,0.000000e+00,0.000000e+00,0.000000e+00,0.000000e+00,-3.113555e-04,0.000000e+00,0.000000e+00,0.000000e+00,0.000000e+00
6.800276e-04,6.543780e-01,5.226127e-02,0.000000e+00,7.066393e-01,-7.066393e-01,0.000000e+00,0.000000e+00,0.000000e+00,0.000000e+00,0.000000e+00,0.000000e+00,0.000000e+00,0.000000e+00,0.000000e+00,-3.176066e-04,0.000000e+00,0.000000e+00,0.000000e+00,0.000000e+00
6.901045e-04,7.225744e-01,6.141252e-02,0.000000e+00,7.839869e-01,-7.839869e-01,0.000000e+00,0.000000e+00,0.000000e+00,0.000000e+00,0.000000e+00,0.000000e+00,0.000000e+00,0.000000e+00,0.000000e+00,-3.246866e-04,0.000000e+00,0.000000e+00,0.000000e+00,0.000000e+00
7.001796e-04,8.026641e-01,7.207733e-02,0.000000e+00,8.747414e-01,-8.747414e-01,0.000000e+00,0.000000e+00,0.000000e+00,0.000000e+00,0.000000e+00,0.000000e+00,0.000000e+00,0.000000e+00,0.000000e+00,-3.318168e-04,0.000000e+00,0.000000e+00,0.000000e+00,0.000000e+00
7.102518e-04,8.834554e-01,8.292375e-02,0.000000e+00,9.663791e-01,-9.663791e-01,0.000000e+00,0.000000e+00,0.000000e+00,0.000000e+00,0.000000e+00,0.000000e+00,0.000000e+00,0.000000e+00,0.000000e+00,-3.389967e-04,0.000000e+00,0.000000e+00,0.000000e+00,0.000000e+00
7.203216e-04,9.687556e-01,9.597791e-02,0.000000e+00,1.064734e+00,-1.064734e+00,0.000000e+00,0.000000e+00,0.000000e+00,0.000000e+00,0.000000e+00,0.000000e+00,0.000000e+00,0.000000e+00,0.000000e+00,-3.462257e-04,0.000000e+00,0.000000e+00,0.000000e+00,0.000000e+00
7.303896e-04,1.056117e+00,1.110815e-01,0.000000e+00,1.167199e+00,-1.167199e+00,0.000000e+00,0.000000e+00,0.000000e+00,0.000000e+00,0.000000e+00,0.000000e+00,0.000000e+00,0.000000e+00,0.000000e+00,-3.535044e-04,0.000000e+00,0.000000e+00,0.000000e+00,0.000000e+00
7.404546e-04,1.144423e+00,1.287535e-01,0.000000e+00,1.273176e+00,-1.273176e+00,0.000000e+00,0.000000e+00,0.000000e+00,0.000000e+00,0.000000e+00,0.000000e+00,0.000000e+00,0.000000e+00,0.000000e+00,-3.608308e-04,0.000000e+00,0.000000e+00,0.000000e+00,0.000000e+00
7.505176e-04,1.239222e+00,1.473122e-01,0.000000e+00,1.386534e+00,-1.386534e+00,0.000000e+00,0.000000e+00,0.000000e+00,0.000000e+00,0.000000e+00,0.000000e+00,0.000000e+00,0.000000e+00,0.000000e+00,-3.682058e-04,0.000000e+00,0.000000e+00,0.000000e+00,0.000000e+00
7.605782e-04,1.335062e+00,1.671358e-01,0.000000e+00,1.502197e+00,-1.502197e+00,0.000000e+00,0.000000e+00,0.000000e+00,0.000000e+00,0.000000e+00,0.000000e+00,0.000000e+00,0.000000e+00,0.000000e+00,-3.756288e-04,0.000000e+00,0.000000e+00,0.000000e+00,0.000000e+00
7.706358e-04,1.425971e+00,1.899626e-01,0.000000e+00,1.615933e+00,-1.615933e+00,0.000000e+00,0.000000e+00,0.000000e+00,0.000000e+00,0.000000e+00,0.000000e+00,0.000000e+00,0.000000e+00,0.000000e+00,-3.830985e-04,0.000000e+00,0.000000e+00,0.000000e+00,0.000000e+00
7.806907e-04,1.520583e+00,2.148288e-01,0.000000e+00,1.735412e+00,-1.735412e+00,0.000000e+00,0.000000e+00,0.000000e+00,0.000000e+00,0.000000e+00,0.000000e+00,0.000000e+00,0.000000e+00,0.000000e+00,-3.906151e-04,0.000000e+00,0.000000e+00,0.000000e+00,0.000000e+00
7.907434e-04,1.615947e+00,2.430819e-01,0.000000e+00,1.859029e+00,-1.859029e+00,0.000000e+00,0.000000e+00,0.000000e+00,0.000000e+00,0.000000e+00,0.000000e+00,0.000000e+00,0.000000e+00,0.000000e+00,-3.981787e-04,0.000000e+00,0.000000e+00,0.000000e+00,0.000000e+00
8.007941e-04,1.704810e+00,2.723864e-01,0.000000e+00,1.977197e+00,-1.977197e+00,0.000000e+00,0.000000e+00,0.000000e+00,0.000000e+00,0.000000e+00,0.000000e+00,0.000000e+00,0.000000e+00,0.000000e+00,-4.057888e-04,0.000000e+00,0.000000e+00,0.000000e+00,0.000000e+00
8.108419e-04,1.807160e+00,3.060162e-01,0.000000e+00,2.113176e+00,-2.113176e+00,0.000000e+00,0.000000e+00,0.000000e+00,0.000000e+00,0.000000e+00,0.000000e+00,0.000000e+00,0.000000e+00,0.000000e+00,-4.134447e-04,0.000000e+00,0.000000e+00,0.000000e+00,0.000000e+00
8.208873e-04,1.908461e+00,3.418399e-01,0.000000e+00,2.250301e+00,-2.250301e+00,0.000000e+00,0.000000e+00,0.000000e+00,0.000000e+00,0.000000e+00,0.000000e+00,0.000000e+00,0.000000e+00,0.000000e+00,-4.211462e-04,0.000000e+00,0.000000e+00,0.000000e+00,0.000000e+00
8.309301e-04,1.997181e+00,3.843224e-01,0.000000e+00,2.381504e+00,-2.381504e+00,0.000000e+00,0.000000e+00,0.000000e+00,0.000000e+00,0.000000e+00,0.000000e+00,0.000000e+00,0.000000e+00,0.000000e+00,-4.288930e-04,0.000000e+00,0.000000e+00,0.000000e+00,0.000000e+00
8.409691e-04,2.103191e+00,4.328218e-01,0.000000e+00,2.536013e+00,-2.536013e+00,0.000000e+00,0.000000e+00,0.000000e+00,0.000000e+00,0.000000e+00,0.000000e+00,0.000000e+00,0.000000e+00,0.000000e+00,-4.366835e-04,0.000000e+00,0.000000e+00,0.000000e+00,0.000000e+00
8.510043e-04,2.207864e+00,4.858265e-01,0.000000e+00,2.693691e+00,-2.693691e+00,0.000000e+00,0.000000e+00,0.000000e+00,0.000000e+00,0.000000e+00,0.000000e+00,0.000000e+00,0.000000e+00,0.000000e+00,-4.445179e-04,0.000000e+00,0.000000e+00,0.000000e+00,0.000000e+00
8.610360e-04,2.320377e+00,5.450416e-01,0.000000e+00,2.865419e+00,-2.865419e+00,0.000000e+00,0.000000e+00,0.000000e+00,0.000000e+00,0.000000e+00,0.000000e+00,0.000000e+00,0.000000e+00,0.000000e+00,-4.523956e-04,0.000000e+00,0.000000e+00,0.000000e+00,0.000000e+00
8.710655e-04,2.419597e+00,6.116237e-01,0.000000e+00,3.031221e+00,-3.031221e+00,0.000000e+00,0.000000e+00,0.000000e+00,0.000000e+00,0.000000e+00,0.000000e+00,0.000000e+00,0.000000e+00,0.000000e+00,-4.603181e-04,0.000000e+00,0.000000e+00,0.000000e+00,0.000000e+00
8.810930e-04,2.530753e+00,6.850785e-01,0.000000e+00,3.215832e+00,-3.215832e+00,0.000000e+00,0.000000e+00,0.000000e+00,0.000000e+00,0.000000e+00,0.000000e+00,0.000000e+00,0.000000e+00,0.000000e+00,-4.682843e-04,0.000000e+00,0.000000e+00,0.000000e+00,0.000000e+00
8.900041e-04,2.621402e+00,7.582241e-01,0.000000e+00,3.379627e+00,-3.379627e+00,0.000000e+00,0.000000e+00,0.000000e+00,0.000000e+00,0.000000e+00,0.000000e+00,0.000000e+00,0.000000e+00,0.000000e+00,-4.754018e-04,0.000000e+00,0.000000e+00,0.000000e+00,0.000000e+00
9.000267e-04,2.722404e+00,8.502290e-01,0.000000e+00,3.572633e+00,-3.572633e+00,0.000000e+00,0.000000e+00,0.000000e+00,0.000000e+00,0.000000e+00,0.000000e+00,0.000000e+00,0.000000e+00,0.000000e+00,-4.834497e-04,0.000000e+00,0.000000e+00,0.000000e+00,0.000000e+00
9.100458e-04,2.830829e+00,9.503693e-01,0.000000e+00,3.781198e+00,-3.781198e+00,0.000000e+00,0.000000e+00,0.000000e+00,0.000000e+00,0.000000e+00,0.000000e+00,0.000000e+00,0.000000e+00,0.000000e+00,-4.915395e-04,0.000000e+00,0.000000e+00,0.000000e+00,0.000000e+00
9.200615e-04,2.930004e+00,1.063137e+00,0.000000e+00,3.993142e+00,-3.993142e+00,0.000000e+00,0.000000e+00,0.000000e+00,0.000000e+00,0.000000e+00,0.000000e+00,0.000000e+00,0.000000e+00,0.000000e+00,-4.996714e-04,0.000000e+00,0.000000e+00,0.000000e+00,0.000000e+00
9.300747e-04,3.021830e+00,1.185969e+00,0.000000e+00,4.207799e+00,-4.207799e+00,0.000000e+00,0.000000e+00,0.000000e+00,0.000000e+00,0.000000e+00,0.000000e+00,0.000000e+00,0.000000e+00,0.000000e+00,-5.078455e-04,0.000000e+00,0.000000e+00,0.000000e+00,0.000000e+00
9.400854e-04,3.117951e+00,1.323467e+00,0.000000e+00,4.441418e+00,-4.441418e+00,0.000000e+00,0.000000e+00,0.000000e+00,0.000000e+00,0.000000e+00,0.000000e+00,0.000000e+00,0.000000e+00,0.000000e+00,-5.160618e-04,0.000000e+00,0.000000e+00,0.000000e+00,0.000000e+00
9.500932e-04,3.210309e+00,1.464054e+00,0.000000e+00,4.674362e+00,-4.674362e+00,0.000000e+00,0.000000e+00,0.000000e+00,0.000000e+00,0.000000e+00,0.000000e+00,0.000000e+00,0.000000e+00,0.000000e+00,-5.243194e-04,0.000000e+00,0.000000e+00,0.000000e+00,0.000000e+00
9.600980e-04,3.293143e+00,1.618969e+00,0.000000e+00,4.912112e+00,-4.912112e+00,0.000000e+00,0.000000e+00,0.000000e+00,0.000000e+00,0.000000e+00,0.000000e+00,0.000000e+00,0.000000e+00,0.000000e+00,-5.326181e-04,0.000000e+00,0.000000e+00,0.000000e+00,0.000000e+00
9.700999e-04,3.366183e+00,1.780975e+00,0.000000e+00,5.147158e+00,-5.147158e+00,0.000000e+00,0.000000e+00,0.000000e+00,0.000000e+00,0.000000e+00,0.000000e+00,0.000000e+00,0.000000e+00,0.000000e+00,-5.409576e-04,0.000000e+00,0.000000e+00,0.000000e+00,0.000000e+00
9.800990e-04,3.430927e+00,1.961030e+00,0.000000e+00,5.391957e+00,-5.391957e+00,0.000000e+00,0.000000e+00,0.000000e+00,0.000000e+00,0.000000e+00,0.000000e+00,0.000000e+00,0.000000e+00,0.000000e+00,-5.493381e-04,0.000000e+00,0.000000e+00,0.000000e+00,0.000000e+00
9.900959e-04,3.487549e+00,2.147377e+00,0.000000e+00,5.634926e+00,-5.634926e+00,0.000000e+00,0.000000e+00,0.000000e+00,0.000000e+00,0.000000e+00,0.000000e+00,0.000000e+00,0.000000e+00,0.000000e+00,-5.577594e-04,0.000000e+00,0.000000e+00,0.000000e+00,0.000000e+00
1.000090e-03,3.539342e+00,2.350737e+00,0.000000e+00,5.890079e+00,-5.890079e+00,0.000000e+00,0.000000e+00,0.000000e+00,0.000000e+00,0.000000e+00,0.000000e+00,0.000000e+00,0.000000e+00,0.000000e+00,-5.662214e-04,0.000000e+00,0.000000e+00,0.000000e+00,0.000000e+00
1.010082e-03,3.581402e+00,2.556455e+00,0.000000e+00,6.137857e+00,-6.137857e+00,0.000000e+00,0.000000e+00,0.000000e+00,0.000000e+00,0.000000e+00,0.000000e+00,0.000000e+00,0.000000e+00,0.000000e+00,-5.747233e-04,0.000000e+00,0.000000e+00,0.000000e+00,0.000000e+00
1.020072e-03,3.616594e+00,2.777697e+00,0.000000e+00,6.394291e+00,-6.394291e+00,0.000000e+00,0.000000e+00,0.000000e+00,0.000000e+00,0.000000e+00,0.000000e+00,0.000000e+00,0.000000e+00,0.000000e+00,-5.832661e-04,0.000000e+00,0.000000e+00,0.000000e+00,0.000000e+00
1.030060e-03,3.643038e+00,2.998520e+00,0.000000e+00,6.641558e+00,-6.641558e+00,0.000000e+00,0.000000e+00,0.000000e+00,0.000000e+00,0.000000e+00,0.000000e+00,0.000000e+00,0.000000e+00,0.000000e+00,-5.918488e-04,0.000000e+00,0.000000e+00,0.000000e+00,0.000000e+00
1.040047e-03,3.665080e+00,3.232041e+00,0.000000e+00,6.897121e+00,-6.897121e+00,0.000000e+00,0.000000e+00,0.000000e+00,0.000000e+00,0.000000e+00,0.000000e+00,0.000000e+00,0.000000e+00,0.000000e+00,-6.004718e-04,0.000000e+00,0.000000e+00,0.000000e+00,0.000000e+00
1.050030e-03,3.681558e+00,3.467766e+00,0.000000e+00,7.149324e+00,-7.149324e+00,0.000000e+00,0.000000e+00,0.000000e+00,0.000000e+00,0.000000e+00,0.000000e+00,0.000000e+00,0.000000e+00,0.000000e+00,-6.091341e-04,0.000000e+00,0.000000e+00,0.000000e+00,0.000000e+00
1.060014e-03,3.692243e+00,3.710551e+00,0.000000e+00,7.402793e+00,-7.402793e+00,0.000000e+00,0.000000e+00,0.000000e+00,0.000000e+00,0.000000e+00,0.000000e+00,0.000000e+00,0.000000e+00,0.000000e+00,-6.178380e-04,0.000000e+00,0.000000e+00,0.000000e+00,0.000000e+00
1.071107e-03,3.698605e+00,3.979349e+00,0.000000e+00,7.677954e+00,-7.677954e+00,0.000000e+00,0.000000e+00,0.000000e+00,0.000000e+00,0.000000e+00,0.000000e+00,0.000000e+00,0.000000e+00,0.000000e+00,-6.275563e-04,0.000000e+00,0.000000e+00,0.000000e+00,0.000000e+00
1.081089e-03,3.701855e+00,4.222330e+00,0.000000e+00,7.924185e+00,-7.924185e+00,0.000000e+00,0.000000e+00,0.000000e+00,0.000000e+00,0.000000e+00,0.000000e+00,0.000000e+00,0.000000e+00,0.000000e+00,-6.363452e-04,0.000000e+00,0.000000e+00,0.000000e+00,0.000000e+00
1.091070e-03,3.706985e+00,4.459818e+00,0.000000e+00,8.166802e+00,-8.166802e+00,0.000000e+00,0.000000e+00,0.000000e+00,0.000000e+00,0.000000e+00,0.000000e+00,0.000000e+00,0.000000e+00,0.000000e+00,-6.451738e-04,0.000000e+00,0.000000e+00,0.000000e+00,0.000000e+00
1.101050e-03,3.712486e+00,4.692057e+00,0.000000e+00,8.404543e+00,-8.404543e+00,0.000000e+00,0.000000e+00,0.000000e+00,0.000000e+00,0.000000e+00,0.000000e+00,0.000000e+00,0.000000e+00,0.000000e+00,-6.540414e-04,0.000000e+00,0.000000e+00,0.000000e+00,0.000000e+00
1.111031e-03,3.721259e+00,4.908259e+00,0.000000e+00,8.629518e+00,-8.629518e+00,0.000000e+00,0.000000e+00,0.000000e+00,0.000000e+00,0.000000e+00,0.000000e+00,0.000000e+00,0.000000e+00,0.000000e+00,-6.629500e-04,0.000000e+00,0.000000e+00,0.000000e+00,0.000000e+00
1.121010e-03,3.730727e+00,5.108763e+00,0.000000e+00,8.839490e+00,-8.839490e+00,0.000000e+00,0.000000e+00,0.000000e+00,0.000000e+00,0.000000e+00,0.000000e+00,0.000000e+00,0.000000e+00,0.000000e+00,-6.718979e-04,0.000000e+00,0.000000e+00,0.000000e+00,0.000000e+00
1.130990e-03,3.744683e+00,5.289775e+00,0.000000e+00,9.034458e+00,-9.034458e+00,0.000000e+00,0.000000e+00,0.000000e+00,0.000000e+00,0.000000e+00,0.000000e+00,0.000000e+00,0.000000e+00,0.000000e+00,-6.808859e-04,0.000000e+00,0.000000e+00,0.000000e+00,0.000000e+00
1.140970e-03,3.760567e+00,5.450169e+00,0.000000e+00,9.210736e+00,-9.210736e+00,0.000000e+00,0.000000e+00,0.000000e+00,0.000000e+00,0.000000e+00,0.000000e+00,0.000000e+00,0.000000e+00,0.000000e+00,-6.899135e-04,0.000000e+00,0.000000e+00,0.000000e+00,0.000000e+00
1.150948e-03,3.779906e+00,5.564569e+00,0.000000e+00,9.344476e+00,-9.344476e+00,0.000000e+00,0.000000e+00,0.000000e+00,0.000000e+00,0.000000e+00,0.000000e+00,0.000000e+00,0.000000e+00,0.000000e+00,-6.989799e-04,0.000000e+00,0.000000e+00,0.000000e+00,0.000000e+00
1.160928e-03,3.811623e+00,5.650317e+00,0.000000e+00,9.461941e+00,-9.461941e+00,0.000000e+00,0.000000e+00,0.000000e+00,0.000000e+00,0.000000e+00,0.000000e+00,0.000000e+00,0.000000e+00,0.000000e+00,-7.080861e-04,0.000000e+00,0.000000e+00,0.000000e+00,0.000000e+00
1.170907e-03,3.854731e+00,5.681679e+00,0.000000e+00,9.536410e+00,-9.536410e+00,0.000000e+00,0.000000e+00,0.000000e+00,0.000000e+00,0.000000e+00,0.000000e+00,0.000000e+00,0.000000e+00,0.000000e+00,-7.172317e-04,0.000000e+00,0.000000e+00,0.000000e+00,0.000000e+00
1.180887e-03,3.922573e+00,5.673316e+00,0.000000e+00,9.595889e+00,-9.595889e+00,0.000000e+00,0.000000e+00,0.000000e+00,0.000000e+00,0.000000e+00,0.000000e+00,0.000000e+00,0.000000e+00,0.000000e+00,-7.264162e-04,0.000000e+00,0.000000e+00,0.000000e+00,0.000000e+00
1.190865e-03,4.011650e+00,5.613143e+00,0.000000e+00,9.624792e+00,-9.624792e+00,0.000000e+00,0.000000e+00,0.000000e+00,0.000000e+00,0.000000e+00,0.000000e+00,0.000000e+00,0.000000e+00,0.000000e+00,-7.356390e-04,0.000000e+00,0.000000e+00,0.000000e+00,0.000000e+00
1.200845e-03,4.122761e+00,5.535121e+00,0.000000e+00,9.657882e+00,-9.657882e+00,0.000000e+00,0.000000e+00,0.000000e+00,0.000000e+00,0.000000e+00,0.000000e+00,0.000000e+00,0.000000e+00,0.000000e+00,-7.449013e-04,0.000000e+00,0.000000e+00,0.000000e+00,0.000000e+00
1.210824e-03,4.245304e+00,5.412382e+00,0.000000e+00,9.657686e+00,-9.657686e+00,0.000000e+00,0.000000e+00,0.000000e+00,0.000000e+00,0.000000e+00,0.000000e+00,0.000000e+00,0.000000e+00,0.000000e+00,-7.542018e-04,0.000000e+00,0.000000e+00,0.000000e+00,0.000000e+00
1.220804e-03,4.377463e+00,5.280882e+00,0.000000e+00,9.658345e+00,-9.658345e+00,0.000000e+00,0.000000e+00,0.000000e+00,0.000000e+00,0.000000e+00,0.000000e+00,0.000000e+00,0.000000e+00,0.000000e+00,-7.635409e-04,0.000000e+00,0.000000e+00,0.000000e+00,0.000000e+00
1.230784e-03,4.516907e+00,5.117176e+00,0.000000e+00,9.634082e+00,-9.634082e+00,0.000000e+00,0.000000e+00,0.000000e+00,0.000000e+00,0.000000e+00,0.000000e+00,0.000000e+00,0.000000e+00,0.000000e+00,-7.729189e-04,0.000000e+00,0.000000e+00,0.000000e+00,0.000000e+00
1.240763e-03,4.664893e+00,4.936199e+00,0.000000e+00,9.601093e+00,-9.601093e+00,0.000000e+00,0.000000e+00,0.000000e+00,0.000000e+00,0.000000e+00,0.000000e+00,0.000000e+00,0.000000e+00,0.000000e+00,-7.823335e-04,0.000000e+00,0.000000e+00,0.000000e+00,0.000000e+00
1.250741e-03,4.836903e+00,4.700414e+00,0.000000e+00,9.537317e+00,-9.537317e+00,0.000000e+00,0.000000e+00,0.000000e+00,0.000000e+00,0.000000e+00,0.000000e+00,0.000000e+00,0.000000e+00,0.000000e+00,-7.917860e-04,0.000000e+00,0.000000e+00,0.000000e+00,0.000000e+00
1.260719e-03,5.050595e+00,4.411997e+00,0.000000e+00,9.462592e+00,-9.462592e+00,0.000000e+00,0.000000e+00,0.000000e+00,0.000000e+00,0.000000e+00,0.000000e+00,0.000000e+00,0.000000e+00,0.000000e+00,-8.012759e-04,0.000000e+00,0.000000e+00,0.000000e+00,0.000000e+00
1.270695e-03,5.306863e+00,4.066758e+00,0.000000e+00,9.373622e+00,-9.373622e+00,0.000000e+00,0.000000e+00,0.000000e+00,0.000000e+00,0.000000e+00,0.000000e+00,0.000000e+00,0.000000e+00,0.000000e+00,-8.108005e-04,0.000000e+00,0.000000e+00,0.000000e+00,0.000000e+00
1.280667e-03,5.591192e+00,3.685483e+00,0.000000e+00,9.276676e+00,-9.276676e+00,0.000000e+00,0.000000e+00,0.000000e+00,0.000000e+00,0.000000e+00,0.000000e+00,0.000000e+00,0.000000e+00,0.000000e+00,-8.203593e-04,0.000000e+00,0.000000e+00,0.000000e+00,0.000000e+00
1.290638e-03,5.891227e+00,3.308488e+00,0.000000e+00,9.199716e+00,-9.199716e+00,0.000000e+00,0.000000e+00,0.000000e+00,0.000000e+00,0.000000e+00,0.000000e+00,0.000000e+00,0.000000e+00,0.000000e+00,-8.299548e-04,0.000000e+00,0.000000e+00,0.000000e+00,0.000000e+00
1.300612e-03,6.198980e+00,2.909637e+00,0.000000e+00,9.108617e+00,-9.108617e+00,0.000000e+00,0.000000e+00,0.000000e+00,0.000000e+00,0.000000e+00,0.000000e+00,0.000000e+00,0.000000e+00,0.000000e+00,-8.395900e-04,0.000000e+00,0.000000e+00,0.000000e+00,0.000000e+00
1.310589e-03,6.502582e+00,2.527268e+00,0.000000e+00,9.029849e+00,-9.029849e+00,0.000000e+00,0.000000e+00,0.000000e+00,0.000000e+00,0.000000e+00,0.000000e+00,0.000000e+00,0.000000e+00,0.000000e+00,-8.492666e-04,0.000000e+00,0.000000e+00,0.000000e+00,0.000000e+00
1.320571e-03,6.791522e+00,2.155860e+00,0.000000e+00,8.947381e+00,-8.947381e+00,0.000000e+00,0.000000e+00,0.000000e+00,0.000000e+00,0.000000e+00,0.000000e+00,0.000000e+00,0.000000e+00,0.000000e+00,-8.589834e-04,0.000000e+00,0.000000e+00,0.000000e+00,0.000000e+00
1.330553e-03,7.067801e+00,1.819714e+00,0.000000e+00,8.887516e+00,-8.887516e+00,0.000000e+00,0.000000e+00,0.000000e+00,0.000000e+00,0.000000e+00,0.000000e+00,0.000000e+00,0.000000e+00,0.000000e+00,-8.687374e-04,0.000000e+00,0.000000e+00,0.000000e+00,0.000000e+00
1.340536e-03,7.335831e+00,1.504963e+00,0.000000e+00,8.840794e+00,-8.840794e+00,0.000000e+00,0.000000e+00,0.000000e+00,0.000000e+00,0.000000e+00,0.000000e+00,0.000000e+00,0.000000e+00,0.000000e+00,-8.785285e-04,0.000000e+00,0.000000e+00,0.000000e+00,0.000000e+00
1.350519e-03,7.594121e+00,1.224162e+00,0.000000e+00,8.818283e+00,-8.818283e+00,0.000000e+00,0.000000e+00,0.000000e+00,0.000000e+00,0.000000e+00,0.000000e+00,0.000000e+00,0.000000e+00,0.000000e+00,-8.883564e-04,0.000000e+00,0.000000e+00,0.000000e+00,0.000000e+00
1.360503e-03,7.835700e+00,9.818348e-01,0.000000e+00,8.817534e+00,-8.817534e+00,0.000000e+00,0.000000e+00,0.000000e+00,0.000000e+00,0.000000e+00,0.000000e+00,0.000000e+00,0.000000e+00,0.000000e+00,-8.982226e-04,0.000000e+00,0.000000e+00,0.000000e+00,0.000000e+00
1.370489e-03,8.065194e+00,7.693836e-01,0.000000e+00,8.834577e+00,-8.834577e+00,0.000000e+00,0.000000e+00,0.000000e+00,0.000000e+00,0.000000e+00,0.000000e+00,0.000000e+00,0.000000e+00,0.000000e+00,-9.081263e-04,0.000000e+00,0.000000e+00,0.000000e+00,0.000000e+00
1.380477e-03,8.330382e+00,5.940175e-01,0.000000e+00,8.924399e+00,-8.924399e+00,0.000000e+00,0.000000e+00,0.000000e+00,0.000000e+00,0.000000e+00,0.000000e+00,0.000000e+00,0.000000e+00,0.000000e+00,-9.180674e-04,0.000000e+00,0.000000e+00,0.000000e+00,0.000000e+00
1.390466e-03,8.628439e+00,4.534223e-01,0.000000e+00,9.081861e+00,-9.081861e+00,0.000000e+00,0.000000e+00,0.000000e+00,0.000000e+00,0.000000e+00,0.000000e+00,0.000000e+00,0.000000e+00,0.000000e+00,-9.280464e-04,0.000000e+00,0.000000e+00,0.000000e+00,0.000000e+00
1.400457e-03,8.928272e+00,3.387863e-01,0.000000e+00,9.267058e+00,-9.267058e+00,0.000000e+00,0.000000e+00,0.000000e+00,0.000000e+00,0.000000e+00,0.000000e+00,0.000000e+00,0.000000e+00,0.000000e+00,-9.380633e-04,0.000000e+00,0.000000e+00,0.000000e+00,0.000000e+00
1.410450e-03,9.233801e+00,2.530371e-01,0.000000e+00,9.486838e+00,-9.486838e+00,0.000000e+00,0.000000e+00,0.000000e+00,0.000000e+00,0.000000e+00,0.000000e+00,0.000000e+00,0.000000e+00,0.000000e+00,-9.481181e-04,0.000000e+00,0.000000e+00,0.000000e+00,0.000000e+00
1.420444e-03,9.566957e+00,1.969282e-01,0.000000e+00,9.763886e+00,-9.763886e+00,0.000000e+00,0.000000e+00,0.000000e+00,0.000000e+00,0.000000e+00,0.000000e+00,0.000000e+00,0.000000e+00,0.000000e+00,-9.582093e-04,0.000000e+00,0.000000e+00,0.000000e+00,0.000000e+00
1.430439e-03,9.928624e+00,1.537160e-01,0.000000e+00,1.008234e+01,-1.008234e+01,0.000000e+00,0.000000e+00,0.000000e+00,0.000000e+00,0.000000e+00,0.000000e+00,0.000000e+00,0.000000e+00,0.000000e+00,-9.683367e-04,0.000000e+00,0.000000e+00,0.000000e+00,0.000000e+00
1.440433e-03,1.031055e+01,1.235315e-01,0.000000e+00,1.043408e+01,-1.043408e+01,0.000000e+00,0.000000e+00,0.000000e+00,0.000000e+00,0.000000e+00,0.000000e+00,0.000000e+00,0.000000e+00,0.000000e+00,-9.784990e-04,0.000000e+00,0.000000e+00,0.000000e+00,0.000000e+00
1.450427e-03,1.075849e+01,1.050989e-01,0.000000e+00,1.086359e+01,-1.086359e+01,0.000000e+00,0.000000e+00,0.000000e+00,0.000000e+00,0.000000e+00,0.000000e+00,0.000000e+00,0.000000e+00,0.000000e+00,-9.886957e-04,0.000000e+00,0.000000e+00,0.000000e+00,0.000000e+00
1.460417e-03,1.124769e+01,9.131536e-02,0.000000e+00,1.133900e+01,-1.133900e+01,0.000000e+00,0.000000e+00,0.000000e+00,0.000000e+00,0.000000e+00,0.000000e+00,0.000000e+00,0.000000e+00,0.000000e+00,-9.989244e-04,0.000000e+00,0.000000e+00,0.000000e+00,0.000000e+00
1.470405e-03,1.173304e+01,8.010682e-02,0.000000e+00,1.181314e+01,-1.181314e+01,0.000000e+00,0.000000e+00,0.000000e+00,0.000000e+00,0.000000e+00,0.000000e+00,0.000000e+00,0.000000e+00,0.000000e+00,-1.009185e-03,0.000000e+00,0.000000e+00,0.000000e+00,0.000000e+00
1.480390e-03,1.222990e+01,7.464330e-02,0.000000e+00,1.230455e+01,-1.230455e+01,0.000000e+00,0.000000e+00,0.000000e+00,0.000000e+00,0.000000e+00,0.000000e+00,0.000000e+00,0.000000e+00,0.000000e+00,-1.019478e-03,0.000000e+00,0.000000e+00,0.000000e+00,0.000000e+00
1.490372e-03,1.274421e+01,6.943771e-02,0.000000e+00,1.281364e+01,-1.281364e+01,0.000000e+00,0.000000e+00,0.000000e+00,0.000000e+00,0.000000e+00,0.000000e+00,0.000000e+00,0.000000e+00,0.000000e+00,-1.029803e-03,0.000000e+00,0.000000e+00,0.000000e+00,0.000000e+00
1.500353e-03,1.326770e+01,7.061407e-02,6.213446e-02,1.333832e+01,-1.327618e+01,7.909279e-02,-1.695833e-02,6.213446e-02,0.000000e+00,7.909279e-02,0.000000e+00,-1.695833e-02,0.000000e+00,0.000000e+00,-1.040160e-03,0.000000e+00,0.000000e+00,0.000000e+00,0.000000e+00
1.510330e-03,1.382203e+01,7.993389e-02,1.610697e-01,1.390196e+01,-1.374089e+01,2.138978e-01,-5.282817e-02,1.610697e-01,0.000000e+00,2.138978e-01,0.000000e+00,-5.282817e-02,0.000000e+00,0.000000e+00,-1.050549e-03,0.000000e+00,0.000000e+00,0.000000e+00,0.000000e+00
1.520305e-03,1.441980e+01,1.127430e-01,3.310582e-01,1.453255e+01,-1.420149e+01,4.463833e-01,-1.153251e-01,3.310582e-01,0.000000e+00,4.463833e-01,0.000000e+00,-1.153251e-01,0.000000e+00,0.000000e+00,-1.060970e-03,0.000000e+00,0.000000e+00,0.000000e+00,0.000000e+00
1.530275e-03,1.506857e+01,1.606778e-01,6.027939e-01,1.522925e+01,-1.462646e+01,8.312934e-01,-2.284995e-01,6.027939e-01,0.000000e+00,8.312934e-01,0.000000e+00,-2.284995e-01,0.000000e+00,0.000000e+00,-1.071419e-03,0.000000e+00,0.000000e+00,0.000000e+00,0.000000e+00
1.540242e-03,1.579114e+01,2.185907e-01,9.099391e-01,1.600973e+01,-1.509979e+01,1.277799e+00,-3.678595e-01,9.099391e-01,0.000000e+00,1.277799e+00,0.000000e+00,-3.678595e-01,0.000000e+00,0.000000e+00,-1.081900e-03,0.000000e+00,0.000000e+00,0.000000e+00,0.000000e+00
1.550206e-03,1.656026e+01,2.645399e-01,1.238831e+00,1.682480e+01,-1.558597e+01,1.763869e+00,-5.250379e-01,1.238831e+00,0.000000e+00,1.763869e+00,0.000000e+00,-5.250379e-01,0.000000e+00,0.000000e+00,-1.092411e-03,0.000000e+00,0.000000e+00,0.000000e+00,0.000000e+00
1.560169e-03,1.736709e+01,3.138510e-01,1.601864e+00,1.768094e+01,-1.607907e+01,2.310251e+00,-7.083871e-01,1.601864e+00,0.000000e+00,2.310251e+00,0.000000e+00,-7.083871e-01,0.000000e+00,0.000000e+00,-1.102955e-03,0.000000e+00,0.000000e+00,0.000000e+00,0.000000e+00
1.570129e-03,1.818755e+01,3.596827e-01,1.961217e+00,1.854724e+01,-1.658602e+01,2.873865e+00,-9.126480e-01,1.961217e+00,0.000000e+00,2.873865e+00,0.000000e+00,-9.126480e-01,0.000000e+00,0.000000e+00,-1.113531e-03,0.000000e+00,0.000000e+00,0.000000e+00,0.000000e+00
1.580089e-03,1.901890e+01,4.350728e-01,2.326975e+00,1.945397e+01,-1.712700e+01,3.462589e+00,-1.135614e+00,2.326975e+00,0.000000e+00,3.462589e+00,0.000000e+00,-1.135614e+00,0.000000e+00,0.000000e+00,-1.124139e-03,0.000000e+00,0.000000e+00,0.000000e+00,0.000000e+00
1.590047e-03,1.989984e+01,5.127322e-01,2.680400e+00,2.041257e+01,-1.773217e+01,4.050829e+00,-1.370429e+00,2.680400e+00,0.000000e+00,4.050829e+00,0.000000e+00,-1.370429e+00,0.000000e+00,0.000000e+00,-1.134779e-03,0.000000e+00,0.000000e+00,0.000000e+00,0.000000e+00
1.600004e-03,2.078340e+01,5.912225e-01,3.014435e+00,2.137462e+01,-1.836019e+01,4.620375e+00,-1.605940e+00,3.014435e+00,0.000000e+00,4.620375e+00,0.000000e+00,-1.605940e+00,0.000000e+00,0.000000e+00,-1.145451e-03,0.000000e+00,0.000000e+00,0.000000e+00,0.000000e+00
1.611068e-03,2.179734e+01,6.540732e-01,3.363876e+00,2.245142e+01,-1.908754e+01,5.231998e+00,-1.868122e+00,3.363876e+00,0.000000e+00,5.231998e+00,0.000000e+00,-1.868122e+00,0.000000e+00,0.000000e+00,-1.157349e-03,0.000000e+00,0.000000e+00,0.000000e+00,0.000000e+00
1.621025e-03,2.268488e+01,7.061664e-01,3.656761e+00,2.339104e+01,-1.973428e+01,5.764080e+00,-2.107318e+00,3.656761e+00,0.000000e+00,5.764080e+00,0.000000e+00,-2.107318e+00,0.000000e+00,0.000000e+00,-1.168091e-03,0.000000e+00,0.000000e+00,0.000000e+00,0.000000e+00
1.630982e-03,2.358559e+01,7.604241e-01,3.937113e+00,2.434601e+01,-2.040890e+01,6.287458e+00,-2.350345e+00,3.937113e+00,0.000000e+00,6.287458e+00,0.000000e+00,-2.350345e+00,0.000000e+00,0.000000e+00,-1.178865e-03,0.000000e+00,0.000000e+00,0.000000e+00,0.000000e+00
1.640936e-03,2.447782e+01,8.133140e-01,4.210537e+00,2.529113e+01,-2.108060e+01,6.805281e+00,-2.594745e+00,4.210537e+00,0.000000e+00,6.805281e+00,0.000000e+00,-2.594745e+00,0.000000e+00,0.000000e+00,-1.189671e-03,0.000000e+00,0.000000e+00,0.000000e+00,0.000000e+00
1.650891e-03,2.535185e+01,8.822041e-01,4.487947e+00,2.623405e+01,-2.174611e+01,7.333661e+00,-2.845713e+00,4.487947e+00,0.000000e+00,7.333661e+00,0.000000e+00,-2.845713e+00,0.000000e+00,0.000000e+00,-1.200509e-03,0.000000e+00,0.000000e+00,0.000000e+00,0.000000e+00
1.660844e-03,2.621644e+01,9.732879e-01,4.779228e+00,2.718973e+01,-2.241050e+01,7.877860e+00,-3.098632e+00,4.779228e+00,0.000000e+00,7.877860e+00,0.000000e+00,-3.098632e+00,0.000000e+00,0.000000e+00,-1.211379e-03,0.000000e+00,0.000000e+00,0.000000e+00,0.000000e+00
1.670796e-03,2.706414e+01,1.078330e+00,5.083862e+00,2.814247e+01,-2.305861e+01,8.439507e+00,-3.355645e+00,5.083862e+00,0.000000e+00,8.439507e+00,0.000000e+00,-3.355645e+00,0.000000e+00,0.000000e+00,-1.222280e-03,0.000000e+00,0.000000e+00,0.000000e+00,0.000000e+00
1.680748e-03,2.788529e+01,1.207320e+00,5.410463e+00,2.909261e+01,-2.368215e+01,9.027277e+00,-3.616814e+00,5.410463e+00,0.000000e+00,9.027277e+00,0.000000e+00,-3.616814e+00,0.000000e+00,0.000000e+00,-1.233213e-03,0.000000e+00,0.000000e+00,0.000000e+00,0.000000e+00
1.690698e-03,2.875190e+01,1.353636e+00,5.750848e+00,3.010553e+01,-2.435469e+01,9.637283e+00,-3.886435e+00,5.750848e+00,0.000000e+00,9.637283e+00,0.000000e+00,-3.886435e+00,0.000000e+00,0.000000e+00,-1.244176e-03,0.000000e+00,0.000000e+00,0.000000e+00,0.000000e+00
1.700644e-03,2.961715e+01,1.503914e+00,6.122997e+00,3.112106e+01,-2.499806e+01,1.030016e+01,-4.177159e+00,6.122997e+00,0.000000e+00,1.030016e+01,0.000000e+00,-4.177159e+00,0.000000e+00,0.000000e+00,-1.255167e-03,0.000000e+00,0.000000e+00,0.000000e+00,0.000000e+00
1.710589e-03,3.053068e+01,1.680927e+00,6.515222e+00,3.221160e+01,-2.569638e+01,1.100975e+01,-4.494524e+00,6.515222e+00,0.000000e+00,1.100975e+01,0.000000e+00,-4.494524e+00,0.000000e+00,0.000000e+00,-1.266189e-03,0.000000e+00,0.000000e+00,0.000000e+00,0.000000e+00
1.720531e-03,3.146098e+01,1.868675e+00,6.920988e+00,3.332965e+01,-2.640866e+01,1.175171e+01,-4.830722e+00,6.920988e+00,0.000000e+00,1.175171e+01,0.000000e+00,-4.830722e+00,0.000000e+00,0.000000e+00,-1.277241e-03,0.000000e+00,0.000000e+00,0.000000e+00,0.000000e+00
1.730473e-03,3.246898e+01,2.051948e+00,7.326298e+00,3.452092e+01,-2.719463e+01,1.249382e+01,-5.167523e+00,7.326298e+00,0.000000e+00,1.249382e+01,0.000000e+00,-5.167523e+00,0.000000e+00,0.000000e+00,-1.288324e-03,0.000000e+00,0.000000e+00,0.000000e+00,0.000000e+00
1.740414e-03,3.348502e+01,2.216187e+00,7.723965e+00,3.570121e+01,-2.797724e+01,1.322827e+01,-5.504306e+00,7.723965e+00,0.000000e+00,1.322827e+01,0.000000e+00,-5.504306e+00,0.000000e+00,0.000000e+00,-1.299437e-03,0.000000e+00,0.000000e+00,0.000000e+00,0.000000e+00
1.750352e-03,3.456247e+01,2.373544e+00,8.131147e+00,3.693601e+01,-2.880486e+01,1.397313e+01,-5.841979e+00,8.131147e+00,0.000000e+00,1.397313e+01,0.000000e+00,-5.841979e+00,0.000000e+00,0.000000e+00,-1.310580e-03,0.000000e+00,0.000000e+00,0.000000e+00,0.000000e+00
1.760288e-03,3.564697e+01,2.517688e+00,8.536129e+00,3.816466e+01,-2.962853e+01,1.470815e+01,-6.172024e+00,8.536129e+00,0.000000e+00,1.470815e+01,0.000000e+00,-6.172024e+00,0.000000e+00,0.000000e+00,-1.321751e-03,0.000000e+00,0.000000e+00,0.000000e+00,0.000000e+00
1.770220e-03,3.676824e+01,2.644220e+00,8.938163e+00,3.941246e+01,-3.047430e+01,1.543529e+01,-6.497127e+00,8.938163e+00,0.000000e+00,1.543529e+01,0.000000e+00,-6.497127e+00,0.000000e+00,0.000000e+00,-1.332950e-03,0.000000e+00,0.000000e+00,0.000000e+00,0.000000e+00
1.780151e-03,3.788071e+01,2.752869e+00,9.342834e+00,4.063358e+01,-3.129074e+01,1.615571e+01,-6.812873e+00,9.342834e+00,0.000000e+00,1.615571e+01,0.000000e+00,-6.812873e+00,0.000000e+00,0.000000e+00,-1.344178e-03,0.000000e+00,0.000000e+00,0.000000e+00,0.000000e+00
1.790079e-03,3.901607e+01,2.864139e+00,9.763047e+00,4.188020e+01,-3.211716e+01,1.688780e+01,-7.124750e+00,9.763047e+00,0.000000e+00,1.688780e+01,0.000000e+00,-7.124750e+00,0.000000e+00,0.000000e+00,-1.355435e-03,0.000000e+00,0.000000e+00,0.000000e+00,0.000000e+00
1.800004e-03,4.013946e+01,2.980250e+00,1.021402e+01,4.311971e+01,-3.290569e+01,1.764964e+01,-7.435628e+00,1.021402e+01,0.000000e+00,1.764964e+01,0.000000e+00,-7.435628e+00,0.000000e+00,0.000000e+00,-1.366720e-03,0.000000e+00,0.000000e+00,0.000000e+00,0.000000e+00
1.811029e-03,4.145382e+01,3.109167e+00,1.074629e+01,4.456298e+01,-3.381669e+01,1.853261e+01,-7.786314e+00,1.074629e+01,0.000000e+00,1.853261e+01,0.000000e+00,-7.786314e+00,0.000000e+00,0.000000e+00,-1.379291e-03,0.000000e+00,0.000000e+00,0.000000e+00,0.000000e+00
1.820949e-03,4.262833e+01,3.223507e+00,1.124407e+01,4.585183e+01,-3.460776e+01,1.933774e+01,-8.093666e+00,1.124407e+01,0.000000e+00,1.933774e+01,0.000000e+00,-8.093666e+00,0.000000e+00,0.000000e+00,-1.390637e-03,0.000000e+00,0.000000e+00,0.000000e+00,0.000000e+00
1.830866e-03,4.385812e+01,3.345840e+00,1.174966e+01,4.720396e+01,-3.545430e+01,2.013542e+01,-8.385756e+00,1.174966e+01,0.000000e+00,2.013542e+01,0.000000e+00,-8.385756e+00,0.000000e+00,0.000000e+00,-1.402009e-03,0.000000e+00,0.000000e+00,0.000000e+00,0.000000e+00
1.840782e-03,4.509620e+01,3.453962e+00,1.227923e+01,4.855017e+01,-3.627093e+01,2.095563e+01,-8.676399e+00,1.227923e+01,0.000000e+00,2.095563e+01,0.000000e+00,-8.676399e+00,0.000000e+00,0.000000e+00,-1.413410e-03,0.000000e+00,0.000000e+00,0.000000e+00,0.000000e+00
1.850694e-03,4.636701e+01,3.587603e+00,1.281790e+01,4.995461e+01,-3.713670e+01,2.177861e+01,-8.960709e+00,1.281790e+01,0.000000e+00,2.177861e+01,0.000000e+00,-8.960709e+00,0.000000e+00,0.000000e+00,-1.424839e-03,0.000000e+00,0.000000e+00,0.000000e+00,0.000000e+00
1.860605e-03,4.765505e+01,3.704313e+00,1.334611e+01,5.135937e+01,-3.801326e+01,2.256856e+01,-9.222452e+00,1.334611e+01,0.000000e+00,2.256856e+01,0.000000e+00,-9.222452e+00,0.000000e+00,0.000000e+00,-1.436296e-03,0.000000e+00,0.000000e+00,0.000000e+00,0.000000e+00
1.870514e-03,4.894606e+01,3.843819e+00,1.388417e+01,5.278988e+01,-3.890571e+01,2.336360e+01,-9.479439e+00,1.388417e+01,0.000000e+00,2.336360e+01,0.000000e+00,-9.479439e+00,0.000000e+00,0.000000e+00,-1.447781e-03,0.000000e+00,0.000000e+00,0.000000e+00,0.000000e+00
1.880420e-03,5.027809e+01,3.950793e+00,1.442618e+01,5.422888e+01,-3.980270e+01,2.415575e+01,-9.729563e+00,1.442618e+01,0.000000e+00,2.415575e+01,0.000000e+00,-9.729563e+00,0.000000e+00,0.000000e+00,-1.459294e-03,0.000000e+00,0.000000e+00,0.000000e+00,0.000000e+00
1.890324e-03,5.163836e+01,4.055661e+00,1.500398e+01,5.569402e+01,-4.069005e+01,2.498634e+01,-9.982360e+00,1.500398e+01,0.000000e+00,2.498634e+01,0.000000e+00,-9.982360e+00,0.000000e+00,0.000000e+00,-1.470835e-03,0.000000e+00,0.000000e+00,0.000000e+00,0.000000e+00
1.900227e-03,5.303346e+01,4.114754e+00,1.558672e+01,5.714821e+01,-4.156150e+01,2.581945e+01,-1.023273e+01,1.558672e+01,0.000000e+00,2.581945e+01,0.000000e+00,-1.023273e+01,0.000000e+00,0.000000e+00,-1.482405e-03,0.000000e+00,0.000000e+00,0.000000e+00,0.000000e+00
1.910127e-03,5.446452e+01,4.175180e+00,1.622863e+01,5.863970e+01,-4.241107e+01,2.671828e+01,-1.048965e+01,1.622863e+01,0.000000e+00,2.671828e+01,0.000000e+00,-1.048965e+01,0.000000e+00,0.000000e+00,-1.494001e-03,0.000000e+00,0.000000e+00,0.000000e+00,0.000000e+00
1.920024e-03,5.594566e+01,4.213089e+00,1.692645e+01,6.015875e+01,-4.323230e+01,2.767080e+01,-1.074435e+01,1.692645e+01,0.000000e+00,2.767080e+01,0.000000e+00,-1.074435e+01,0.000000e+00,0.000000e+00,-1.505623e-03,0.000000e+00,0.000000e+00,0.000000e+00,0.000000e+00
1.931019e-03,5.767207e+01,4.288717e+00,1.783862e+01,6.196078e+01,-4.412216e+01,2.889792e+01,-1.105930e+01,1.783862e+01,0.000000e+00,2.889792e+01,0.000000e+00,-1.105930e+01,0.000000e+00,0.000000e+00,-1.518571e-03,0.000000e+00,0.000000e+00,0.000000e+00,0.000000e+00
1.940911e-03,5.927278e+01,4.420544e+00,1.875457e+01,6.369333e+01,-4.493875e+01,3.010400e+01,-1.134942e+01,1.875457e+01,0.000000e+00,3.010400e+01,0.000000e+00,-1.134942e+01,0.000000e+00,0.000000e+00,-1.530252e-03,0.000000e+00,0.000000e+00,0.000000e+00,0.000000e+00
1.950801e-03,6.094286e+01,4.547834e+00,1.975572e+01,6.549069e+01,-4.573497e+01,3.140770e+01,-1.165199e+01,1.975572e+01,0.000000e+00,3.140770e+01,0.000000e+00,-1.165199e+01,0.000000e+00,0.000000e+00,-1.541958e-03,0.000000e+00,0.000000e+00,0.000000e+00,0.000000e+00
1.960690e-03,6.268102e+01,4.719150e+00,2.081154e+01,6.740017e+01,-4.658862e+01,3.278270e+01,-1.197115e+01,2.081154e+01,0.000000e+00,3.278270e+01,0.000000e+00,-1.197115e+01,0.000000e+00,0.000000e+00,-1.553694e-03,0.000000e+00,0.000000e+00,0.000000e+00,0.000000e+00
1.970575e-03,6.448477e+01,4.829571e+00,2.191072e+01,6.931435e+01,-4.740363e+01,3.420956e+01,-1.229884e+01,2.191072e+01,0.000000e+00,3.420956e+01,0.000000e+00,-1.229884e+01,0.000000e+00,0.000000e+00,-1.565456e-03,0.000000e+00,0.000000e+00,0.000000e+00,0.000000e+00
1.980459e-03,6.641195e+01,4.910867e+00,2.303064e+01,7.132281e+01,-4.829217e+01,3.565305e+01,-1.262240e+01,2.303064e+01,0.000000e+00,3.565305e+01,0.000000e+00,-1.262240e+01,0.000000e+00,0.000000e+00,-1.577245e-03,0.000000e+00,0.000000e+00,0.000000e+00,0.000000e+00
1.990339e-03,6.842997e+01,4.900619e+00,2.424297e+01,7.333059e+01,-4.908762e+01,3.719742e+01,-1.295444e+01,2.424297e+01,0.000000e+00,3.719742e+01,0.000000e+00,-1.295444e+01,0.000000e+00,0.000000e+00,-1.589059e-03,0.000000e+00,0.000000e+00,0.000000e+00,0.000000e+00
2.000216e-03,7.056313e+01,4.911910e+00,2.559897e+01,7.547504e+01,-4.987607e+01,3.889888e+01,-1.329991e+01,2.559897e+01,0.000000e+00,3.889888e+01,0.000000e+00,-1.329991e+01,0.000000e+00,0.000000e+00,-1.600898e-03,0.000000e+00,0.000000e+00,0.000000e+00,0.000000e+00
2.010089e-03,7.283789e+01,4.905464e+00,2.706841e+01,7.774335e+01,-5.067495e+01,4.071468e+01,-1.364628e+01,2.706841e+01,0.000000e+00,4.071468e+01,0.000000e+00,-1.364628e+01,0.000000e+00,0.000000e+00,-1.612762e-03,0.000000e+00,0.000000e+00,0.000000e+00,0.000000e+00
2.021056e-03,7.550102e+01,4.913440e+00,2.893354e+01,8.041446e+01,-5.148092e+01,4.299529e+01,-1.406175e+01,2.893354e+01,0.000000e+00,4.299529e+01,0.000000e+00,-1.406175e+01,0.000000e+00,0.000000e+00,-1.625975e-03,0.000000e+00,0.000000e+00,0.000000e+00,0.000000e+00
2.030925e-03,7.806114e+01,4.958261e+00,3.083831e+01,8.301940e+01,-5.218109e+01,4.529279e+01,-1.445448e+01,3.083831e+01,0.000000e+00,4.529279e+01,0.000000e+00,-1.445448e+01,0.000000e+00,0.000000e+00,-1.637896e-03,0.000000e+00,0.000000e+00,0.000000e+00,0.000000e+00
2.040791e-03,8.073979e+01,5.041307e+00,3.293545e+01,8.578109e+01,-5.284564e+01,4.778645e+01,-1.485100e+01,3.293545e+01,0.000000e+00,4.778645e+01,0.000000e+00,-1.485100e+01,0.000000e+00,0.000000e+00,-1.649843e-03,0.000000e+00,0.000000e+00,0.000000e+00,0.000000e+00
2.050654e-03,8.359507e+01,5.153970e+00,3.524583e+01,8.874904e+01,-5.350321e+01,5.052878e+01,-1.528295e+01,3.524583e+01,0.000000e+00,5.052878e+01,0.000000e+00,-1.528295e+01,0.000000e+00,0.000000e+00,-1.661814e-03,0.000000e+00,0.000000e+00,0.000000e+00,0.000000e+00
2.060515e-03,8.664330e+01,5.380022e+00,3.772373e+01,9.202332e+01,-5.429959e+01,5.346426e+01,-1.574054e+01,3.772373e+01,0.000000e+00,5.346426e+01,0.000000e+00,-1.574054e+01,0.000000e+00,0.000000e+00,-1.673811e-03,0.000000e+00,0.000000e+00,0.000000e+00,0.000000e+00
2.070371e-03,8.986672e+01,5.711332e+00,4.043275e+01,9.557805e+01,-5.514530e+01,5.666822e+01,-1.623548e+01,4.043275e+01,0.000000e+00,5.666822e+01,0.000000e+00,-1.623548e+01,0.000000e+00,0.000000e+00,-1.685832e-03,0.000000e+00,0.000000e+00,0.000000e+00,0.000000e+00
2.080225e-03,9.320924e+01,6.242495e+00,4.340098e+01,9.945174e+01,-5.605075e+01,6.016869e+01,-1.676771e+01,4.340098e+01,0.000000e+00,6.016869e+01,0.000000e+00,-1.676771e+01,0.000000e+00,0.000000e+00,-1.697878e-03,0.000000e+00,0.000000e+00,0.000000e+00,0.000000e+00
2.090076e-03,9.665748e+01,6.879951e+00,4.645942e+01,1.035374e+02,-5.707801e+01,6.375682e+01,-1.729740e+01,4.645942e+01,0.000000e+00,6.375682e+01,0.000000e+00,-1.729740e+01,0.000000e+00,0.000000e+00,-1.709949e-03,0.000000e+00,0.000000e+00,0.000000e+00,0.000000e+00
2.101020e-03,1.006009e+02,7.703668e+00,5.002590e+01,1.083046e+02,-5.827871e+01,6.791892e+01,-1.789302e+01,5.002590e+01,0.000000e+00,6.791892e+01,0.000000e+00,-1.789302e+01,0.000000e+00,0.000000e+00,-1.723393e-03,0.000000e+00,0.000000e+00,0.000000e+00,0.000000e+00
2.110866e-03,1.041795e+02,8.559294e+00,5.333631e+01,1.127388e+02,-5.940252e+01,7.176351e+01,-1.842720e+01,5.333631e+01,0.000000e+00,7.176351e+01,0.000000e+00,-1.842720e+01,0.000000e+00,0.000000e+00,-1.735520e-03,0.000000e+00,0.000000e+00,0.000000e+00,0.000000e+00
2.120710e-03,1.077759e+02,9.335755e+00,5.666135e+01,1.171117e+02,-6.045035e+01,7.561344e+01,-1.895209e+01,5.666135e+01,0.000000e+00,7.561344e+01,0.000000e+00,-1.895209e+01,0.000000e+00,0.000000e+00,-1.747670e-03,0.000000e+00,0.000000e+00,0.000000e+00,0.000000e+00
2.130549e-03,1.114283e+02,1.017202e+01,5.997845e+01,1.216003e+02,-6.162188e+01,7.944653e+01,-1.946808e+01,5.997845e+01,0.000000e+00,7.944653e+01,0.000000e+00,-1.946808e+01,0.000000e+00,0.000000e+00,-1.759844e-03,0.000000e+00,0.000000e+00,0.000000e+00,0.000000e+00
2.140386e-03,1.150491e+02,1.095036e+01,6.318891e+01,1.259994e+02,-6.281054e+01,8.315555e+01,-1.996664e+01,6.318891e+01,0.000000e+00,8.315555e+01,0.000000e+00,-1.996664e+01,0.000000e+00,0.000000e+00,-1.772041e-03,0.000000e+00,0.000000e+00,0.000000e+00,0.000000e+00
2.150218e-03,1.187537e+02,1.180082e+01,6.637038e+01,1.305545e+02,-6.418415e+01,8.682899e+01,-2.045862e+01,6.637038e+01,0.000000e+00,8.682899e+01,0.000000e+00,-2.045862e+01,0.000000e+00,0.000000e+00,-1.784262e-03,0.000000e+00,0.000000e+00,0.000000e+00,0.000000e+00
2.160046e-03,1.224085e+02,1.258072e+01,6.957417e+01,1.349892e+02,-6.541507e+01,9.051157e+01,-2.093740e+01,6.957417e+01,0.000000e+00,9.051157e+01,0.000000e+00,-2.093740e+01,0.000000e+00,0.000000e+00,-1.796506e-03,0.000000e+00,0.000000e+00,0.000000e+00,0.000000e+00
2.170962e-03,1.264705e+02,1.352786e+01,7.303501e+01,1.399983e+02,-6.696332e+01,9.448551e+01,-2.145050e+01,7.303501e+01,0.000000e+00,9.448551e+01,0.000000e+00,-2.145050e+01,0.000000e+00,0.000000e+00,-1.810138e-03,0.000000e+00,0.000000e+00,0.000000e+00,0.000000e+00
2.180784e-03,1.301242e+02,1.440243e+01,7.610383e+01,1.445266e+02,-6.842275e+01,9.800823e+01,-2.190440e+01,7.610383e+01,0.000000e+00,9.800823e+01,0.000000e+00,-2.190440e+01,0.000000e+00,0.000000e+00,-1.822432e-03,0.000000e+00,0.000000e+00,0.000000e+00,0.000000e+00
2.190602e-03,1.337460e+02,1.527177e+01,7.919825e+01,1.490177e+02,-6.981950e+01,1.015448e+02,-2.234659e+01,7.919825e+01,0.000000e+00,1.015448e+02,0.000000e+00,-2.234659e+01,0.000000e+00,0.000000e+00,-1.834750e-03,0.000000e+00,0.000000e+00,0.000000e+00,0.000000e+00
2.200417e-03,1.373373e+02,1.623323e+01,8.231852e+01,1.535706e+02,-7.125206e+01,1.050999e+02,-2.278138e+01,8.231852e+01,0.000000e+00,1.050999e+02,0.000000e+00,-2.278138e+01,0.000000e+00,0.000000e+00,-1.847092e-03,0.000000e+00,0.000000e+00,0.000000e+00,0.000000e+00
2.210229e-03,1.409222e+02,1.720027e+01,8.541900e+01,1.581225e+02,-7.270348e+01,1.086332e+02,-2.321418e+01,8.541900e+01,0.000000e+00,1.086332e+02,0.000000e+00,-2.321418e+01,0.000000e+00,0.000000e+00,-1.859456e-03,0.000000e+00,0.000000e+00,0.000000e+00,0.000000e+00
2.220037e-03,1.444831e+02,1.823735e+01,8.854496e+01,1.627205e+02,-7.417550e+01,1.121803e+02,-2.363536e+01,8.854496e+01,0.000000e+00,1.121803e+02,0.000000e+00,-2.363536e+01,0.000000e+00,0.000000e+00,-1.871844e-03,0.000000e+00,0.000000e+00,0.000000e+00,0.000000e+00
2.230930e-03,1.483959e+02,1.939829e+01,9.202020e+01,1.677942e+02,-7.577396e+01,1.161179e+02,-2.409766e+01,9.202020e+01,0.000000e+00,1.161179e+02,0.000000e+00,-2.409766e+01,0.000000e+00,0.000000e+00,-1.885633e-03,0.000000e+00,0.000000e+00,0.000000e+00,0.000000e+00
2.240729e-03,1.519315e+02,2.044700e+01,9.513411e+01,1.723785e+02,-7.724439e+01,1.196420e+02,-2.450793e+01,9.513411e+01,0.000000e+00,1.196420e+02,0.000000e+00,-2.450793e+01,0.000000e+00,0.000000e+00,-1.898068e-03,0.000000e+00,0.000000e+00,0.000000e+00,0.000000e+00
2.250525e-03,1.554850e+02,2.172385e+01,9.824278e+01,1.772089e+02,-7.896611e+01,1.231556e+02,-2.491281e+01,9.824278e+01,0.000000e+00,1.231556e+02,0.000000e+00,-2.491281e+01,0.000000e+00,0.000000e+00,-1.910523e-03,0.000000e+00,0.000000e+00,0.000000e+00,0.000000e+00
2.260296e-03,1.591955e+02,2.281927e+01,1.013359e+02,1.820148e+02,-8.067894e+01,1.266476e+02,-2.531178e+01,1.013359e+02,0.000000e+00,1.266476e+02,0.000000e+00,-2.531178e+01,0.000000e+00,0.000000e+00,-1.922977e-03,0.000000e+00,0.000000e+00,0.000000e+00,0.000000e+00
2.270082e-03,1.626504e+02,2.403631e+01,1.044170e+02,1.866867e+02,-8.226964e+01,1.301263e+02,-2.570928e+01,1.044170e+02,0.000000e+00,1.301263e+02,0.000000e+00,-2.570928e+01,0.000000e+00,0.000000e+00,-1.935475e-03,0.000000e+00,0.000000e+00,0.000000e+00,0.000000e+00
2.280949e-03,1.665469e+02,2.542679e+01,1.078141e+02,1.919737e+02,-8.415958e+01,1.339651e+02,-2.615104e+01,1.078141e+02,0.000000e+00,1.339651e+02,0.000000e+00,-2.615104e+01,0.000000e+00,0.000000e+00,-1.949385e-03,0.000000e+00,0.000000e+00,0.000000e+00,0.000000e+00
2.290723e-03,1.700236e+02,2.667537e+01,1.108314e+02,1.966990e+02,-8.586762e+01,1.373723e+02,-2.654090e+01,1.108314e+02,0.000000e+00,1.373723e+02,0.000000e+00,-2.654090e+01,0.000000e+00,0.000000e+00,-1.961925e-03,0.000000e+00,0.000000e+00,0.000000e+00,0.000000e+00
2.300493e-03,1.734786e+02,2.797546e+01,1.136933e+02,2.014541e+02,-8.776073e+01,1.406075e+02,-2.691419e+01,1.136933e+02,0.000000e+00,1.406075e+02,0.000000e+00,-2.691419e+01,0.000000e+00,0.000000e+00,-1.974487e-03,0.000000e+00,0.000000e+00,0.000000e+00,0.000000e+00
2.310258e-03,1.769549e+02,2.925352e+01,1.164918e+02,2.062084e+02,-8.971655e+01,1.437669e+02,-2.727509e+01,1.164918e+02,0.000000e+00,1.437669e+02,0.000000e+00,-2.727509e+01,0.000000e+00,0.000000e+00,-1.987068e-03,0.000000e+00,0.000000e+00,0.000000e+00,0.000000e+00
2.320018e-03,1.802967e+02,3.054352e+01,1.193399e+02,2.108403e+02,-9.150031e+01,1.469728e+02,-2.763283e+01,1.193399e+02,0.000000e+00,1.469728e+02,0.000000e+00,-2.763283e+01,0.000000e+00,0.000000e+00,-1.999670e-03,0.000000e+00,0.000000e+00,0.000000e+00,0.000000e+00
2.330857e-03,1.841109e+02,3.196061e+01,1.225287e+02,2.160715e+02,-9.354283e+01,1.505581e+02,-2.802942e+01,1.225287e+02,0.000000e+00,1.505581e+02,0.000000e+00,-2.802942e+01,0.000000e+00,0.000000e+00,-2.013695e-03,0.000000e+00,0.000000e+00,0.000000e+00,0.000000e+00
2.340606e-03,1.875310e+02,3.318999e+01,1.253039e+02,2.207210e+02,-9.541704e+01,1.536807e+02,-2.837676e+01,1.253039e+02,0.000000e+00,1.536807e+02,0.000000e+00,-2.837676e+01,0.000000e+00,0.000000e+00,-2.026339e-03,0.000000e+00,0.000000e+00,0.000000e+00,0.000000e+00
2.350350e-03,1.909324e+02,3.439140e+01,1.280195e+02,2.253238e+02,-9.730436e+01,1.567354e+02,-2.871594e+01,1.280195e+02,0.000000e+00,1.567354e+02,0.000000e+00,-2.871594e+01,0.000000e+00,0.000000e+00,-2.039002e-03,0.000000e+00,0.000000e+00,0.000000e+00,0.000000e+00
2.360089e-03,1.943494e+02,3.558226e+01,1.307919e+02,2.299317e+02,-9.913975e+01,1.598541e+02,-2.906216e+01,1.307919e+02,0.000000e+00,1.598541e+02,0.000000e+00,-2.906216e+01,0.000000e+00,0.000000e+00,-2.051685e-03,0.000000e+00,0.000000e+00,0.000000e+00,0.000000e+00
2.370904e-03,1.981344e+02,3.690249e+01,1.336709e+02,2.350369e+02,-1.013660e+02,1.631006e+02,-2.942974e+01,1.336709e+02,0.000000e+00,1.631006e+02,0.000000e+00,-2.942974e+01,0.000000e+00,0.000000e+00,-2.065799e-03,0.000000e+00,0.000000e+00,0.000000e+00,0.000000e+00
2.380632e-03,2.015253e+02,3.810102e+01,1.362328e+02,2.396263e+02,-1.033935e+02,1.659881e+02,-2.975522e+01,1.362328e+02,0.000000e+00,1.659881e+02,0.000000e+00,-2.975522e+01,0.000000e+00,0.000000e+00,-2.078524e-03,0.000000e+00,0.000000e+00,0.000000e+00,0.000000e+00
2.390355e-03,2.049555e+02,3.922367e+01,1.387612e+02,2.441791e+02,-1.054179e+02,1.688398e+02,-3.007863e+01,1.387612e+02,0.000000e+00,1.688398e+02,0.000000e+00,-3.007863e+01,0.000000e+00,0.000000e+00,-2.091268e-03,0.000000e+00,0.000000e+00,0.000000e+00,0.000000e+00
2.400074e-03,2.083672e+02,4.035523e+01,1.411877e+02,2.487224e+02,-1.075346e+02,1.715643e+02,-3.037656e+01,1.411877e+02,0.000000e+00,1.715643e+02,0.000000e+00,-3.037656e+01,0.000000e+00,0.000000e+00,-2.104032e-03,0.000000e+00,0.000000e+00,0.000000e+00,0.000000e+00
2.410868e-03,2.121881e+02,4.153729e+01,1.439012e+02,2.537254e+02,-1.098243e+02,1.746044e+02,-3.070323e+01,1.439012e+02,0.000000e+00,1.746044e+02,0.000000e+00,-3.070323e+01,0.000000e+00,0.000000e+00,-2.118237e-03,0.000000e+00,0.000000e+00,0.000000e+00,0.000000e+00
2.420577e-03,2.156438e+02,4.254997e+01,1.463495e+02,2.581937e+02,-1.118443e+02,1.773553e+02,-3.100583e+01,1.463495e+02,0.000000e+00,1.773553e+02,0.000000e+00,-3.100583e+01,0.000000e+00,0.000000e+00,-2.131042e-03,0.000000e+00,0.000000e+00,0.000000e+00,0.000000e+00
2.430282e-03,2.190936e+02,4.355758e+01,1.486963e+02,2.626512e+02,-1.139549e+02,1.799912e+02,-3.129489e+01,1.486963e+02,0.000000e+00,1.799912e+02,0.000000e+00,-3.129489e+01,0.000000e+00,0.000000e+00,-2.143868e-03,0.000000e+00,0.000000e+00,0.000000e+00,0.000000e+00
2.441060e-03,2.229207e+02,4.460448e+01,1.512542e+02,2.675252e+02,-1.162710e+02,1.828577e+02,-3.160346e+01,1.512542e+02,0.000000e+00,1.828577e+02,0.000000e+00,-3.160346e+01,0.000000e+00,0.000000e+00,-2.158142e-03,0.000000e+00,0.000000e+00,0.000000e+00,0.000000e+00
2.450756e-03,2.263515e+02,4.549171e+01,1.535080e+02,2.718432e+02,-1.183352e+02,1.853836e+02,-3.187561e+01,1.535080e+02,0.000000e+00,1.853836e+02,0.000000e+00,-3.187561e+01,0.000000e+00,0.000000e+00,-2.171010e-03,0.000000e+00,0.000000e+00,0.000000e+00,0.000000e+00
2.460448e-03,2.298085e+02,4.639121e+01,1.555983e+02,2.761997e+02,-1.206014e+02,1.877364e+02,-3.213807e+01,1.555983e+02,0.000000e+00,1.877364e+02,0.000000e+00,-3.213807e+01,0.000000e+00,0.000000e+00,-2.183897e-03,0.000000e+00,0.000000e+00,0.000000e+00,0.000000e+00
2.470134e-03,2.332729e+02,4.723215e+01,1.575981e+02,2.805051e+02,-1.229069e+02,1.899887e+02,-3.239052e+01,1.575981e+02,0.000000e+00,1.899887e+02,0.000000e+00,-3.239052e+01,0.000000e+00,0.000000e+00,-2.196803e-03,0.000000e+00,0.000000e+00,0.000000e+00,0.000000e+00
2.480891e-03,2.371504e+02,4.818207e+01,1.598615e+02,2.853324e+02,-1.254710e+02,1.925275e+02,-3.266609e+01,1.598615e+02,0.000000e+00,1.925275e+02,0.000000e+00,-3.266609e+01,0.000000e+00,0.000000e+00,-2.211166e-03,0.000000e+00,0.000000e+00,0.000000e+00,0.000000e+00
2.490568e-03,2.406096e+02,4.900968e+01,1.618873e+02,2.896192e+02,-1.277320e+02,1.947825e+02,-3.289518e+01,1.618873e+02,0.000000e+00,1.947825e+02,0.000000e+00,-3.289518e+01,0.000000e+00,0.000000e+00,-2.224112e-03,0.000000e+00,0.000000e+00,0.000000e+00,0.000000e+00
2.500240e-03,2.440656e+02,4.972593e+01,1.638317e+02,2.937915e+02,-1.299598e+02,1.969500e+02,-3.311830e+01,1.638317e+02,0.000000e+00,1.969500e+02,0.000000e+00,-3.311830e+01,0.000000e+00,0.000000e+00,-2.237077e-03,0.000000e+00,0.000000e+00,0.000000e+00,0.000000e+00
2.510982e-03,2.479646e+02,5.049011e+01,1.659722e+02,2.984547e+02,-1.324825e+02,1.993316e+02,-3.335935e+01,1.659722e+02,0.000000e+00,1.993316e+02,0.000000e+00,-3.335935e+01,0.000000e+00,0.000000e+00,-2.251506e-03,0.000000e+00,0.000000e+00,0.000000e+00,0.000000e+00
2.520645e-03,2.514493e+02,5.116636e+01,1.678340e+02,3.026156e+02,-1.347816e+02,2.014057e+02,-3.357171e+01,1.678340e+02,0.000000e+00,2.014057e+02,0.000000e+00,-3.357171e+01,0.000000e+00,0.000000e+00,-2.264512e-03,0.000000e+00,0.000000e+00,0.000000e+00,0.000000e+00
2.530305e-03,2.549299e+02,5.172552e+01,1.696234e+02,3.066554e+02,-1.370320e+02,2.034036e+02,-3.378016e+01,1.696234e+02,0.000000e+00,2.034036e+02,0.000000e+00,-3.378016e+01,0.000000e+00,0.000000e+00,-2.277539e-03,0.000000e+00,0.000000e+00,0.000000e+00,0.000000e+00
2.541034e-03,2.588468e+02,5.233341e+01,1.716306e+02,3.111802e+02,-1.395496e+02,2.056440e+02,-3.401341e+01,1.716306e+02,0.000000e+00,2.056440e+02,0.000000e+00,-3.401341e+01,0.000000e+00,0.000000e+00,-2.292036e-03,0.000000e+00,0.000000e+00,0.000000e+00,0.000000e+00
2.550686e-03,2.623473e+02,5.288719e+01,1.734328e+02,3.152345e+02,-1.418017e+02,2.076588e+02,-3.422599e+01,1.734328e+02,0.000000e+00,2.076588e+02,0.000000e+00,-3.422599e+01,0.000000e+00,0.000000e+00,-2.305105e-03,0.000000e+00,0.000000e+00,0.000000e+00,0.000000e+00
2.560335e-03,2.658833e+02,5.334873e+01,1.753257e+02,3.192320e+02,-1.439063e+02,2.097597e+02,-3.443402e+01,1.753257e+02,0.000000e+00,2.097597e+02,0.000000e+00,-3.443402e+01,0.000000e+00,0.000000e+00,-2.318194e-03,0.000000e+00,0.000000e+00,0.000000e+00,0.000000e+00
2.571051e-03,2.698121e+02,5.386925e+01,1.774989e+02,3.236814e+02,-1.461825e+02,2.121601e+02,-3.466128e+01,1.774989e+02,0.000000e+00,2.121601e+02,0.000000e+00,-3.466128e+01,0.000000e+00,0.000000e+00,-2.332760e-03,0.000000e+00,0.000000e+00,0.000000e+00,0.000000e+00
2.580693e-03,2.733183e+02,5.432353e+01,1.794085e+02,3.276418e+02,-1.482333e+02,2.142757e+02,-3.486719e+01,1.794085e+02,0.000000e+00,2.142757e+02,0.000000e+00,-3.486719e+01,0.000000e+00,0.000000e+00,-2.345893e-03,0.000000e+00,0.000000e+00,0.000000e+00,0.000000e+00
2.590333e-03,2.768570e+02,5.469022e+01,1.812696e+02,3.315473e+02,-1.502776e+02,2.163412e+02,-3.507159e+01,1.812696e+02,0.000000e+00,2.163412e+02,0.000000e+00,-3.507159e+01,0.000000e+00,0.000000e+00,-2.359046e-03,0.000000e+00,0.000000e+00,0.000000e+00,0.000000e+00
2.601041e-03,2.808126e+02,5.506769e+01,1.833156e+02,3.358803e+02,-1.525647e+02,2.186121e+02,-3.529644e+01,1.833156e+02,0.000000e+00,2.186121e+02,0.000000e+00,-3.529644e+01,0.000000e+00,0.000000e+00,-2.373686e-03,0.000000e+00,0.000000e+00,0.000000e+00,0.000000e+00
2.610676e-03,2.843465e+02,5.539379e+01,1.851669e+02,3.397403e+02,-1.545734e+02,2.206596e+02,-3.549275e+01,1.851669e+02,0.000000e+00,2.206596e+02,0.000000e+00,-3.549275e+01,0.000000e+00,0.000000e+00,-2.386884e-03,0.000000e+00,0.000000e+00,0.000000e+00,0.000000e+00
2.620309e-03,2.878824e+02,5.569655e+01,1.869688e+02,3.435789e+02,-1.566101e+02,2.226609e+02,-3.569214e+01,1.869688e+02,0.000000e+00,2.226609e+02,0.000000e+00,-3.569214e+01,0.000000e+00,0.000000e+00,-2.400104e-03,0.000000e+00,0.000000e+00,0.000000e+00,0.000000e+00
2.631010e-03,2.918489e+02,5.602083e+01,1.889949e+02,3.478697e+02,-1.588749e+02,2.249094e+02,-3.591449e+01,1.889949e+02,0.000000e+00,2.249094e+02,0.000000e+00,-3.591449e+01,0.000000e+00,0.000000e+00,-2.414819e-03,0.000000e+00,0.000000e+00,0.000000e+00,0.000000e+00
2.640640e-03,2.954006e+02,5.631424e+01,1.907788e+02,3.517149e+02,-1.609360e+02,2.268984e+02,-3.611953e+01,1.907788e+02,0.000000e+00,2.268984e+02,0.000000e+00,-3.611953e+01,0.000000e+00,0.000000e+00,-2.428086e-03,0.000000e+00,0.000000e+00,0.000000e+00,0.000000e+00
2.650267e-03,2.989559e+02,5.657395e+01,1.925820e+02,3.555299e+02,-1.629479e+02,2.289018e+02,-3.631982e+01,1.925820e+02,0.000000e+00,2.289018e+02,0.000000e+00,-3.631982e+01,0.000000e+00,0.000000e+00,-2.441374e-03,0.000000e+00,0.000000e+00,0.000000e+00,0.000000e+00
2.660961e-03,3.029132e+02,5.687739e+01,1.946531e+02,3.597906e+02,-1.651375e+02,2.312016e+02,-3.654850e+01,1.946531e+02,0.000000e+00,2.312016e+02,0.000000e+00,-3.654850e+01,0.000000e+00,0.000000e+00,-2.456163e-03,0.000000e+00,0.000000e+00,0.000000e+00,0.000000e+00
2.670583e-03,3.064977e+02,5.714072e+01,1.964808e+02,3.636385e+02,-1.671576e+02,2.332437e+02,-3.676290e+01,1.964808e+02,0.000000e+00,2.332437e+02,0.000000e+00,-3.676290e+01,0.000000e+00,0.000000e+00,-2.469493e-03,0.000000e+00,0.000000e+00,0.000000e+00,0.000000e+00
2.680202e-03,3.100680e+02,5.738362e+01,1.983950e+02,3.674516e+02,-1.690566e+02,2.353671e+02,-3.697207e+01,1.983950e+02,0.000000e+00,2.353671e+02,0.000000e+00,-3.697207e+01,0.000000e+00,0.000000e+00,-2.482845e-03,0.000000e+00,0.000000e+00,0.000000e+00,0.000000e+00
2.690887e-03,3.140770e+02,5.765247e+01,2.005807e+02,3.717295e+02,-1.711489e+02,2.377871e+02,-3.720639e+01,2.005807e+02,0.000000e+00,2.377871e+02,0.000000e+00,-3.720639e+01,0.000000e+00,0.000000e+00,-2.497703e-03,0.000000e+00,0.000000e+00,0.000000e+00,0.000000e+00
2.700500e-03,3.176847e+02,5.791703e+01,2.025489e+02,3.756018e+02,-1.730529e+02,2.399690e+02,-3.742009e+01,2.025489e+02,0.000000e+00,2.399690e+02,0.000000e+00,-3.742009e+01,0.000000e+00,0.000000e+00,-2.511096e-03,0.000000e+00,0.000000e+00,0.000000e+00,0.000000e+00
2.710110e-03,3.213081e+02,5.819057e+01,2.045267e+02,3.794986e+02,-1.749720e+02,2.421654e+02,-3.763871e+01,2.045267e+02,0.000000e+00,2.421654e+02,0.000000e+00,-3.763871e+01,0.000000e+00,0.000000e+00,-2.524509e-03,0.000000e+00,0.000000e+00,0.000000e+00,0.000000e+00
2.720784e-03,3.253603e+02,5.851692e+01,2.067437e+02,3.838772e+02,-1.771335e+02,2.446295e+02,-3.788574e+01,2.067437e+02,0.000000e+00,2.446295e+02,0.000000e+00,-3.788574e+01,0.000000e+00,0.000000e+00,-2.539435e-03,0.000000e+00,0.000000e+00,0.000000e+00,0.000000e+00
2.730388e-03,3.289980e+02,5.882764e+01,2.087437e+02,3.878256e+02,-1.790819e+02,2.468508e+02,-3.810705e+01,2.087437e+02,0.000000e+00,2.468508e+02,0.000000e+00,-3.810705e+01,0.000000e+00,0.000000e+00,-2.552890e-03,0.000000e+00,0.000000e+00,0.000000e+00,0.000000e+00
2.741055e-03,3.330553e+02,5.917174e+01,2.110041e+02,3.922270e+02,-1.812229e+02,2.493625e+02,-3.835832e+01,2.110041e+02,0.000000e+00,2.493625e+02,0.000000e+00,-3.835832e+01,0.000000e+00,0.000000e+00,-2.567862e-03,0.000000e+00,0.000000e+00,0.000000e+00,0.000000e+00
2.750654e-03,3.367261e+02,5.947274e+01,2.130005e+02,3.961989e+02,-1.831984e+02,2.515912e+02,-3.859065e+01,2.130005e+02,0.000000e+00,2.515912e+02,0.000000e+00,-3.859065e+01,0.000000e+00,0.000000e+00,-2.581360e-03,0.000000e+00,0.000000e+00,0.000000e+00,0.000000e+00
2.760251e-03,3.403970e+02,5.975884e+01,2.149841e+02,4.001558e+02,-1.851717e+02,2.538033e+02,-3.881923e+01,2.149841e+02,0.000000e+00,2.538033e+02,0.000000e+00,-3.881923e+01,0.000000e+00,0.000000e+00,-2.594879e-03,0.000000e+00,0.000000e+00,0.000000e+00,0.000000e+00
2.770912e-03,3.444983e+02,6.006631e+01,2.171764e+02,4.045646e+02,-1.873881e+02,2.562588e+02,-3.908233e+01,2.171764e+02,0.000000e+00,2.562588e+02,0.000000e+00,-3.908233e+01,0.000000e+00,0.000000e+00,-2.609924e-03,0.000000e+00,0.000000e+00,0.000000e+00,0.000000e+00
2.780505e-03,3.482034e+02,6.036128e+01,2.191774e+02,4.085646e+02,-1.893873e+02,2.584995e+02,-3.932214e+01,2.191774e+02,0.000000e+00,2.584995e+02,0.000000e+00,-3.932214e+01,0.000000e+00,0.000000e+00,-2.623487e-03,0.000000e+00,0.000000e+00,0.000000e+00,0.000000e+00
2.790096e-03,3.519333e+02,6.066628e+01,2.211702e+02,4.125996e+02,-1.914294e+02,2.607439e+02,-3.957375e+01,2.211702e+02,0.000000e+00,2.607439e+02,0.000000e+00,-3.957375e+01,0.000000e+00,0.000000e+00,-2.637068e-03,0.000000e+00,0.000000e+00,0.000000e+00,0.000000e+00
2.800748e-03,3.560882e+02,6.101532e+01,2.234716e+02,4.171035e+02,-1.936319e+02,2.633218e+02,-3.985023e+01,2.234716e+02,0.000000e+00,2.633218e+02,0.000000e+00,-3.985023e+01,0.000000e+00,0.000000e+00,-2.652181e-03,0.000000e+00,0.000000e+00,0.000000e+00,0.000000e+00
2.810332e-03,3.598410e+02,6.133791e+01,2.255566e+02,4.211789e+02,-1.956223e+02,2.656595e+02,-4.010285e+01,2.255566e+02,0.000000e+00,2.656595e+02,0.000000e+00,-4.010285e+01,0.000000e+00,0.000000e+00,-2.665804e-03,0.000000e+00,0.000000e+00,0.000000e+00,0.000000e+00
2.820977e-03,3.640351e+02,6.172018e+01,2.278981e+02,4.257553e+02,-1.978572e+02,2.682836e+02,-4.038551e+01,2.278981e+02,0.000000e+00,2.682836e+02,0.000000e+00,-4.038551e+01,0.000000e+00,0.000000e+00,-2.680962e-03,0.000000e+00,0.000000e+00,0.000000e+00,0.000000e+00
2.830555e-03,3.677681e+02,6.207919e+01,2.300980e+02,4.298473e+02,-1.997493e+02,2.707324e+02,-4.063445e+01,2.300980e+02,0.000000e+00,2.707324e+02,0.000000e+00,-4.063445e+01,0.000000e+00,0.000000e+00,-2.694624e-03,0.000000e+00,0.000000e+00,0.000000e+00,0.000000e+00
2.840129e-03,3.714898e+02,6.244750e+01,2.322991e+02,4.339373e+02,-2.016382e+02,2.731862e+02,-4.088703e+01,2.322991e+02,0.000000e+00,2.731862e+02,0.000000e+00,-4.088703e+01,0.000000e+00,0.000000e+00,-2.708304e-03,0.000000e+00,0.000000e+00,0.000000e+00,0.000000e+00
2.850763e-03,3.756226e+02,6.285237e+01,2.347742e+02,4.384750e+02,-2.037007e+02,2.759509e+02,-4.117669e+01,2.347742e+02,0.000000e+00,2.759509e+02,0.000000e+00,-4.117669e+01,0.000000e+00,0.000000e+00,-2.723526e-03,0.000000e+00,0.000000e+00,0.000000e+00,0.000000e+00
2.860330e-03,3.793367e+02,6.323752e+01,2.370351e+02,4.425742e+02,-2.055391e+02,2.784765e+02,-4.144133e+01,2.370351e+02,0.000000e+00,2.784765e+02,0.000000e+00,-4.144133e+01,0.000000e+00,0.000000e+00,-2.737244e-03,0.000000e+00,0.000000e+00,0.000000e+00,0.000000e+00
2.870956e-03,3.834957e+02,6.366368e+01,2.396550e+02,4.471594e+02,-2.075044e+02,2.813986e+02,-4.174356e+01,2.396550e+02,0.000000e+00,2.813986e+02,0.000000e+00,-4.174356e+01,0.000000e+00,0.000000e+00,-2.752509e-03,0.000000e+00,0.000000e+00,0.000000e+00,0.000000e+00
2.880516e-03,3.872309e+02,6.402008e+01,2.420004e+02,4.512510e+02,-2.092506e+02,2.840224e+02,-4.202194e+01,2.420004e+02,0.000000e+00,2.840224e+02,0.000000e+00,-4.202194e+01,0.000000e+00,0.000000e+00,-2.766265e-03,0.000000e+00,0.000000e+00,0.000000e+00,0.000000e+00
2.890072e-03,3.910041e+02,6.439051e+01,2.443755e+02,4.553946e+02,-2.110191e+02,2.866805e+02,-4.230502e+01,2.443755e+02,0.000000e+00,2.866805e+02,0.000000e+00,-4.230502e+01,0.000000e+00,0.000000e+00,-2.780039e-03,0.000000e+00,0.000000e+00,0.000000e+00,0.000000e+00
2.900685e-03,3.952371e+02,6.479469e+01,2.470450e+02,4.600318e+02,-2.129868e+02,2.896701e+02,-4.262505e+01,2.470450e+02,0.000000e+00,2.896701e+02,0.000000e+00,-4.262505e+01,0.000000e+00,0.000000e+00,-2.795363e-03,0.000000e+00,0.000000e+00,0.000000e+00,0.000000e+00
2.910231e-03,3.990476e+02,6.519544e+01,2.494438e+02,4.642431e+02,-2.147992e+02,2.923615e+02,-4.291769e+01,2.494438e+02,0.000000e+00,2.923615e+02,0.000000e+00,-4.291769e+01,0.000000e+00,0.000000e+00,-2.809171e-03,0.000000e+00,0.000000e+00,0.000000e+00,0.000000e+00
2.920832e-03,4.033023e+02,6.563303e+01,2.520894e+02,4.689353e+02,-2.168459e+02,2.953366e+02,-4.324714e+01,2.520894e+02,0.000000e+00,2.953366e+02,0.000000e+00,-4.324714e+01,0.000000e+00,0.000000e+00,-2.824531e-03,0.000000e+00,0.000000e+00,0.000000e+00,0.000000e+00
2.930368e-03,4.071434e+02,6.602290e+01,2.544432e+02,4.731663e+02,-2.187231e+02,2.979845e+02,-4.354136e+01,2.544432e+02,0.000000e+00,2.979845e+02,0.000000e+00,-4.354136e+01,0.000000e+00,0.000000e+00,-2.838371e-03,0.000000e+00,0.000000e+00,0.000000e+00,0.000000e+00
2.940959e-03,4.114199e+02,6.644803e+01,2.571058e+02,4.778679e+02,-2.207621e+02,3.009695e+02,-4.386373e+01,2.571058e+02,0.000000e+00,3.009695e+02,0.000000e+00,-4.386373e+01,0.000000e+00,0.000000e+00,-2.853769e-03,0.000000e+00,0.000000e+00,0.000000e+00,0.000000e+00
2.950486e-03,4.152851e+02,6.680684e+01,2.595057e+02,4.820919e+02,-2.225863e+02,3.036579e+02,-4.415222e+01,2.595057e+02,0.000000e+00,3.036579e+02,0.000000e+00,-4.415222e+01,0.000000e+00,0.000000e+00,-2.867645e-03,0.000000e+00,0.000000e+00,0.000000e+00,0.000000e+00
2.960011e-03,4.191601e+02,6.718177e+01,2.619792e+02,4.863418e+02,-2.243626e+02,3.064280e+02,-4.444882e+01,2.619792e+02,0.000000e+00,3.064280e+02,0.000000e+00,-4.444882e+01,0.000000e+00,0.000000e+00,-2.881540e-03,0.000000e+00,0.000000e+00,0.000000e+00,0.000000e+00
2.970592e-03,4.234720e+02,6.758664e+01,2.647407e+02,4.910587e+02,-2.263179e+02,3.095225e+02,-4.478174e+01,2.647407e+02,0.000000e+00,3.095225e+02,0.000000e+00,-4.478174e+01,0.000000e+00,0.000000e+00,-2.897000e-03,0.000000e+00,0.000000e+00,0.000000e+00,0.000000e+00
2.980111e-03,4.273488e+02,6.796001e+01,2.671996e+02,4.953088e+02,-2.281092e+02,3.122861e+02,-4.508648e+01,2.671996e+02,0.000000e+00,3.122861e+02,0.000000e+00,-4.508648e+01,0.000000e+00,0.000000e+00,-2.910934e-03,0.000000e+00,0.000000e+00,0.000000e+00,0.000000e+00
2.990686e-03,4.316372e+02,6.838098e+01,2.699470e+02,5.000182e+02,-2.300711e+02,3.153748e+02,-4.542779e+01,2.699470e+02,0.000000e+00,3.153748e+02,0.000000e+00,-4.542779e+01,0.000000e+00,0.000000e+00,-2.926439e-03,0.000000e+00,0.000000e+00,0.000000e+00,0.000000e+00
3.000201e-03,4.355108e+02,6.876152e+01,2.724273e+02,5.042723e+02,-2.318450e+02,3.181677e+02,-4.574041e+01,2.724273e+02,0.000000e+00,3.181677e+02,0.000000e+00,-4.574041e+01,0.000000e+00,0.000000e+00,-2.940414e-03,0.000000e+00,0.000000e+00,0.000000e+00,0.000000e+00
3.010771e-03,4.398221e+02,6.918367e+01,2.752280e+02,5.090058e+02,-2.337778e+02,3.213148e+02,-4.608684e+01,2.752280e+02,0.000000e+00,3.213148e+02,0.000000e+00,-4.608684e+01,0.000000e+00,0.000000e+00,-2.955964e-03,0.000000e+00,0.000000e+00,0.000000e+00,0.000000e+00
3.020283e-03,4.437042e+02,6.954413e+01,2.778044e+02,5.132484e+02,-2.354440e+02,3.242069e+02,-4.640256e+01,2.778044e+02,0.000000e+00,3.242069e+02,0.000000e+00,-4.640256e+01,0.000000e+00,0.000000e+00,-2.969980e-03,0.000000e+00,0.000000e+00,0.000000e+00,0.000000e+00
3.030849e-03,4.480332e+02,6.991527e+01,2.806954e+02,5.179485e+02,-2.372531e+02,3.274532e+02,-4.675780e+01,2.806954e+02,0.000000e+00,3.274532e+02,0.000000e+00,-4.675780e+01,0.000000e+00,0.000000e+00,-2.985576e-03,0.000000e+00,0.000000e+00,0.000000e+00,0.000000e+00
3.040357e-03,4.519415e+02,7.026554e+01,2.833140e+02,5.222071e+02,-2.388931e+02,3.303972e+02,-4.708329e+01,2.833140e+02,0.000000e+00,3.303972e+02,0.000000e+00,-4.708329e+01,0.000000e+00,0.000000e+00,-2.999634e-03,0.000000e+00,0.000000e+00,0.000000e+00,0.000000e+00
3.050920e-03,4.562711e+02,7.065239e+01,2.862462e+02,5.269235e+02,-2.406773e+02,3.336961e+02,-4.744988e+01,2.862462e+02,0.000000e+00,3.336961e+02,0.000000e+00,-4.744988e+01,0.000000e+00,0.000000e+00,-3.015277e-03,0.000000e+00,0.000000e+00,0.000000e+00,0.000000e+00
3.060425e-03,4.601589e+02,7.099800e+01,2.889092e+02,5.311569e+02,-2.422477e+02,3.366966e+02,-4.778743e+01,2.889092e+02,0.000000e+00,3.366966e+02,0.000000e+00,-4.778743e+01,0.000000e+00,0.000000e+00,-3.029377e-03,0.000000e+00,0.000000e+00,0.000000e+00,0.000000e+00
3.070985e-03,4.644937e+02,7.140455e+01,2.919019e+02,5.358982e+02,-2.439963e+02,3.400657e+02,-4.816382e+01,2.919019e+02,0.000000e+00,3.400657e+02,0.000000e+00,-4.816382e+01,0.000000e+00,0.000000e+00,-3.045067e-03,0.000000e+00,0.000000e+00,0.000000e+00,0.000000e+00
3.080488e-03,4.684289e+02,7.178989e+01,2.946226e+02,5.402188e+02,-2.455962e+02,3.431297e+02,-4.850710e+01,2.946226e+02,0.000000e+00,3.431297e+02,0.000000e+00,-4.850710e+01,0.000000e+00,0.000000e+00,-3.059209e-03,0.000000e+00,0.000000e+00,0.000000e+00,0.000000e+00
3.091045e-03,4.728084e+02,7.218982e+01,2.976739e+02,5.449982e+02,-2.473243e+02,3.465610e+02,-4.888708e+01,2.976739e+02,0.000000e+00,3.465610e+02,0.000000e+00,-4.888708e+01,0.000000e+00,0.000000e+00,-3.074946e-03,0.000000e+00,0.000000e+00,0.000000e+00,0.000000e+00
3.100545e-03,4.767834e+02,7.253665e+01,3.004300e+02,5.493200e+02,-2.488900e+02,3.496630e+02,-4.923295e+01,3.004300e+02,0.000000e+00,3.496630e+02,0.000000e+00,-4.923295e+01,0.000000e+00,0.000000e+00,-3.089130e-03,0.000000e+00,0.000000e+00,0.000000e+00,0.000000e+00
3.110043e-03,4.807946e+02,7.290408e+01,3.031961e+02,5.536987e+02,-2.505026e+02,3.527731e+02,-4.957695e+01,3.031961e+02,0.000000e+00,3.527731e+02,0.000000e+00,-4.957695e+01,0.000000e+00,0.000000e+00,-3.103333e-03,0.000000e+00,0.000000e+00,0.000000e+00,0.000000e+00
3.120593e-03,4.853121e+02,7.333471e+01,3.063113e+02,5.586468e+02,-2.523355e+02,3.562779e+02,-4.996659e+01,3.063113e+02,0.000000e+00,3.562779e+02,0.000000e+00,-4.996659e+01,0.000000e+00,0.000000e+00,-3.119135e-03,0.000000e+00,0.000000e+00,0.000000e+00,0.000000e+00
3.130086e-03,4.894055e+02,7.376369e+01,3.091388e+02,5.631691e+02,-2.540303e+02,3.594598e+02,-5.032099e+01,3.091388e+02,0.000000e+00,3.594598e+02,0.000000e+00,-5.032099e+01,0.000000e+00,0.000000e+00,-3.133376e-03,0.000000e+00,0.000000e+00,0.000000e+00,0.000000e+00
3.140631e-03,4.939900e+02,7.426492e+01,3.123114e+02,5.682550e+02,-2.559436e+02,3.630299e+02,-5.071849e+01,3.123114e+02,0.000000e+00,3.630299e+02,0.000000e+00,-5.071849e+01,0.000000e+00,0.000000e+00,-3.149221e-03,0.000000e+00,0.000000e+00,0.000000e+00,0.000000e+00
3.150120e-03,4.981789e+02,7.476187e+01,3.151660e+02,5.729407e+02,-2.577748e+02,3.662384e+02,-5.107241e+01,3.151660e+02,0.000000e+00,3.662384e+02,0.000000e+00,-5.107241e+01,0.000000e+00,0.000000e+00,-3.163501e-03,0.000000e+00,0.000000e+00,0.000000e+00,0.000000e+00
3.160659e-03,5.029374e+02,7.531563e+01,3.183685e+02,5.782530e+02,-2.598845e+02,3.698403e+02,-5.147181e+01,3.183685e+02,0.000000e+00,3.698403e+02,0.000000e+00,-5.147181e+01,0.000000e+00,0.000000e+00,-3.179388e-03,0.000000e+00,0.000000e+00,0.000000e+00,0.000000e+00
3.170143e-03,5.071117e+02,7.582543e+01,3.212329e+02,5.829371e+02,-2.617042e+02,3.730608e+02,-5.182792e+01,3.212329e+02,0.000000e+00,3.730608e+02,0.000000e+00,-5.182792e+01,0.000000e+00,0.000000e+00,-3.193706e-03,0.000000e+00,0.000000e+00,0.000000e+00,0.000000e+00
3.180678e-03,5.118614e+02,7.642808e+01,3.244264e+02,5.882895e+02,-2.638631e+02,3.766501e+02,-5.222376e+01,3.244264e+02,0.000000e+00,3.766501e+02,0.000000e+00,-5.222376e+01,0.000000e+00,0.000000e+00,-3.209636e-03,0.000000e+00,0.000000e+00,0.000000e+00,0.000000e+00
3.190158e-03,5.161923e+02,7.697271e+01,3.273204e+02,5.931650e+02,-2.658446e+02,3.799015e+02,-5.258107e+01,3.273204e+02,0.000000e+00,3.799015e+02,0.000000e+00,-5.258107e+01,0.000000e+00,0.000000e+00,-3.223993e-03,0.000000e+00,0.000000e+00,0.000000e+00,0.000000e+00
3.200688e-03,5.209356e+02,7.757665e+01,3.305525e+02,5.985122e+02,-2.679597e+02,3.835286e+02,-5.297611e+01,3.305525e+02,0.000000e+00,3.835286e+02,0.000000e+00,-5.297611e+01,0.000000e+00,0.000000e+00,-3.239967e-03,0.000000e+00,0.000000e+00,0.000000e+00,0.000000e+00
3.210164e-03,5.252437e+02,7.812469e+01,3.334656e+02,6.033684e+02,-2.699028e+02,3.867980e+02,-5.333244e+01,3.334656e+02,0.000000e+00,3.867980e+02,0.000000e+00,-5.333244e+01,0.000000e+00,0.000000e+00,-3.254364e-03,0.000000e+00,0.000000e+00,0.000000e+00,0.000000e+00
3.220691e-03,5.300633e+02,7.873658e+01,3.367157e+02,6.087999e+02,-2.720842e+02,3.904441e+02,-5.372842e+01,3.367157e+02,0.000000e+00,3.904441e+02,0.000000e+00,-5.372842e+01,0.000000e+00,0.000000e+00,-3.270382e-03,0.000000e+00,0.000000e+00,0.000000e+00,0.000000e+00
3.230164e-03,5.343810e+02,7.931930e+01,3.396454e+02,6.137003e+02,-2.740550e+02,3.937265e+02,-5.408117e+01,3.396454e+02,0.000000e+00,3.937265e+02,0.000000e+00,-5.408117e+01,0.000000e+00,0.000000e+00,-3.284819e-03,0.000000e+00,0.000000e+00,0.000000e+00,0.000000e+00
3.240688e-03,5.391617e+02,7.996673e+01,3.429086e+02,6.191284e+02,-2.762198e+02,3.973804e+02,-5.447179e+01,3.429086e+02,0.000000e+00,3.973804e+02,0.000000e+00,-5.447179e+01,0.000000e+00,0.000000e+00,-3.300882e-03,0.000000e+00,0.000000e+00,0.000000e+00,0.000000e+00
3.250158e-03,5.434851e+02,8.053084e+01,3.458587e+02,6.240159e+02,-2.781572e+02,4.006792e+02,-5.482053e+01,3.458587e+02,0.000000e+00,4.006792e+02,0.000000e+00,-5.482053e+01,0.000000e+00,0.000000e+00,-3.315359e-03,0.000000e+00,0.000000e+00,0.000000e+00,0.000000e+00
3.260679e-03,5.483016e+02,8.116229e+01,3.491437e+02,6.294639e+02,-2.803202e+02,4.043506e+02,-5.520692e+01,3.491437e+02,0.000000e+00,4.043506e+02,0.000000e+00,-5.520692e+01,0.000000e+00,0.000000e+00,-3.331467e-03,0.000000e+00,0.000000e+00,0.000000e+00,0.000000e+00
3.270146e-03,5.526257e+02,8.174689e+01,3.521072e+02,6.343726e+02,-2.822654e+02,4.076612e+02,-5.555396e+01,3.521072e+02,0.000000e+00,4.076612e+02,0.000000e+00,-5.555396e+01,0.000000e+00,0.000000e+00,-3.345985e-03,0.000000e+00,0.000000e+00,0.000000e+00,0.000000e+00
3.280664e-03,5.573902e+02,8.238004e+01,3.554053e+02,6.397702e+02,-2.843649e+02,4.113434e+02,-5.593817e+01,3.554053e+02,0.000000e+00,4.113434e+02,0.000000e+00,-5.593817e+01,0.000000e+00,0.000000e+00,-3.362139e-03,0.000000e+00,0.000000e+00,0.000000e+00,0.000000e+00
3.290130e-03,5.616777e+02,8.293205e+01,3.583561e+02,6.446097e+02,-2.862536e+02,4.146346e+02,-5.627849e+01,3.583561e+02,0.000000e+00,4.146346e+02,0.000000e+00,-5.627849e+01,0.000000e+00,0.000000e+00,-3.376699e-03,0.000000e+00,0.000000e+00,0.000000e+00,0.000000e+00
3.300647e-03,5.664496e+02,8.353460e+01,3.616830e+02,6.499842e+02,-2.883012e+02,4.183361e+02,-5.665314e+01,3.616830e+02,0.000000e+00,4.183361e+02,0.000000e+00,-5.665314e+01,0.000000e+00,0.000000e+00,-3.392900e-03,0.000000e+00,0.000000e+00,0.000000e+00,0.000000e+00
3.310112e-03,5.707188e+02,8.409667e+01,3.646626e+02,6.548155e+02,-2.901528e+02,4.216472e+02,-5.698459e+01,3.646626e+02,0.000000e+00,4.216472e+02,0.000000e+00,-5.698459e+01,0.000000e+00,0.000000e+00,-3.407502e-03,0.000000e+00,0.000000e+00,0.000000e+00,0.000000e+00
3.320628e-03,5.754806e+02,8.473372e+01,3.680235e+02,6.602143e+02,-2.921908e+02,4.253859e+02,-5.736246e+01,3.680235e+02,0.000000e+00,4.253859e+02,0.000000e+00,-5.736246e+01,0.000000e+00,0.000000e+00,-3.423751e-03,0.000000e+00,0.000000e+00,0.000000e+00,0.000000e+00
3.330092e-03,5.797312e+02,8.529347e+01,3.710538e+02,6.650247e+02,-2.939709e+02,4.287571e+02,-5.770337e+01,3.710538e+02,0.000000e+00,4.287571e+02,0.000000e+00,-5.770337e+01,0.000000e+00,0.000000e+00,-3.438396e-03,0.000000e+00,0.000000e+00,0.000000e+00,0.000000e+00
3.340607e-03,5.844965e+02,8.596124e+01,3.744635e+02,6.704578e+02,-2.959943e+02,4.325435e+02,-5.808001e+01,3.744635e+02,0.000000e+00,4.325435e+02,0.000000e+00,-5.808001e+01,0.000000e+00,0.000000e+00,-3.454692e-03,0.000000e+00,0.000000e+00,0.000000e+00,0.000000e+00
3.350071e-03,5.887742e+02,8.657346e+01,3.775944e+02,6.753477e+02,-2.977533e+02,4.360145e+02,-5.842015e+01,3.775944e+02,0.000000e+00,4.360145e+02,0.000000e+00,-5.842015e+01,0.000000e+00,0.000000e+00,-3.469380e-03,0.000000e+00,0.000000e+00,0.000000e+00,0.000000e+00
3.360585e-03,5.935731e+02,8.723210e+01,3.810839e+02,6.808052e+02,-2.997213e+02,4.398865e+02,-5.880261e+01,3.810839e+02,0.000000e+00,4.398865e+02,0.000000e+00,-5.880261e+01,0.000000e+00,0.000000e+00,-3.485724e-03,0.000000e+00,0.000000e+00,0.000000e+00,0.000000e+00
3.370047e-03,5.979024e+02,8.787611e+01,3.842481e+02,6.857785e+02,-3.015303e+02,4.434020e+02,-5.915382e+01,3.842481e+02,0.000000e+00,4.434020e+02,0.000000e+00,-5.915382e+01,0.000000e+00,0.000000e+00,-3.500453e-03,0.000000e+00,0.000000e+00,0.000000e+00,0.000000e+00
3.380559e-03,6.027588e+02,8.856560e+01,3.877695e+02,6.913244e+02,-3.035549e+02,4.473161e+02,-5.954660e+01,3.877695e+02,0.000000e+00,4.473161e+02,0.000000e+00,-5.954660e+01,0.000000e+00,0.000000e+00,-3.516842e-03,0.000000e+00,0.000000e+00,0.000000e+00,0.000000e+00
3.390018e-03,6.071312e+02,8.919751e+01,3.909656e+02,6.963287e+02,-3.053631e+02,4.508586e+02,-5.989303e+01,3.909656e+02,0.000000e+00,4.508586e+02,0.000000e+00,-5.989303e+01,0.000000e+00,0.000000e+00,-3.531610e-03,0.000000e+00,0.000000e+00,0.000000e+00,0.000000e+00
3.400526e-03,6.120669e+02,8.991630e+01,3.945390e+02,7.019831e+02,-3.074441e+02,4.548000e+02,-6.026101e+01,3.945390e+02,0.000000e+00,4.548000e+02,0.000000e+00,-6.026101e+01,0.000000e+00,0.000000e+00,-3.548041e-03,0.000000e+00,0.000000e+00,0.000000e+00,0.000000e+00
3.411032e-03,6.170534e+02,9.064631e+01,3.980024e+02,7.076997e+02,-3.096974e+02,4.586347e+02,-6.063235e+01,3.980024e+02,0.000000e+00,4.586347e+02,0.000000e+00,-6.063235e+01,0.000000e+00,0.000000e+00,-3.564493e-03,0.000000e+00,0.000000e+00,0.000000e+00,0.000000e+00
3.420485e-03,6.215665e+02,9.135155e+01,4.011364e+02,7.129181e+02,-3.117816e+02,4.621002e+02,-6.096378e+01,4.011364e+02,0.000000e+00,4.621002e+02,0.000000e+00,-6.096378e+01,0.000000e+00,0.000000e+00,-3.579318e-03,0.000000e+00,0.000000e+00,0.000000e+00,0.000000e+00
3.430987e-03,6.266057e+02,9.217310e+01,4.046333e+02,7.187788e+02,-3.141456e+02,4.659608e+02,-6.132749e+01,4.046333e+02,0.000000e+00,4.659608e+02,0.000000e+00,-6.132749e+01,0.000000e+00,0.000000e+00,-3.595812e-03,0.000000e+00,0.000000e+00,0.000000e+00,0.000000e+00
3.440436e-03,6.311727e+02,9.290810e+01,4.077524e+02,7.240808e+02,-3.163283e+02,4.694056e+02,-6.165311e+01,4.077524e+02,0.000000e+00,4.694056e+02,0.000000e+00,-6.165311e+01,0.000000e+00,0.000000e+00,-3.610675e-03,0.000000e+00,0.000000e+00,0.000000e+00,0.000000e+00
3.450933e-03,6.362883e+02,9.372632e+01,4.112192e+02,7.300146e+02,-3.187955e+02,4.732323e+02,-6.201317e+01,4.112192e+02,0.000000e+00,4.732323e+02,0.000000e+00,-6.201317e+01,0.000000e+00,0.000000e+00,-3.627210e-03,0.000000e+00,0.000000e+00,0.000000e+00,0.000000e+00
3.460379e-03,6.409118e+02,9.445883e+01,4.143414e+02,7.353706e+02,-3.210292e+02,4.766768e+02,-6.233540e+01,4.143414e+02,0.000000e+00,4.766768e+02,0.000000e+00,-6.233540e+01,0.000000e+00,0.000000e+00,-3.642111e-03,0.000000e+00,0.000000e+00,0.000000e+00,0.000000e+00
3.470873e-03,6.460744e+02,9.525086e+01,4.179205e+02,7.413253e+02,-3.234048e+02,4.806125e+02,-6.269203e+01,4.179205e+02,0.000000e+00,4.806125e+02,0.000000e+00,-6.269203e+01,0.000000e+00,0.000000e+00,-3.658688e-03,0.000000e+00,0.000000e+00,0.000000e+00,0.000000e+00
3.480315e-03,6.507249e+02,9.595798e+01,4.211810e+02,7.466829e+02,-3.255019e+02,4.841937e+02,-6.301269e+01,4.211810e+02,0.000000e+00,4.841937e+02,0.000000e+00,-6.301269e+01,0.000000e+00,0.000000e+00,-3.673626e-03,0.000000e+00,0.000000e+00,0.000000e+00,0.000000e+00
3.490805e-03,6.559670e+02,9.672491e+01,4.248183e+02,7.526920e+02,-3.278736e+02,4.881864e+02,-6.336812e+01,4.248183e+02,0.000000e+00,4.881864e+02,0.000000e+00,-6.336812e+01,0.000000e+00,0.000000e+00,-3.690244e-03,0.000000e+00,0.000000e+00,0.000000e+00,0.000000e+00
3.500245e-03,6.606765e+02,9.738053e+01,4.279990e+02,7.580570e+02,-3.300580e+02,4.916800e+02,-6.368099e+01,4.279990e+02,0.000000e+00,4.916800e+02,0.000000e+00,-6.368099e+01,0.000000e+00,0.000000e+00,-3.705220e-03,0.000000e+00,0.000000e+00,0.000000e+00,0.000000e+00
3.510731e-03,6.659372e+02,9.808369e+01,4.316153e+02,7.640208e+02,-3.324056e+02,4.956406e+02,-6.402533e+01,4.316153e+02,0.000000e+00,4.956406e+02,0.000000e+00,-6.402533e+01,0.000000e+00,0.000000e+00,-3.721881e-03,0.000000e+00,0.000000e+00,0.000000e+00,0.000000e+00
3.520168e-03,6.707055e+02,9.871549e+01,4.349002e+02,7.694210e+02,-3.345207e+02,4.992371e+02,-6.433691e+01,4.349002e+02,0.000000e+00,4.992371e+02,0.000000e+00,-6.433691e+01,0.000000e+00,0.000000e+00,-3.736895e-03,0.000000e+00,0.000000e+00,0.000000e+00,0.000000e+00
3.530651e-03,6.760298e+02,9.943597e+01,4.385792e+02,7.754658e+02,-3.368866e+02,5.032637e+02,-6.468457e+01,4.385792e+02,0.000000e+00,5.032637e+02,0.000000e+00,-6.468457e+01,0.000000e+00,0.000000e+00,-3.753597e-03,0.000000e+00,0.000000e+00,0.000000e+00,0.000000e+00
3.540084e-03,6.808361e+02,1.001451e+02,4.419302e+02,7.809812e+02,-3.390510e+02,5.069329e+02,-6.500267e+01,4.419302e+02,0.000000e+00,5.069329e+02,0.000000e+00,-6.500267e+01,0.000000e+00,0.000000e+00,-3.768648e-03,0.000000e+00,0.000000e+00,0.000000e+00,0.000000e+00
3.550563e-03,6.862010e+02,1.009633e+02,4.456724e+02,7.871643e+02,-3.414920e+02,5.110263e+02,-6.535395e+01,4.456724e+02,0.000000e+00,5.110263e+02,0.000000e+00,-6.535395e+01,0.000000e+00,0.000000e+00,-3.785392e-03,0.000000e+00,0.000000e+00,0.000000e+00,0.000000e+00
3.561040e-03,6.915900e+02,1.017775e+02,4.494442e+02,7.933674e+02,-3.439232e+02,5.151407e+02,-6.569643e+01,4.494442e+02,0.000000e+00,5.151407e+02,0.000000e+00,-6.569643e+01,0.000000e+00,0.000000e+00,-3.802156e-03,0.000000e+00,0.000000e+00,0.000000e+00,0.000000e+00
3.570467e-03,6.964635e+02,1.025386e+02,4.528628e+02,7.990022e+02,-3.461393e+02,5.188709e+02,-6.600802e+01,4.528628e+02,0.000000e+00,5.188709e+02,0.000000e+00,-6.600802e+01,0.000000e+00,0.000000e+00,-3.817262e-03,0.000000e+00,0.000000e+00,0.000000e+00,0.000000e+00
3.580939e-03,7.019076e+02,1.034029e+02,4.566886e+02,8.053105e+02,-3.486219e+02,5.230420e+02,-6.635346e+01,4.566886e+02,0.000000e+00,5.230420e+02,0.000000e+00,-6.635346e+01,0.000000e+00,0.000000e+00,-3.834066e-03,0.000000e+00,0.000000e+00,0.000000e+00,0.000000e+00
3.590363e-03,7.068371e+02,1.042141e+02,4.601591e+02,8.110512e+02,-3.508920e+02,5.268261e+02,-6.666691e+01,4.601591e+02,0.000000e+00,5.268261e+02,0.000000e+00,-6.666691e+01,0.000000e+00,0.000000e+00,-3.849208e-03,0.000000e+00,0.000000e+00,0.000000e+00,0.000000e+00
3.600831e-03,7.123343e+02,1.051423e+02,4.640542e+02,8.174766e+02,-3.534224e+02,5.310687e+02,-6.701451e+01,4.640542e+02,0.000000e+00,5.310687e+02,0.000000e+00,-6.701451e+01,0.000000e+00,0.000000e+00,-3.866052e-03,0.000000e+00,0.000000e+00,0.000000e+00,0.000000e+00
3.610251e-03,7.173244e+02,1.060001e+02,4.675980e+02,8.233245e+02,-3.557264e+02,5.349287e+02,-6.733069e+01,4.675980e+02,0.000000e+00,5.349287e+02,0.000000e+00,-6.733069e+01,0.000000e+00,0.000000e+00,-3.881230e-03,0.000000e+00,0.000000e+00,0.000000e+00,0.000000e+00
3.620715e-03,7.229027e+02,1.070499e+02,4.716490e+02,8.299526e+02,-3.583036e+02,5.393346e+02,-6.768553e+01,4.716490e+02,0.000000e+00,5.393346e+02,0.000000e+00,-6.768553e+01,0.000000e+00,0.000000e+00,-3.898114e-03,0.000000e+00,0.000000e+00,0.000000e+00,0.000000e+00
3.630130e-03,7.279799e+02,1.080016e+02,4.753233e+02,8.359816e+02,-3.606583e+02,5.433302e+02,-6.800692e+01,4.753233e+02,0.000000e+00,5.433302e+02,0.000000e+00,-6.800692e+01,0.000000e+00,0.000000e+00,-3.913326e-03,0.000000e+00,0.000000e+00,0.000000e+00,0.000000e+00
3.640589e-03,7.336405e+02,1.090504e+02,4.794127e+02,8.426908e+02,-3.632782e+02,5.477668e+02,-6.835410e+01,4.794127e+02,0.000000e+00,5.477668e+02,0.000000e+00,-6.835410e+01,0.000000e+00,0.000000e+00,-3.930249e-03,0.000000e+00,0.000000e+00,0.000000e+00,0.000000e+00
3.650001e-03,7.387732e+02,1.099741e+02,4.830863e+02,8.487473e+02,-3.656610e+02,5.517495e+02,-6.866321e+01,4.830863e+02,0.000000e+00,5.517495e+02,0.000000e+00,-6.866321e+01,0.000000e+00,0.000000e+00,-3.945496e-03,0.000000e+00,0.000000e+00,0.000000e+00,0.000000e+00
3.660455e-03,7.445095e+02,1.110057e+02,4.871789e+02,8.555152e+02,-3.683363e+02,5.561888e+02,-6.900988e+01,4.871789e+02,0.000000e+00,5.561888e+02,0.000000e+00,-6.900988e+01,0.000000e+00,0.000000e+00,-3.962457e-03,0.000000e+00,0.000000e+00,0.000000e+00,0.000000e+00
3.670907e-03,7.502591e+02,1.121442e+02,4.913333e+02,8.624033e+02,-3.710701e+02,5.606915e+02,-6.935829e+01,4.913333e+02,0.000000e+00,5.606915e+02,0.000000e+00,-6.935829e+01,0.000000e+00,0.000000e+00,-3.979438e-03,0.000000e+00,0.000000e+00,0.000000e+00,0.000000e+00
3.680311e-03,7.554358e+02,1.131989e+02,4.950999e+02,8.686347e+02,-3.735348e+02,5.647712e+02,-6.967130e+01,4.950999e+02,0.000000e+00,5.647712e+02,0.000000e+00,-6.967130e+01,0.000000e+00,0.000000e+00,-3.994737e-03,0.000000e+00,0.000000e+00,0.000000e+00,0.000000e+00
3.690758e-03,7.612304e+02,1.143599e+02,4.993038e+02,8.755903e+02,-3.762865e+02,5.693208e+02,-7.001704e+01,4.993038e+02,0.000000e+00,5.693208e+02,0.000000e+00,-7.001704e+01,0.000000e+00,0.000000e+00,-4.011756e-03,0.000000e+00,0.000000e+00,0.000000e+00,0.000000e+00
3.700159e-03,7.664258e+02,1.153573e+02,5.031001e+02,8.817831e+02,-3.786830e+02,5.734240e+02,-7.032392e+01,5.031001e+02,0.000000e+00,5.734240e+02,0.000000e+00,-7.032392e+01,0.000000e+00,0.000000e+00,-4.027091e-03,0.000000e+00,0.000000e+00,0.000000e+00,0.000000e+00
3.710601e-03,7.724150e+02,1.166628e+02,5.073337e+02,8.890778e+02,-3.817441e+02,5.779976e+02,-7.066394e+01,5.073337e+02,0.000000e+00,5.779976e+02,0.000000e+00,-7.066394e+01,0.000000e+00,0.000000e+00,-4.044148e-03,0.000000e+00,0.000000e+00,0.000000e+00,0.000000e+00
3.721042e-03,7.781709e+02,1.177376e+02,5.115884e+02,8.959085e+02,-3.843201e+02,5.825993e+02,-7.101094e+01,5.115884e+02,0.000000e+00,5.825993e+02,0.000000e+00,-7.101094e+01,0.000000e+00,0.000000e+00,-4.061226e-03,0.000000e+00,0.000000e+00,0.000000e+00,0.000000e+00
3.730436e-03,7.833648e+02,1.188013e+02,5.154505e+02,9.021661e+02,-3.867155e+02,5.867781e+02,-7.132754e+01,5.154505e+02,0.000000e+00,5.867781e+02,0.000000e+00,-7.132754e+01,0.000000e+00,0.000000e+00,-4.076613e-03,0.000000e+00,0.000000e+00,0.000000e+00,0.000000e+00
3.740873e-03,7.891251e+02,1.200721e+02,5.197672e+02,9.091972e+02,-3.894300e+02,5.914490e+02,-7.168182e+01,5.197672e+02,0.000000e+00,5.914490e+02,0.000000e+00,-7.168182e+01,0.000000e+00,0.000000e+00,-4.093731e-03,0.000000e+00,0.000000e+00,0.000000e+00,0.000000e+00
3.750264e-03,7.943141e+02,1.211740e+02,5.236648e+02,9.154881e+02,-3.918233e+02,5.956628e+02,-7.199801e+01,5.236648e+02,0.000000e+00,5.956628e+02,0.000000e+00,-7.199801e+01,0.000000e+00,0.000000e+00,-4.109154e-03,0.000000e+00,0.000000e+00,0.000000e+00,0.000000e+00
3.760697e-03,8.000689e+02,1.223383e+02,5.279800e+02,9.224072e+02,-3.944272e+02,6.003220e+02,-7.234208e+01,5.279800e+02,0.000000e+00,6.003220e+02,0.000000e+00,-7.234208e+01,0.000000e+00,0.000000e+00,-4.126310e-03,0.000000e+00,0.000000e+00,0.000000e+00,0.000000e+00
3.770085e-03,8.052835e+02,1.233179e+02,5.318583e+02,9.286015e+02,-3.967432e+02,6.045138e+02,-7.265543e+01,5.318583e+02,0.000000e+00,6.045138e+02,0.000000e+00,-7.265543e+01,0.000000e+00,0.000000e+00,-4.141769e-03,0.000000e+00,0.000000e+00,0.000000e+00,0.000000e+00
3.780515e-03,8.111717e+02,1.243835e+02,5.361735e+02,9.355552e+02,-3.993817e+02,6.091823e+02,-7.300882e+01,5.361735e+02,0.000000e+00,6.091823e+02,0.000000e+00,-7.300882e+01,0.000000e+00,0.000000e+00,-4.158965e-03,0.000000e+00,0.000000e+00,0.000000e+00,0.000000e+00
3.790943e-03,8.170599e+02,1.254622e+02,5.404961e+02,9.425221e+02,-4.020260e+02,6.138622e+02,-7.336614e+01,5.404961e+02,0.000000e+00,6.138622e+02,0.000000e+00,-7.336614e+01,0.000000e+00,0.000000e+00,-4.176182e-03,0.000000e+00,0.000000e+00,0.000000e+00,0.000000e+00
3.800326e-03,8.223515e+02,1.264747e+02,5.444251e+02,9.488262e+02,-4.044011e+02,6.181175e+02,-7.369246e+01,5.444251e+02,0.000000e+00,6.181175e+02,0.000000e+00,-7.369246e+01,0.000000e+00,0.000000e+00,-4.191695e-03,0.000000e+00,0.000000e+00,0.000000e+00,0.000000e+00
3.810750e-03,8.282422e+02,1.276197e+02,5.488342e+02,9.558619e+02,-4.070277e+02,6.228909e+02,-7.405670e+01,5.488342e+02,0.000000e+00,6.228909e+02,0.000000e+00,-7.405670e+01,0.000000e+00,0.000000e+00,-4.208951e-03,0.000000e+00,0.000000e+00,0.000000e+00,0.000000e+00
3.820130e-03,8.335492e+02,1.286779e+02,5.528178e+02,9.622271e+02,-4.094093e+02,6.272085e+02,-7.439067e+01,5.528178e+02,0.000000e+00,6.272085e+02,0.000000e+00,-7.439067e+01,0.000000e+00,0.000000e+00,-4.224498e-03,0.000000e+00,0.000000e+00,0.000000e+00,0.000000e+00
3.830550e-03,8.394507e+02,1.298190e+02,5.572569e+02,9.692697e+02,-4.120129e+02,6.320196e+02,-7.476273e+01,5.572569e+02,0.000000e+00,6.320196e+02,0.000000e+00,-7.476273e+01,0.000000e+00,0.000000e+00,-4.241792e-03,0.000000e+00,0.000000e+00,0.000000e+00,0.000000e+00
3.840969e-03,8.453609e+02,1.309625e+02,5.616930e+02,9.763234e+02,-4.146304e+02,6.368372e+02,-7.514420e+01,5.616930e+02,0.000000e+00,6.368372e+02,0.000000e+00,-7.514420e+01,0.000000e+00,0.000000e+00,-4.259107e-03,0.000000e+00,0.000000e+00,0.000000e+00,0.000000e+00
3.850344e-03,8.507020e+02,1.320206e+02,5.657087e+02,9.827226e+02,-4.170139e+02,6.412069e+02,-7.549822e+01,5.657087e+02,0.000000e+00,6.412069e+02,0.000000e+00,-7.549822e+01,0.000000e+00,0.000000e+00,-4.274708e-03,0.000000e+00,0.000000e+00,0.000000e+00,0.000000e+00
3.860759e-03,8.566573e+02,1.332356e+02,5.702430e+02,9.898929e+02,-4.196499e+02,6.461547e+02,-7.591170e+01,5.702430e+02,0.000000e+00,6.461547e+02,0.000000e+00,-7.591170e+01,0.000000e+00,0.000000e+00,-4.292062e-03,0.000000e+00,0.000000e+00,0.000000e+00,0.000000e+00
3.870131e-03,8.620172e+02,1.343371e+02,5.743263e+02,9.963542e+02,-4.220279e+02,6.506053e+02,-7.627895e+01,5.743263e+02,0.000000e+00,6.506053e+02,0.000000e+00,-7.627895e+01,0.000000e+00,0.000000e+00,-4.307698e-03,0.000000e+00,0.000000e+00,0.000000e+00,0.000000e+00
3.880543e-03,8.679614e+02,1.355494e+02,5.788146e+02,1.003511e+03,-4.246962e+02,6.554866e+02,-7.667199e+01,5.788146e+02,0.000000e+00,6.554866e+02,0.000000e+00,-7.667199e+01,0.000000e+00,0.000000e+00,-4.325091e-03,0.000000e+00,0.000000e+00,0.000000e+00,0.000000e+00
3.890954e-03,8.739232e+02,1.366734e+02,5.832032e+02,1.010597e+03,-4.273934e+02,6.602584e+02,-7.705519e+01,5.832032e+02,0.000000e+00,6.602584e+02,0.000000e+00,-7.705519e+01,0.000000e+00,0.000000e+00,-4.342506e-03,0.000000e+00,0.000000e+00,0.000000e+00,0.000000e+00
3.900323e-03,8.793459e+02,1.376497e+02,5.871140e+02,1.016996e+03,-4.298816e+02,6.645114e+02,-7.739735e+01,5.871140e+02,0.000000e+00,6.645114e+02,0.000000e+00,-7.739735e+01,0.000000e+00,0.000000e+00,-4.358198e-03,0.000000e+00,0.000000e+00,0.000000e+00,0.000000e+00
3.910732e-03,8.853925e+02,1.387254e+02,5.914470e+02,1.024118e+03,-4.326709e+02,6.692182e+02,-7.777120e+01,5.914470e+02,0.000000e+00,6.692182e+02,0.000000e+00,-7.777120e+01,0.000000e+00,0.000000e+00,-4.375653e-03,0.000000e+00,0.000000e+00,0.000000e+00,0.000000e+00
3.920099e-03,8.908594e+02,1.397024e+02,5.953665e+02,1.030562e+03,-4.351953e+02,6.734714e+02,-7.810485e+01,5.953665e+02,0.000000e+00,6.734714e+02,0.000000e+00,-7.810485e+01,0.000000e+00,0.000000e+00,-4.391381e-03,0.000000e+00,0.000000e+00,0.000000e+00,0.000000e+00
3.930505e-03,8.969488e+02,1.408647e+02,5.997081e+02,1.037813e+03,-4.381053e+02,6.781895e+02,-7.848138e+01,5.997081e+02,0.000000e+00,6.781895e+02,0.000000e+00,-7.848138e+01,0.000000e+00,0.000000e+00,-4.408877e-03,0.000000e+00,0.000000e+00,0.000000e+00,0.000000e+00
3.940911e-03,9.030415e+02,1.420488e+02,6.041008e+02,1.045090e+03,-4.409895e+02,6.829639e+02,-7.886311e+01,6.041008e+02,0.000000e+00,6.829639e+02,0.000000e+00,-7.886311e+01,0.000000e+00,0.000000e+00,-4.426394e-03,0.000000e+00,0.000000e+00,0.000000e+00,0.000000e+00
3.950274e-03,9.085470e+02,1.430826e+02,6.080815e+02,1.051630e+03,-4.435482e+02,6.872862e+02,-7.920468e+01,6.080815e+02,0.000000e+00,6.872862e+02,0.000000e+00,-7.920468e+01,0.000000e+00,0.000000e+00,-4.442177e-03,0.000000e+00,0.000000e+00,0.000000e+00,0.000000e+00
3.960677e-03,9.146971e+02,1.441603e+02,6.125115e+02,1.058857e+03,-4.463460e+02,6.920938e+02,-7.958231e+01,6.125115e+02,0.000000e+00,6.920938e+02,0.000000e+00,-7.958231e+01,0.000000e+00,0.000000e+00,-4.459734e-03,0.000000e+00,0.000000e+00,0.000000e+00,0.000000e+00
3.970039e-03,9.202451e+02,1.450740e+02,6.165015e+02,1.065319e+03,-4.488177e+02,6.964185e+02,-7.991706e+01,6.165015e+02,0.000000e+00,6.964185e+02,0.000000e+00,-7.991706e+01,0.000000e+00,0.000000e+00,-4.475553e-03,0.000000e+00,0.000000e+00,0.000000e+00,0.000000e+00
3.980440e-03,9.264322e+02,1.461265e+02,6.209174e+02,1.072559e+03,-4.516413e+02,7.012089e+02,-8.029154e+01,6.209174e+02,0.000000e+00,7.012089e+02,0.000000e+00,-8.029154e+01,0.000000e+00,0.000000e+00,-4.493150e-03,0.000000e+00,0.000000e+00,0.000000e+00,0.000000e+00
3.990839e-03,9.326051e+02,1.471310e+02,6.253301e+02,1.079736e+03,-4.544060e+02,7.059932e+02,-8.066311e+01,6.253301e+02,0.000000e+00,7.059932e+02,0.000000e+00,-8.066311e+01,0.000000e+00,0.000000e+00,-4.510768e-03,0.000000e+00,0.000000e+00,0.000000e+00,0.000000e+00
4.000198e-03,9.381682e+02,1.481069e+02,6.293372e+02,1.086275e+03,-4.569380e+02,7.103332e+02,-8.099600e+01,6.293372e+02,0.000000e+00,7.103332e+02,0.000000e+00,-8.099600e+01,0.000000e+00,0.000000e+00,-4.526642e-03,0.000000e+00,0.000000e+00,0.000000e+00,0.000000e+00
4.010595e-03,9.443692e+02,1.492122e+02,6.338545e+02,1.093581e+03,-4.597270e+02,7.152308e+02,-8.137636e+01,6.338545e+02,0.000000e+00,7.152308e+02,0.000000e+00,-8.137636e+01,0.000000e+00,0.000000e+00,-4.544299e-03,0.000000e+00,0.000000e+00,0.000000e+00,0.000000e+00
4.020990e-03,9.506466e+02,1.503797e+02,6.384300e+02,1.101026e+03,-4.625964e+02,7.202025e+02,-8.177251e+01,6.384300e+02,0.000000e+00,7.202025e+02,0.000000e+00,-8.177251e+01,0.000000e+00,0.000000e+00,-4.561976e-03,0.000000e+00,0.000000e+00,0.000000e+00,0.000000e+00
4.030345e-03,9.563398e+02,1.514488e+02,6.425757e+02,1.107789e+03,-4.652128e+02,7.247129e+02,-8.213719e+01,6.425757e+02,0.000000e+00,7.247129e+02,0.000000e+00,-8.213719e+01,0.000000e+00,0.000000e+00,-4.577904e-03,0.000000e+00,0.000000e+00,0.000000e+00,0.000000e+00
4.040738e-03,9.626855e+02,1.526607e+02,6.472157e+02,1.115346e+03,-4.681306e+02,7.297556e+02,-8.253995e+01,6.472157e+02,0.000000e+00,7.297556e+02,0.000000e+00,-8.253995e+01,0.000000e+00,0.000000e+00,-4.595621e-03,0.000000e+00,0.000000e+00,0.000000e+00,0.000000e+00
4.050092e-03,9.684691e+02,1.537732e+02,6.514016e+02,1.122242e+03,-4.708407e+02,7.343059e+02,-8.290426e+01,6.514016e+02,0.000000e+00,7.343059e+02,0.000000e+00,-8.290426e+01,0.000000e+00,0.000000e+00,-4.611584e-03,0.000000e+00,0.000000e+00,0.000000e+00,0.000000e+00
4.060483e-03,9.749121e+02,1.549832e+02,6.560602e+02,1.129895e+03,-4.738351e+02,7.393636e+02,-8.330335e+01,6.560602e+02,0.000000e+00,7.393636e+02,0.000000e+00,-8.330335e+01,0.000000e+00,0.000000e+00,-4.629342e-03,0.000000e+00,0.000000e+00,0.000000e+00,0.000000e+00
4.070874e-03,9.813585e+02,1.562645e+02,6.607560e+02,1.137623e+03,-4.768670e+02,7.444646e+02,-8.370859e+01,6.607560e+02,0.000000e+00,7.444646e+02,0.000000e+00,-8.370859e+01,0.000000e+00,0.000000e+00,-4.647121e-03,0.000000e+00,0.000000e+00,0.000000e+00,0.000000e+00
4.080225e-03,9.871721e+02,1.574267e+02,6.650399e+02,1.144599e+03,-4.795589e+02,7.491215e+02,-8.408163e+01,6.650399e+02,0.000000e+00,7.491215e+02,0.000000e+00,-8.408163e+01,0.000000e+00,0.000000e+00,-4.663139e-03,0.000000e+00,0.000000e+00,0.000000e+00,0.000000e+00
4.090613e-03,9.936717e+02,1.587328e+02,6.698584e+02,1.152405e+03,-4.825461e+02,7.543628e+02,-8.450443e+01,6.698584e+02,0.000000e+00,7.543628e+02,0.000000e+00,-8.450443e+01,0.000000e+00,0.000000e+00,-4.680958e-03,0.000000e+00,0.000000e+00,0.000000e+00,0.000000e+00
4.101001e-03,1.000161e+03,1.601016e+02,6.747361e+02,1.160262e+03,-4.855261e+02,7.596703e+02,-8.493424e+01,6.747361e+02,0.000000e+00,7.596703e+02,0.000000e+00,-8.493424e+01,0.000000e+00,0.000000e+00,-4.698797e-03,0.000000e+00,0.000000e+00,0.000000e+00,0.000000e+00
4.110349e-03,1.005971e+03,1.614310e+02,6.791717e+02,1.167402e+03,-4.882306e+02,7.644998e+02,-8.532810e+01,6.791717e+02,0.000000e+00,7.644998e+02,0.000000e+00,-8.532810e+01,0.000000e+00,0.000000e+00,-4.714871e-03,0.000000e+00,0.000000e+00,0.000000e+00,0.000000e+00
4.120735e-03,1.012442e+03,1.629110e+02,6.841263e+02,1.175353e+03,-4.912271e+02,7.698951e+02,-8.576881e+01,6.841263e+02,0.000000e+00,7.698951e+02,0.000000e+00,-8.576881e+01,0.000000e+00,0.000000e+00,-4.732749e-03,0.000000e+00,0.000000e+00,0.000000e+00,0.000000e+00
4.130080e-03,1.018299e+03,1.641318e+02,6.885398e+02,1.182431e+03,-4.938910e+02,7.746979e+02,-8.615808e+01,6.885398e+02,0.000000e+00,7.746979e+02,0.000000e+00,-8.615808e+01,0.000000e+00,0.000000e+00,-4.748856e-03,0.000000e+00,0.000000e+00,0.000000e+00,0.000000e+00
4.140463e-03,1.024849e+03,1.654495e+02,6.933548e+02,1.190299e+03,-4.969441e+02,7.799424e+02,-8.658760e+01,6.933548e+02,0.000000e+00,7.799424e+02,0.000000e+00,-8.658760e+01,0.000000e+00,0.000000e+00,-4.766772e-03,0.000000e+00,0.000000e+00,0.000000e+00,0.000000e+00
4.150844e-03,1.031436e+03,1.667145e+02,6.981369e+02,1.198151e+03,-5.000141e+02,7.851583e+02,-8.702144e+01,6.981369e+02,0.000000e+00,7.851583e+02,0.000000e+00,-8.702144e+01,0.000000e+00,0.000000e+00,-4.784708e-03,0.000000e+00,0.000000e+00,0.000000e+00,0.000000e+00
4.160185e-03,1.037369e+03,1.679045e+02,7.024430e+02,1.205274e+03,-5.028309e+02,7.898607e+02,-8.741775e+01,7.024430e+02,0.000000e+00,7.898607e+02,0.000000e+00,-8.741775e+01,0.000000e+00,0.000000e+00,-4.800868e-03,0.000000e+00,0.000000e+00,0.000000e+00,0.000000e+00
4.170564e-03,1.044031e+03,1.692051e+02,7.072519e+02,1.213236e+03,-5.059842e+02,7.951159e+02,-8.786407e+01,7.072519e+02,0.000000e+00,7.951159e+02,0.000000e+00,-8.786407e+01,0.000000e+00,0.000000e+00,-4.818842e-03,0.000000e+00,0.000000e+00,0.000000e+00,0.000000e+00
4.180941e-03,1.050690e+03,1.705163e+02,7.120887e+02,1.221206e+03,-5.091171e+02,8.004011e+02,-8.831244e+01,7.120887e+02,0.000000e+00,8.004011e+02,0.000000e+00,-8.831244e+01,0.000000e+00,0.000000e+00,-4.836836e-03,0.000000e+00,0.000000e+00,0.000000e+00,0.000000e+00
4.190279e-03,1.056697e+03,1.716975e+02,7.164767e+02,1.228394e+03,-5.119177e+02,8.052031e+02,-8.872634e+01,7.164767e+02,0.000000e+00,8.052031e+02,0.000000e+00,-8.872634e+01,0.000000e+00,0.000000e+00,-4.853047e-03,0.000000e+00,0.000000e+00,0.000000e+00,0.000000e+00
4.200653e-03,1.063399e+03,1.730369e+02,7.213717e+02,1.236436e+03,-5.150646e+02,8.105637e+02,-8.919193e+01,7.213717e+02,0.000000e+00,8.105637e+02,0.000000e+00,-8.919193e+01,0.000000e+00,0.000000e+00,-4.871078e-03,0.000000e+00,0.000000e+00,0.000000e+00,0.000000e+00
4.211026e-03,1.070193e+03,1.742055e+02,7.262611e+02,1.244398e+03,-5.181373e+02,8.159067e+02,-8.964557e+01,7.262611e+02,0.000000e+00,8.159067e+02,0.000000e+00,-8.964557e+01,0.000000e+00,0.000000e+00,-4.889130e-03,0.000000e+00,0.000000e+00,0.000000e+00,0.000000e+00
4.220360e-03,1.075707e+03,1.751461e+02,7.308029e+02,1.250853e+03,-5.200499e+02,8.208588e+02,-9.005593e+01,7.308029e+02,0.000000e+00,8.208588e+02,0.000000e+00,-9.005593e+01,0.000000e+00,0.000000e+00,-4.905393e-03,0.000000e+00,0.000000e+00,0.000000e+00,0.000000e+00
4.230730e-03,1.081812e+03,1.763070e+02,7.359317e+02,1.258119e+03,-5.221877e+02,8.264387e+02,-9.050701e+01,7.359317e+02,0.000000e+00,8.264387e+02,0.000000e+00,-9.050701e+01,0.000000e+00,0.000000e+00,-4.923482e-03,0.000000e+00,0.000000e+00,0.000000e+00,0.000000e+00
4.240062e-03,1.087620e+03,1.775247e+02,7.405255e+02,1.265144e+03,-5.246187e+02,8.314216e+02,-9.089604e+01,7.405255e+02,0.000000e+00,8.314216e+02,0.000000e+00,-9.089604e+01,0.000000e+00,0.000000e+00,-4.939779e-03,0.000000e+00,0.000000e+00,0.000000e+00,0.000000e+00
4.250429e-03,1.094086e+03,1.786499e+02,7.456450e+02,1.272736e+03,-5.270907e+02,8.369425e+02,-9.129757e+01,7.456450e+02,0.000000e+00,8.369425e+02,0.000000e+00,-9.129757e+01,0.000000e+00,0.000000e+00,-4.957905e-03,0.000000e+00,0.000000e+00,0.000000e+00,0.000000e+00
4.260795e-03,1.100730e+03,1.796322e+02,7.507606e+02,1.280363e+03,-5.296020e+02,8.424525e+02,-9.169182e+01,7.507606e+02,0.000000e+00,8.424525e+02,0.000000e+00,-9.169182e+01,0.000000e+00,0.000000e+00,-4.976050e-03,0.000000e+00,0.000000e+00,0.000000e+00,0.000000e+00
4.270123e-03,1.106689e+03,1.805097e+02,7.553382e+02,1.287199e+03,-5.318608e+02,8.473810e+02,-9.204278e+01,7.553382e+02,0.000000e+00,8.473810e+02,0.000000e+00,-9.204278e+01,0.000000e+00,0.000000e+00,-4.992398e-03,0.000000e+00,0.000000e+00,0.000000e+00,0.000000e+00
4.280486e-03,1.113448e+03,1.812369e+02,7.603758e+02,1.294685e+03,-5.343088e+02,8.527830e+02,-9.240720e+01,7.603758e+02,0.000000e+00,8.527830e+02,0.000000e+00,-9.240720e+01,0.000000e+00,0.000000e+00,-5.010581e-03,0.000000e+00,0.000000e+00,0.000000e+00,0.000000e+00
4.290848e-03,1.120164e+03,1.821312e+02,7.653939e+02,1.302295e+03,-5.369011e+02,8.581656e+02,-9.277169e+01,7.653939e+02,0.000000e+00,8.581656e+02,0.000000e+00,-9.277169e+01,0.000000e+00,0.000000e+00,-5.028784e-03,0.000000e+00,0.000000e+00,0.000000e+00,0.000000e+00
4.300173e-03,1.126246e+03,1.830012e+02,7.698929e+02,1.309247e+03,-5.393539e+02,8.629985e+02,-9.310559e+01,7.698929e+02,0.000000e+00,8.629985e+02,0.000000e+00,-9.310559e+01,0.000000e+00,0.000000e+00,-5.045184e-03,0.000000e+00,0.000000e+00,0.000000e+00,0.000000e+00
4.310533e-03,1.132992e+03,1.839614e+02,7.749522e+02,1.316953e+03,-5.420011e+02,8.684193e+02,-9.346706e+01,7.749522e+02,0.000000e+00,8.684193e+02,0.000000e+00,-9.346706e+01,0.000000e+00,0.000000e+00,-5.063425e-03,0.000000e+00,0.000000e+00,0.000000e+00,0.000000e+00
4.320892e-03,1.139787e+03,1.848479e+02,7.800367e+02,1.324634e+03,-5.445976e+02,8.738630e+02,-9.382629e+01,7.800367e+02,0.000000e+00,8.738630e+02,0.000000e+00,-9.382629e+01,0.000000e+00,0.000000e+00,-5.081686e-03,0.000000e+00,0.000000e+00,0.000000e+00,0.000000e+00
4.330214e-03,1.145943e+03,1.857384e+02,7.846379e+02,1.331681e+03,-5.470436e+02,8.788025e+02,-9.416457e+01,7.846379e+02,0.000000e+00,8.788025e+02,0.000000e+00,-9.416457e+01,0.000000e+00,0.000000e+00,-5.098137e-03,0.000000e+00,0.000000e+00,0.000000e+00,0.000000e+00
4.340570e-03,1.152765e+03,1.868525e+02,7.897540e+02,1.339617e+03,-5.498635e+02,8.842929e+02,-9.453897e+01,7.897540e+02,0.000000e+00,8.842929e+02,0.000000e+00,-9.453897e+01,0.000000e+00,0.000000e+00,-5.116435e-03,0.000000e+00,0.000000e+00,0.000000e+00,0.000000e+00
4.350925e-03,1.159637e+03,1.879568e+02,7.948068e+02,1.347593e+03,-5.527867e+02,8.896982e+02,-9.489141e+01,7.948068e+02,0.000000e+00,8.896982e+02,0.000000e+00,-9.489141e+01,0.000000e+00,0.000000e+00,-5.134752e-03,0.000000e+00,0.000000e+00,0.000000e+00,0.000000e+00
4.360244e-03,1.165824e+03,1.892092e+02,7.992358e+02,1.355033e+03,-5.557973e+02,8.944402e+02,-9.520443e+01,7.992358e+02,0.000000e+00,8.944402e+02,0.000000e+00,-9.520443e+01,0.000000e+00,0.000000e+00,-5.151256e-03,0.000000e+00,0.000000e+00,0.000000e+00,0.000000e+00
4.370597e-03,1.172783e+03,1.897750e+02,8.040471e+02,1.362558e+03,-5.585112e+02,8.995999e+02,-9.555276e+01,8.040471e+02,0.000000e+00,8.995999e+02,0.000000e+00,-9.555276e+01,0.000000e+00,0.000000e+00,-5.169612e-03,0.000000e+00,0.000000e+00,0.000000e+00,0.000000e+00
4.380949e-03,1.179701e+03,1.908456e+02,8.089547e+02,1.370547e+03,-5.615920e+02,9.048559e+02,-9.590121e+01,8.089547e+02,0.000000e+00,9.048559e+02,0.000000e+00,-9.590121e+01,0.000000e+00,0.000000e+00,-5.187988e-03,0.000000e+00,0.000000e+00,0.000000e+00,0.000000e+00
4.390266e-03,1.185876e+03,1.922062e+02,8.134104e+02,1.378082e+03,-5.646721e+02,9.096327e+02,-9.622232e+01,8.134104e+02,0.000000e+00,9.096327e+02,0.000000e+00,-9.622232e+01,0.000000e+00,0.000000e+00,-5.204544e-03,0.000000e+00,0.000000e+00,0.000000e+00,0.000000e+00
4.400617e-03,1.192906e+03,1.931372e+02,8.183656e+02,1.386044e+03,-5.676781e+02,9.149351e+02,-9.656945e+01,8.183656e+02,0.000000e+00,9.149351e+02,0.000000e+00,-9.656945e+01,0.000000e+00,0.000000e+00,-5.222959e-03,0.000000e+00,0.000000e+00,0.000000e+00,0.000000e+00
4.410966e-03,1.199957e+03,1.938884e+02,8.233422e+02,1.393845e+03,-5.705028e+02,9.202692e+02,-9.692693e+01,8.233422e+02,0.000000e+00,9.202692e+02,0.000000e+00,-9.692693e+01,0.000000e+00,0.000000e+00,-5.241393e-03,0.000000e+00,0.000000e+00,0.000000e+00,0.000000e+00
4.420280e-03,1.206297e+03,1.952032e+02,8.278345e+02,1.401500e+03,-5.736658e+02,9.250779e+02,-9.724343e+01,8.278345e+02,0.000000e+00,9.250779e+02,0.000000e+00,-9.724343e+01,0.000000e+00,0.000000e+00,-5.258000e-03,0.000000e+00,0.000000e+00,0.000000e+00,0.000000e+00
4.430627e-03,1.213393e+03,1.957790e+02,8.328399e+02,1.409172e+03,-5.763326e+02,9.304238e+02,-9.758392e+01,8.328399e+02,0.000000e+00,9.304238e+02,0.000000e+00,-9.758392e+01,0.000000e+00,0.000000e+00,-5.276471e-03,0.000000e+00,0.000000e+00,0.000000e+00,0.000000e+00
4.440973e-03,1.220514e+03,1.972108e+02,8.378841e+02,1.417725e+03,-5.798405e+02,9.358080e+02,-9.792390e+01,8.378841e+02,0.000000e+00,9.358080e+02,0.000000e+00,-9.792390e+01,0.000000e+00,0.000000e+00,-5.294961e-03,0.000000e+00,0.000000e+00,0.000000e+00,0.000000e+00
4.450282e-03,1.227065e+03,1.976399e+02,8.424107e+02,1.424705e+03,-5.822944e+02,9.406431e+02,-9.823238e+01,8.424107e+02,0.000000e+00,9.406431e+02,0.000000e+00,-9.823238e+01,0.000000e+00,0.000000e+00,-5.311617e-03,0.000000e+00,0.000000e+00,0.000000e+00,0.000000e+00
4.460625e-03,1.234177e+03,1.987685e+02,8.474551e+02,1.432946e+03,-5.854907e+02,9.460189e+02,-9.856379e+01,8.474551e+02,0.000000e+00,9.460189e+02,0.000000e+00,-9.856379e+01,0.000000e+00,0.000000e+00,-5.330142e-03,0.000000e+00,0.000000e+00,0.000000e+00,0.000000e+00
4.470965e-03,1.241327e+03,1.998752e+02,8.525285e+02,1.441203e+03,-5.886740e+02,9.514376e+02,-9.890903e+01,8.525285e+02,0.000000e+00,9.514376e+02,0.000000e+00,-9.890903e+01,0.000000e+00,0.000000e+00,-5.348685e-03,0.000000e+00,0.000000e+00,0.000000e+00,0.000000e+00
4.480270e-03,1.247837e+03,2.007295e+02,8.571365e+02,1.448567e+03,-5.914304e+02,9.563590e+02,-9.922254e+01,8.571365e+02,0.000000e+00,9.563590e+02,0.000000e+00,-9.922254e+01,0.000000e+00,0.000000e+00,-5.365389e-03,0.000000e+00,0.000000e+00,0.000000e+00,0.000000e+00
4.490607e-03,1.255098e+03,2.023632e+02,8.622253e+02,1.457461e+03,-5.952354e+02,9.617993e+02,-9.957401e+01,8.622253e+02,0.000000e+00,9.617993e+02,0.000000e+00,-9.957401e+01,0.000000e+00,0.000000e+00,-5.383966e-03,0.000000e+00,0.000000e+00,0.000000e+00,0.000000e+00
4.500943e-03,1.262428e+03,2.030465e+02,8.673126e+02,1.465474e+03,-5.981616e+02,9.672408e+02,-9.992819e+01,8.673126e+02,0.000000e+00,9.672408e+02,0.000000e+00,-9.992819e+01,0.000000e+00,0.000000e+00,-5.402562e-03,0.000000e+00,0.000000e+00,0.000000e+00,0.000000e+00
4.510243e-03,1.268999e+03,2.043807e+02,8.719679e+02,1.473380e+03,-6.014118e+02,9.722214e+02,-1.002535e+02,8.719679e+02,0.000000e+00,9.722214e+02,0.000000e+00,-1.002535e+02,0.000000e+00,0.000000e+00,-5.419313e-03,0.000000e+00,0.000000e+00,0.000000e+00,0.000000e+00
4.520574e-03,1.276331e+03,2.055668e+02,8.771999e+02,1.481898e+03,-6.046977e+02,9.778164e+02,-1.006165e+02,8.771999e+02,0.000000e+00,9.778164e+02,0.000000e+00,-1.006165e+02,0.000000e+00,0.000000e+00,-5.437942e-03,0.000000e+00,0.000000e+00,0.000000e+00,0.000000e+00
4.530904e-03,1.283711e+03,2.067135e+02,8.824486e+02,1.490425e+03,-6.079763e+02,9.834355e+02,-1.009868e+02,8.824486e+02,0.000000e+00,9.834355e+02,0.000000e+00,-1.009868e+02,0.000000e+00,0.000000e+00,-5.456589e-03,0.000000e+00,0.000000e+00,0.000000e+00,0.000000e+00
4.540198e-03,1.290328e+03,2.084153e+02,8.871885e+02,1.498743e+03,-6.115547e+02,9.885031e+02,-1.013146e+02,8.871885e+02,0.000000e+00,9.885031e+02,0.000000e+00,-1.013146e+02,0.000000e+00,0.000000e+00,-5.473385e-03,0.000000e+00,0.000000e+00,0.000000e+00,0.000000e+00
4.550524e-03,1.297758e+03,2.089765e+02,8.925063e+02,1.506735e+03,-6.142283e+02,9.941910e+02,-1.016847e+02,8.925063e+02,0.000000e+00,9.941910e+02,0.000000e+00,-1.016847e+02,0.000000e+00,0.000000e+00,-5.492065e-03,0.000000e+00,0.000000e+00,0.000000e+00,0.000000e+00
4.560847e-03,1.305187e+03,2.104917e+02,8.978446e+02,1.515678e+03,-6.178338e+02,9.999015e+02,-1.020569e+02,8.978446e+02,0.000000e+00,9.999015e+02,0.000000e+00,-1.020569e+02,0.000000e+00,0.000000e+00,-5.510764e-03,0.000000e+00,0.000000e+00,0.000000e+00,0.000000e+00
4.570138e-03,1.311947e+03,2.116989e+02,9.025750e+02,1.523645e+03,-6.210704e+02,1.004963e+03,-1.023879e+02,9.025750e+02,0.000000e+00,1.004963e+03,0.000000e+00,-1.023879e+02,0.000000e+00,0.000000e+00,-5.527608e-03,0.000000e+00,0.000000e+00,0.000000e+00,0.000000e+00
4.580459e-03,1.319415e+03,2.127102e+02,9.078728e+02,1.532125e+03,-6.242520e+02,1.010630e+03,-1.027576e+02,9.078728e+02,0.000000e+00,1.010630e+03,0.000000e+00,-1.027576e+02,0.000000e+00,0.000000e+00,-5.546343e-03,0.000000e+00,0.000000e+00,0.000000e+00,0.000000e+00
4.590779e-03,1.326939e+03,2.140633e+02,9.132456e+02,1.541002e+03,-6.277563e+02,1.016369e+03,-1.031234e+02,9.132456e+02,0.000000e+00,1.016369e+03,0.000000e+00,-1.031234e+02,0.000000e+00,0.000000e+00,-5.565096e-03,0.000000e+00,0.000000e+00,0.000000e+00,0.000000e+00
4.600066e-03,1.333766e+03,2.152383e+02,9.181287e+02,1.549005e+03,-6.308760e+02,1.021588e+03,-1.034597e+02,9.181287e+02,0.000000e+00,1.021588e+03,0.000000e+00,-1.034597e+02,0.000000e+00,0.000000e+00,-5.581989e-03,0.000000e+00,0.000000e+00,0.000000e+00,0.000000e+00
4.610384e-03,1.341251e+03,2.167682e+02,9.235811e+02,1.558019e+03,-6.344377e+02,1.027416e+03,-1.038349e+02,9.235811e+02,0.000000e+00,1.027416e+03,0.000000e+00,-1.038349e+02,0.000000e+00,0.000000e+00,-5.600777e-03,0.000000e+00,0.000000e+00,0.000000e+00,0.000000e+00
4.620700e-03,1.348722e+03,2.182849e+02,9.291801e+02,1.567007e+03,-6.378272e+02,1.033391e+03,-1.042104e+02,9.291801e+02,0.000000e+00,1.033391e+03,0.000000e+00,-1.042104e+02,0.000000e+00,0.000000e+00,-5.619583e-03,0.000000e+00,0.000000e+00,0.000000e+00,0.000000e+00
4.631014e-03,1.356196e+03,2.197525e+02,9.347994e+02,1.575948e+03,-6.411486e+02,1.039384e+03,-1.045850e+02,9.347994e+02,0.000000e+00,1.039384e+03,0.000000e+00,-1.045850e+02,0.000000e+00,0.000000e+00,-5.638409e-03,0.000000e+00,0.000000e+00,0.000000e+00,0.000000e+00
4.640296e-03,1.362912e+03,2.210144e+02,9.398914e+02,1.583927e+03,-6.440355e+02,1.044818e+03,-1.049268e+02,9.398914e+02,0.000000e+00,1.044818e+03,0.000000e+00,-1.049268e+02,0.000000e+00,0.000000e+00,-5.655367e-03,0.000000e+00,0.000000e+00,0.000000e+00,0.000000e+00
4.650609e-03,1.370412e+03,2.227501e+02,9.455681e+02,1.593163e+03,-6.475945e+02,1.050872e+03,-1.053043e+02,9.455681e+02,0.000000e+00,1.050872e+03,0.000000e+00,-1.053043e+02,0.000000e+00,0.000000e+00,-5.674227e-03,0.000000e+00,0.000000e+00,0.000000e+00,0.000000e+00
4.660920e-03,1.378002e+03,2.241797e+02,9.512406e+02,1.602182e+03,-6.509412e+02,1.056923e+03,-1.056821e+02,9.512406e+02,0.000000e+00,1.056923e+03,0.000000e+00,-1.056821e+02,0.000000e+00,0.000000e+00,-5.693106e-03,0.000000e+00,0.000000e+00,0.000000e+00,0.000000e+00
4.670198e-03,1.384806e+03,2.256110e+02,9.563493e+02,1.610417e+03,-6.540673e+02,1.062372e+03,-1.060231e+02,9.563493e+02,0.000000e+00,1.062372e+03,0.000000e+00,-1.060231e+02,0.000000e+00,0.000000e+00,-5.710113e-03,0.000000e+00,0.000000e+00,0.000000e+00,0.000000e+00
4.680507e-03,1.392325e+03,2.271148e+02,9.620697e+02,1.619440e+03,-6.573705e+02,1.068469e+03,-1.063995e+02,9.620697e+02,0.000000e+00,1.068469e+03,0.000000e+00,-1.063995e+02,0.000000e+00,0.000000e+00,-5.729027e-03,0.000000e+00,0.000000e+00,0.000000e+00,0.000000e+00
4.690814e-03,1.399922e+03,2.281856e+02,9.677493e+02,1.628108e+03,-6.603583e+02,1.074529e+03,-1.067798e+02,9.677493e+02,0.000000e+00,1.074529e+03,0.000000e+00,-1.067798e+02,0.000000e+00,0.000000e+00,-5.747960e-03,0.000000e+00,0.000000e+00,0.000000e+00,0.000000e+00
4.700089e-03,1.406858e+03,2.296035e+02,9.728952e+02,1.636461e+03,-6.635661e+02,1.080014e+03,-1.071188e+02,9.728952e+02,0.000000e+00,1.080014e+03,0.000000e+00,-1.071188e+02,0.000000e+00,0.000000e+00,-5.765014e-03,0.000000e+00,0.000000e+00,0.000000e+00,0.000000e+00
4.710392e-03,1.414598e+03,2.312564e+02,9.786420e+02,1.645854e+03,-6.672124e+02,1.086139e+03,-1.074969e+02,9.786420e+02,0.000000e+00,1.086139e+03,0.000000e+00,-1.074969e+02,0.000000e+00,0.000000e+00,-5.783979e-03,0.000000e+00,0.000000e+00,0.000000e+00,0.000000e+00
4.720694e-03,1.422358e+03,2.326879e+02,9.844278e+02,1.655046e+03,-6.706184e+02,1.092302e+03,-1.078745e+02,9.844278e+02,0.000000e+00,1.092302e+03,0.000000e+00,-1.078745e+02,0.000000e+00,0.000000e+00,-5.802962e-03,0.000000e+00,0.000000e+00,0.000000e+00,0.000000e+00
4.730994e-03,1.430007e+03,2.343234e+02,9.902073e+02,1.664330e+03,-6.741231e+02,1.098468e+03,-1.082607e+02,9.902073e+02,0.000000e+00,1.098468e+03,0.000000e+00,-1.082607e+02,0.000000e+00,0.000000e+00,-5.821961e-03,0.000000e+00,0.000000e+00,0.000000e+00,0.000000e+00
4.740261e-03,1.436955e+03,2.354759e+02,9.954528e+02,1.672431e+03,-6.769786e+02,1.104070e+03,-1.086173e+02,9.954528e+02,0.000000e+00,1.104070e+03,0.000000e+00,-1.086173e+02,0.000000e+00,0.000000e+00,-5.839075e-03,0.000000e+00,0.000000e+00,0.000000e+00,0.000000e+00
4.750557e-03,1.444703e+03,2.371329e+02,1.001330e+03,1.681836e+03,-6.805058e+02,1.110340e+03,-1.090106e+02,1.001330e+03,0.000000e+00,1.110340e+03,0.000000e+00,-1.090106e+02,0.000000e+00,0.000000e+00,-5.858107e-03,0.000000e+00,0.000000e+00,0.000000e+00,0.000000e+00
4.760850e-03,1.452491e+03,2.387575e+02,1.007220e+03,1.691249e+03,-6.840284e+02,1.116628e+03,-1.094074e+02,1.007220e+03,0.000000e+00,1.116628e+03,0.000000e+00,-1.094074e+02,0.000000e+00,0.000000e+00,-5.877154e-03,0.000000e+00,0.000000e+00,0.000000e+00,0.000000e+00
4.770112e-03,1.459438e+03,2.408701e+02,1.012540e+03,1.700308e+03,-6.877681e+02,1.122307e+03,-1.097667e+02,1.012540e+03,0.000000e+00,1.122307e+03,0.000000e+00,-1.097667e+02,0.000000e+00,0.000000e+00,-5.894311e-03,0.000000e+00,0.000000e+00,0.000000e+00,0.000000e+00
4.780389e-03,1.467169e+03,2.424053e+02,1.018518e+03,1.709574e+03,-6.910565e+02,1.128688e+03,-1.101708e+02,1.018518e+03,0.000000e+00,1.128688e+03,0.000000e+00,-1.101708e+02,0.000000e+00,0.000000e+00,-5.913361e-03,0.000000e+00,0.000000e+00,0.000000e+00,0.000000e+00
4.790637e-03,1.474902e+03,2.440314e+02,1.024558e+03,1.718933e+03,-6.943751e+02,1.135141e+03,-1.105828e+02,1.024558e+03,0.000000e+00,1.135141e+03,0.000000e+00,-1.105828e+02,0.000000e+00,0.000000e+00,-5.932380e-03,0.000000e+00,0.000000e+00,0.000000e+00,0.000000e+00
4.800858e-03,1.482666e+03,2.455759e+02,1.030645e+03,1.728242e+03,-6.975969e+02,1.141640e+03,-1.109954e+02,1.030645e+03,0.000000e+00,1.141640e+03,0.000000e+00,-1.109954e+02,0.000000e+00,0.000000e+00,-5.951369e-03,0.000000e+00,0.000000e+00,0.000000e+00,0.000000e+00
4.810035e-03,1.489662e+03,2.472011e+02,1.036112e+03,1.736863e+03,-7.007506e+02,1.147477e+03,-1.113645e+02,1.036112e+03,0.000000e+00,1.147477e+03,0.000000e+00,-1.113645e+02,0.000000e+00,0.000000e+00,-5.968435e-03,0.000000e+00,0.000000e+00,0.000000e+00,0.000000e+00
4.820207e-03,1.497472e+03,2.489140e+02,1.042225e+03,1.746386e+03,-7.041610e+02,1.154017e+03,-1.117919e+02,1.042225e+03,0.000000e+00,1.154017e+03,0.000000e+00,-1.117919e+02,0.000000e+00,0.000000e+00,-5.987372e-03,0.000000e+00,0.000000e+00,0.000000e+00,0.000000e+00
4.830354e-03,1.505245e+03,2.513077e+02,1.048272e+03,1.756553e+03,-7.082807e+02,1.160498e+03,-1.122253e+02,1.048272e+03,0.000000e+00,1.160498e+03,0.000000e+00,-1.122253e+02,0.000000e+00,0.000000e+00,-6.006283e-03,0.000000e+00,0.000000e+00,0.000000e+00,0.000000e+00
4.840478e-03,1.513033e+03,2.526535e+02,1.054346e+03,1.765687e+03,-7.113409e+02,1.167013e+03,-1.126674e+02,1.054346e+03,0.000000e+00,1.167013e+03,0.000000e+00,-1.126674e+02,0.000000e+00,0.000000e+00,-6.025168e-03,0.000000e+00,0.000000e+00,0.000000e+00,0.000000e+00
4.850578e-03,1.520832e+03,2.546432e+02,1.060456e+03,1.775475e+03,-7.150188e+02,1.173567e+03,-1.131107e+02,1.060456e+03,0.000000e+00,1.173567e+03,0.000000e+00,-1.131107e+02,0.000000e+00,0.000000e+00,-6.044030e-03,0.000000e+00,0.000000e+00,0.000000e+00,0.000000e+00
4.860655e-03,1.528577e+03,2.569280e+02,1.066611e+03,1.785505e+03,-7.188937e+02,1.180164e+03,-1.135526e+02,1.066611e+03,0.000000e+00,1.180164e+03,0.000000e+00,-1.135526e+02,0.000000e+00,0.000000e+00,-6.062868e-03,0.000000e+00,0.000000e+00,0.000000e+00,0.000000e+00
4.870708e-03,1.536316e+03,2.585534e+02,1.072800e+03,1.794870e+03,-7.220693e+02,1.186798e+03,-1.139975e+02,1.072800e+03,0.000000e+00,1.186798e+03,0.000000e+00,-1.139975e+02,0.000000e+00,0.000000e+00,-6.081682e-03,0.000000e+00,0.000000e+00,0.000000e+00,0.000000e+00
4.880740e-03,1.544040e+03,2.606260e+02,1.079020e+03,1.804666e+03,-7.256457e+02,1.193466e+03,-1.144461e+02,1.079020e+03,0.000000e+00,1.193466e+03,0.000000e+00,-1.144461e+02,0.000000e+00,0.000000e+00,-6.100475e-03,0.000000e+00,0.000000e+00,0.000000e+00,0.000000e+00
4.890749e-03,1.551734e+03,2.626265e+02,1.085199e+03,1.814361e+03,-7.291616e+02,1.200089e+03,-1.148898e+02,1.085199e+03,0.000000e+00,1.200089e+03,0.000000e+00,-1.148898e+02,0.000000e+00,0.000000e+00,-6.119243e-03,0.000000e+00,0.000000e+00,0.000000e+00,0.000000e+00
4.900735e-03,1.559547e+03,2.645989e+02,1.091445e+03,1.824146e+03,-7.327014e+02,1.206789e+03,-1.153444e+02,1.091445e+03,0.000000e+00,1.206789e+03,0.000000e+00,-1.153444e+02,0.000000e+00,0.000000e+00,-6.137989e-03,0.000000e+00,0.000000e+00,0.000000e+00,0.000000e+00
4.910699e-03,1.567390e+03,2.665857e+02,1.097687e+03,1.833976e+03,-7.362887e+02,1.213481e+03,-1.157934e+02,1.097687e+03,0.000000e+00,1.213481e+03,0.000000e+00,-1.157934e+02,0.000000e+00,0.000000e+00,-6.156711e-03,0.000000e+00,0.000000e+00,0.000000e+00,0.000000e+00
4.920639e-03,1.575194e+03,2.691276e+02,1.103904e+03,1.844322e+03,-7.404179e+02,1.220142e+03,-1.162382e+02,1.103904e+03,0.000000e+00,1.220142e+03,0.000000e+00,-1.162382e+02,0.000000e+00,0.000000e+00,-6.175410e-03,0.000000e+00,0.000000e+00,0.000000e+00,0.000000e+00
4.930558e-03,1.583040e+03,2.707189e+02,1.110114e+03,1.853759e+03,-7.436451e+02,1.226799e+03,-1.166844e+02,1.110114e+03,0.000000e+00,1.226799e+03,0.000000e+00,-1.166844e+02,0.000000e+00,0.000000e+00,-6.194085e-03,0.000000e+00,0.000000e+00,0.000000e+00,0.000000e+00
4.940456e-03,1.590916e+03,2.728913e+02,1.116339e+03,1.863807e+03,-7.474682e+02,1.233468e+03,-1.171289e+02,1.116339e+03,0.000000e+00,1.233468e+03,0.000000e+00,-1.171289e+02,0.000000e+00,0.000000e+00,-6.212741e-03,0.000000e+00,0.000000e+00,0.000000e+00,0.000000e+00
4.950333e-03,1.598702e+03,2.750156e+02,1.122559e+03,1.873718e+03,-7.511595e+02,1.240132e+03,-1.175730e+02,1.122559e+03,0.000000e+00,1.240132e+03,0.000000e+00,-1.175730e+02,0.000000e+00,0.000000e+00,-6.231375e-03,0.000000e+00,0.000000e+00,0.000000e+00,0.000000e+00
4.960189e-03,1.606570e+03,2.771820e+02,1.128828e+03,1.883752e+03,-7.549237e+02,1.246846e+03,-1.180181e+02,1.128828e+03,0.000000e+00,1.246846e+03,0.000000e+00,-1.180181e+02,0.000000e+00,0.000000e+00,-6.249990e-03,0.000000e+00,0.000000e+00,0.000000e+00,0.000000e+00
4.970026e-03,1.614417e+03,2.796963e+02,1.135107e+03,1.894113e+03,-7.590060e+02,1.253566e+03,-1.184587e+02,1.135107e+03,0.000000e+00,1.253566e+03,0.000000e+00,-1.184587e+02,0.000000e+00,0.000000e+00,-6.268586e-03,0.000000e+00,0.000000e+00,0.000000e+00,0.000000e+00
4.980823e-03,1.623047e+03,2.820006e+02,1.142048e+03,1.905047e+03,-7.629997e+02,1.260990e+03,-1.189424e+02,1.142048e+03,0.000000e+00,1.260990e+03,0.000000e+00,-1.189424e+02,0.000000e+00,0.000000e+00,-6.289018e-03,0.000000e+00,0.000000e+00,0.000000e+00,0.000000e+00
4.990618e-03,1.630918e+03,2.841435e+02,1.148386e+03,1.915062e+03,-7.666760e+02,1.267768e+03,-1.193817e+02,1.148386e+03,0.000000e+00,1.267768e+03,0.000000e+00,-1.193817e+02,0.000000e+00,0.000000e+00,-6.307573e-03,0.000000e+00,0.000000e+00,0.000000e+00,0.000000e+00
5.000393e-03,1.638810e+03,2.865913e+02,1.154762e+03,1.925401e+03,-7.706395e+02,1.274580e+03,-1.198184e+02,1.154762e+03,0.000000e+00,1.274580e+03,0.000000e+00,-1.198184e+02,0.000000e+00,0.000000e+00,-6.326110e-03,0.000000e+00,0.000000e+00,0.000000e+00,0.000000e+00
5.010150e-03,1.646690e+03,2.886330e+02,1.161162e+03,1.935323e+03,-7.741610e+02,1.281416e+03,-1.202533e+02,1.161162e+03,0.000000e+00,1.281416e+03,0.000000e+00,-1.202533e+02,0.000000e+00,0.000000e+00,-6.344628e-03,0.000000e+00,0.000000e+00,0.000000e+00,0.000000e+00
5.020860e-03,1.655451e+03,2.909645e+02,1.168090e+03,1.946415e+03,-7.783254e+02,1.288801e+03,-1.207116e+02,1.168090e+03,0.000000e+00,1.288801e+03,0.000000e+00,-1.207116e+02,0.000000e+00,0.000000e+00,-6.364978e-03,0.000000e+00,0.000000e+00,0.000000e+00,0.000000e+00
5.030578e-03,1.663290e+03,2.932566e+02,1.174288e+03,1.956547e+03,-7.822594e+02,1.295386e+03,-1.210986e+02,1.174288e+03,0.000000e+00,1.295386e+03,0.000000e+00,-1.210986e+02,0.000000e+00,0.000000e+00,-6.383461e-03,0.000000e+00,0.000000e+00,0.000000e+00,0.000000e+00
5.040277e-03,1.671215e+03,2.955213e+02,1.180583e+03,1.966736e+03,-7.861531e+02,1.302076e+03,-1.214928e+02,1.180583e+03,0.000000e+00,1.302076e+03,0.000000e+00,-1.214928e+02,0.000000e+00,0.000000e+00,-6.401927e-03,0.000000e+00,0.000000e+00,0.000000e+00,0.000000e+00
