{
  "Commit": "4d6e634",
  "step count": 62406,
  "node count": 472,
  "elem count": 426,
  "final_time": 0.010000043461057,
  "E_total": 36710.654279236827279,
  "E_kin": 112.630008587617425,
  "E_int": 36598.024270649206301,
  "u_L2": 0.137025004408620,
  "u_max": 0.009699354899401,
  "threads_used": 1
}
