{
  "Commit": "ea1a55b",
  "step count": 46751,
  "node count": 5824,
  "elem count": 4641,
  "final_time": 0.010000004182670,
  "E_total": 117904.665464030738804,
  "E_kin": 35.220928490225241,
  "E_int": 117869.444535540518700,
  "u_L2": 1.376693380265081,
  "u_max": 0.032527943676313,
  "threads_used": 1
}
