{
  "Commit": "e9ebca0",
  "step count": 20,
  "node count": 1964,
  "elem count": 8828,
  "final_time": 0.000010405273498,
  "E_total": 30.252781542482538,
  "E_kin": 11.346422647515123,
  "E_int": 18.906358894967415,
  "u_L2": 0.000700266137917,
  "u_max": 0.000036531017340,
  "threads_used": 1
}
